waypoint_index,elapsed_seconds,delta_seconds,speed_kmh,x,y,z
1,3.199999999999993,3.199999999999993,34.27020263671875,-289.4931335449219,407.9544677734375,0.0
2,3.9499999999999904,0.7499999999999973,45.316419982910155,-290.13897705078125,409.8473205566406,0.0
3,4.09999999999999,0.14999999999999947,47.490260696411134,-290.7847900390625,411.74017333984375,0.0
4,4.249999999999989,0.14999999999999947,49.65235633850098,-291.4306335449219,413.633056640625,0.0
5,4.399999999999989,0.14999999999999947,51.802724075317386,-292.0764465332031,415.5259094238281,0.0
6,4.549999999999988,0.14999999999999947,53.9413948059082,-292.7222900390625,417.41876220703125,0.0
7,4.649999999999988,0.09999999999999964,55.3606876373291,-293.36810302734375,419.3116149902344,0.0
8,4.799999999999987,0.14999999999999947,57.47991943359375,-294.0139465332031,421.2044677734375,0.0
9,4.899999999999987,0.09999999999999964,58.88627243041992,-294.6597595214844,423.0973205566406,0.0
10,5.0499999999999865,0.14999999999999947,60.98610992431641,-295.30560302734375,424.99017333984375,0.0
11,5.149999999999986,0.09999999999999964,62.37956771850586,-295.951416015625,426.883056640625,0.0
12,5.249999999999986,0.09999999999999964,63.76787567138672,-296.5972595214844,428.7759094238281,0.0
13,5.399999999999985,0.14999999999999947,65.84070053100587,-297.2430725097656,430.66876220703125,0.0
14,5.499999999999985,0.09999999999999964,67.2161750793457,-297.888916015625,432.5616149902344,0.0
15,5.5999999999999845,0.09999999999999964,68.58652725219727,-298.53472900390625,434.4544677734375,0.0
16,5.699999999999984,0.09999999999999964,69.95176391601562,-299.1805725097656,436.3473205566406,0.0
17,5.799999999999984,0.09999999999999964,71.31189193725587,-299.8263854980469,438.24017333984375,0.0
18,5.8999999999999835,0.09999999999999964,72.66692504882813,-300.41998291015625,439.97998046875,0.0
19,5.999999999999983,0.09999999999999964,74.01691131591797,-301.0658264160156,441.8728332519531,0.0
20,6.099999999999983,0.09999999999999964,75.36185073852539,-301.7116394042969,443.76568603515625,0.0
21,6.199999999999982,0.09999999999999964,76.70175704956056,-302.35748291015625,445.6585388183594,0.0
22,6.249999999999982,0.04999999999999982,77.36982879638673,-303.0032958984375,447.5513916015625,0.0
23,6.349999999999982,0.09999999999999964,78.70223693847656,-303.6491394042969,449.44427490234375,0.0
24,6.4499999999999815,0.09999999999999964,80.02968063354493,-304.2949523925781,451.3371276855469,0.0
25,6.549999999999981,0.09999999999999964,81.35216674804688,-304.9407958984375,453.22998046875,0.0
26,6.649999999999981,0.09999999999999964,82.6697364807129,-305.58660888671875,455.1228332519531,0.0
27,6.699999999999981,0.04999999999999982,83.32667083740235,-306.2324523925781,457.01568603515625,0.0
28,6.79999999999998,0.09999999999999964,84.63682479858399,-306.8782653808594,458.9085388183594,0.0
29,6.89999999999998,0.09999999999999964,85.94215164184571,-307.52410888671875,460.8013916015625,0.0
30,6.99999999999998,0.09999999999999964,87.24255523681641,-308.169921875,462.6942443847656,0.0
31,7.049999999999979,0.04999999999999982,87.89094772338868,-308.8157653808594,464.5871276855469,0.0
32,7.149999999999981,0.10000000000000142,89.18405227661133,-309.4615783691406,466.47998046875,0.0
33,7.1999999999999815,0.05000000000000071,89.82875061035156,-310.10736083984375,468.37286376953125,0.0
34,7.299999999999983,0.10000000000000142,91.11416473388672,-310.746337890625,470.26800537109375,0.0
35,7.399999999999984,0.10000000000000142,92.39435348510743,-311.374267578125,472.1669006347656,0.0
36,7.449999999999985,0.05000000000000071,93.03248748779298,-311.9910583496094,474.06939697265625,0.0
37,7.5499999999999865,0.10000000000000142,94.30480041503907,-312.5967712402344,475.9754638671875,0.0
38,7.599999999999987,0.05000000000000071,94.938924407959,-313.1913146972656,477.88507080078125,0.0
39,7.699999999999989,0.10000000000000142,96.20333404541016,-313.7746887207031,479.798095703125,0.0
40,7.749999999999989,0.05000000000000071,96.83346176147461,-314.3468933105469,481.7144775390625,0.0
41,7.849999999999991,0.10000000000000142,98.0899269104004,-314.90789794921875,483.6341857910156,0.0
42,7.8999999999999915,0.05000000000000071,98.71604461669922,-315.4576721191406,485.55712890625,0.0
43,7.999999999999993,0.10000000000000142,99.96438674926758,-315.9962158203125,487.4832458496094,0.0
44,8.049999999999994,0.05000000000000071,100.58635025024414,-316.52349853515625,489.4124755859375,0.0
45,8.099999999999994,0.05000000000000071,101.20711212158203,-317.03948974609375,491.34478759765625,0.0
46,8.199999999999996,0.10000000000000142,102.44385681152345,-317.544189453125,493.280029296875,0.0
47,8.249999999999996,0.05000000000000071,103.05981903076172,-318.03759765625,495.2182312011719,0.0
48,8.349999999999998,0.10000000000000142,104.28752746582032,-318.5196533203125,497.1592712402344,0.0
49,8.399999999999999,0.05000000000000071,104.89880676269532,-318.9903869628906,499.10308837890625,0.0
50,8.45,0.05000000000000071,105.5088363647461,-319.4497375488281,501.0495910644531,0.0
51,8.55,0.10000000000000142,106.72346420288086,-319.8977355957031,502.998779296875,0.0
52,8.600000000000001,0.05000000000000071,107.328076171875,-320.3343200683594,504.9505615234375,0.0
53,8.650000000000002,0.05000000000000071,107.93146591186523,-320.759521484375,506.9048156738281,0.0
54,8.750000000000004,0.10000000000000142,109.13238830566407,-321.17327880859375,508.8615417480469,0.0
55,8.800000000000004,0.05000000000000071,109.73070373535157,-321.57562255859375,510.8206787109375,0.0
56,8.850000000000005,0.05000000000000071,110.32698669433594,-321.96649169921875,512.7821044921875,0.0
57,8.900000000000006,0.05000000000000071,110.91789321899414,-322.3459167480469,514.7457885742188,0.0
58,9.000000000000007,0.10000000000000142,112.0950439453125,-322.7138671875,516.7116088867188,0.0
59,9.050000000000008,0.05000000000000071,112.68046417236329,-323.0703125,518.6796264648438,0.0
60,9.100000000000009,0.05000000000000071,113.26365966796875,-323.4152526855469,520.649658203125,0.0
61,9.20000000000001,0.10000000000000142,114.42371978759766,-323.74871826171875,522.6216430664062,0.0
62,9.25000000000001,0.05000000000000071,115.00147018432618,-324.07061767578125,524.5955810546875,0.0
63,9.300000000000011,0.05000000000000071,115.57762756347657,-324.3810119628906,526.5712890625,0.0
64,9.350000000000012,0.05000000000000071,116.15247344970703,-324.678466796875,528.549072265625,0.0
65,9.450000000000014,0.10000000000000142,117.29969329833985,-324.96136474609375,530.5289916992188,0.0
66,9.500000000000014,0.05000000000000071,117.87228698730469,-325.22967529296875,532.5109252929688,0.0
67,9.550000000000015,0.05000000000000071,118.4441390991211,-325.4833984375,534.4947509765625,0.0
68,9.600000000000016,0.05000000000000071,119.01533203125,-325.7225036621094,536.4804077148438,0.0
69,9.650000000000016,0.05000000000000071,119.58590698242188,-325.947021484375,538.4677124023438,0.0
70,9.750000000000018,0.10000000000000142,120.7262191772461,-326.1568908691406,540.4566650390625,0.0
71,9.800000000000018,0.05000000000000071,121.29524230957031,-326.3521423339844,542.4471435546875,0.0
72,9.85000000000002,0.05000000000000071,121.86346893310547,-326.53271484375,544.43896484375,0.0
73,9.90000000000002,0.05000000000000071,122.43087158203126,-326.6986389160156,546.4320678710938,0.0
74,9.95000000000002,0.05000000000000071,122.99798583984375,-326.84991455078125,548.4263305664062,0.0
75,10.000000000000021,0.05000000000000071,123.56405639648438,-326.9864807128906,550.421630859375,0.0
76,10.100000000000023,0.10000000000000142,124.69319000244141,-327.1083679199219,552.4179077148438,0.0
77,10.150000000000023,0.05000000000000071,125.25619812011719,-327.215576171875,554.4150390625,0.0
78,10.200000000000024,0.05000000000000071,125.81810760498047,-327.30810546875,556.4129028320312,0.0
79,10.250000000000025,0.05000000000000071,126.37944030761719,-327.3858947753906,558.411376953125,0.0
80,10.300000000000026,0.05000000000000071,126.93957824707032,-327.4490051269531,560.410400390625,0.0
81,10.350000000000026,0.05000000000000071,127.49857635498047,-327.49737548828125,562.4097900390625,0.0
82,10.400000000000027,0.05000000000000071,128.05647583007814,-327.53106689453125,564.4094848632812,0.0
83,10.450000000000028,0.05000000000000071,128.6133041381836,-327.550048828125,566.409423828125,0.0
84,10.500000000000028,0.05000000000000071,129.16910247802736,-327.5542907714844,568.409423828125,0.0
85,10.55000000000003,0.05000000000000071,129.7243377685547,-327.5438232421875,570.4093627929688,0.0
86,10.65000000000003,0.10000000000000142,130.8297134399414,-327.5186462402344,572.4092407226562,0.0
87,10.700000000000031,0.05000000000000071,131.3801284790039,-327.478759765625,574.4088134765625,0.0
88,10.750000000000032,0.05000000000000071,131.92951354980468,-327.42413330078125,576.4080810546875,0.0
89,10.800000000000033,0.05000000000000071,132.47769012451172,-327.3548278808594,578.4068603515625,0.0
90,10.850000000000033,0.05000000000000071,133.0246307373047,-327.27081298828125,580.4050903320312,0.0
91,10.900000000000034,0.05000000000000071,133.5703903198242,-327.1720886230469,582.4026489257812,0.0
92,10.950000000000035,0.05000000000000071,134.11529846191408,-327.0586853027344,584.3994140625,0.0
93,11.000000000000036,0.05000000000000071,134.6591354370117,-326.93060302734375,586.3953247070312,0.0
94,11.050000000000036,0.05000000000000071,135.20198364257814,-326.7931823730469,588.3905639648438,0.0
95,11.100000000000037,0.05000000000000071,135.74392547607422,-326.6556701660156,590.3858032226562,0.0
96,11.150000000000038,0.05000000000000071,136.28496093750002,-326.51812744140625,592.381103515625,0.0
97,11.200000000000038,0.05000000000000071,136.8251449584961,-326.3805847167969,594.3763427734375,0.0
98,11.250000000000039,0.05000000000000071,137.36445007324218,-326.2430725097656,596.37158203125,0.0
99,11.35000000000004,0.10000000000000142,138.44027252197267,-326.10552978515625,598.3668823242188,0.0
100,11.400000000000041,0.05000000000000071,138.9766799926758,-325.9679870605469,600.3621215820312,0.0
101,11.450000000000042,0.05000000000000071,139.51198883056642,-325.8304748535156,602.357421875,0.0
102,11.500000000000043,0.05000000000000071,140.04667968750002,-325.6914367675781,604.3526000976562,0.0
103,11.550000000000043,0.05000000000000071,140.58010711669922,-325.54193115234375,606.3469848632812,0.0
104,11.600000000000044,0.05000000000000071,141.11227111816407,-325.3805236816406,608.3404541015625,0.0
105,11.650000000000045,0.05000000000000071,141.64311676025392,-325.2071838378906,610.3329467773438,0.0
106,11.700000000000045,0.05000000000000071,142.17254791259765,-325.02197265625,612.3243408203125,0.0
107,11.750000000000046,0.05000000000000071,142.7004135131836,-324.8248291015625,614.3145751953125,0.0
108,11.800000000000047,0.05000000000000071,143.2265350341797,-324.6158447265625,616.3036499023438,0.0
109,11.850000000000048,0.05000000000000071,143.75080261230468,-324.3949279785156,618.2913818359375,0.0
110,11.900000000000048,0.05000000000000071,144.2729690551758,-324.16217041015625,620.27783203125,0.0
111,11.950000000000049,0.05000000000000071,144.7928695678711,-323.91754150390625,622.2628173828125,0.0
112,12.00000000000005,0.05000000000000071,145.3102981567383,-323.6610412597656,624.2462768554688,0.0
113,12.05000000000005,0.05000000000000071,145.82503509521484,-323.3927001953125,626.2282104492188,0.0
114,12.100000000000051,0.05000000000000071,146.33681945800782,-323.112548828125,628.2084350585938,0.0
115,12.150000000000052,0.05000000000000071,146.845458984375,-322.8205261230469,630.18701171875,0.0
116,12.200000000000053,0.05000000000000071,147.35074768066406,-322.5167236328125,632.163818359375,0.0
117,12.250000000000053,0.05000000000000071,147.85247955322265,-322.2010803222656,634.1387329101562,0.0
118,12.250000000000053,0.05000000000000071,147.85247955322265,-321.8736572265625,636.1117553710938,0.0
119,12.300000000000054,0.05000000000000071,148.35053100585938,-321.5344543457031,638.082763671875,0.0
120,12.350000000000055,0.05000000000000071,148.84466857910158,-321.1834716796875,640.0517578125,0.0
121,12.400000000000055,0.05000000000000071,149.33476867675782,-320.82073974609375,642.0185546875,0.0
122,12.450000000000056,0.05000000000000071,149.82063903808594,-320.4462585449219,643.9832153320312,0.0
123,12.500000000000057,0.05000000000000071,150.3021697998047,-320.06005859375,645.945556640625,0.0
124,12.550000000000058,0.05000000000000071,150.7792510986328,-319.662109375,647.9055786132812,0.0
125,12.600000000000058,0.05000000000000071,151.25177307128908,-319.2524719238281,649.8631591796875,0.0
126,12.650000000000059,0.05000000000000071,151.71965332031252,-318.8311462402344,651.8182373046875,0.0
127,12.70000000000006,0.05000000000000071,152.18282318115234,-318.3981628417969,653.7708129882812,0.0
128,12.75000000000006,0.05000000000000071,152.64114532470703,-317.9534912109375,655.7207641601562,0.0
129,12.800000000000061,0.05000000000000071,153.09453735351562,-317.4971923828125,657.6680297851562,0.0
130,12.850000000000062,0.05000000000000071,153.54293060302734,-317.029052734375,659.6124877929688,0.0
131,12.900000000000063,0.05000000000000071,153.98627014160158,-316.5418395996094,661.5521850585938,0.0
132,12.950000000000063,0.05000000000000071,154.42450103759765,-316.03179931640625,663.486083984375,0.0
133,13.000000000000064,0.05000000000000071,154.85762329101564,-315.4990234375,665.4137573242188,0.0
134,13.050000000000065,0.05000000000000071,155.285595703125,-314.943603515625,667.3350830078125,0.0
135,13.050000000000065,0.05000000000000071,155.285595703125,-314.36553955078125,669.2496948242188,0.0
136,13.100000000000065,0.05000000000000071,155.7085968017578,-313.7650146484375,671.1574096679688,0.0
137,13.150000000000066,0.05000000000000071,156.12684631347656,-313.14202880859375,673.0579223632812,0.0
138,13.200000000000067,0.05000000000000071,156.54053649902343,-312.4966735839844,674.950927734375,0.0
139,13.250000000000068,0.05000000000000071,156.94998321533203,-311.8291015625,676.836181640625,0.0
140,13.300000000000068,0.05000000000000071,157.35559844970703,-311.13934326171875,678.7135009765625,0.0
141,13.300000000000068,0.05000000000000071,157.35559844970703,-310.42755126953125,680.58251953125,0.0
142,13.350000000000069,0.05000000000000071,157.75787658691408,-309.69378662109375,682.4430541992188,0.0
143,13.40000000000007,0.05000000000000071,158.15728454589845,-308.9381103515625,684.2947998046875,0.0
144,13.45000000000007,0.05000000000000071,158.55452270507814,-308.16070556640625,686.1375122070312,0.0
145,13.500000000000071,0.05000000000000071,158.95020904541016,-307.3616638183594,687.970947265625,0.0
146,13.550000000000072,0.05000000000000071,159.34497528076173,-306.54107666015625,689.7947998046875,0.0
147,13.600000000000072,0.05000000000000071,159.73950805664063,-305.69903564453125,691.60888671875,0.0
148,13.650000000000073,0.05000000000000071,160.13443908691406,-304.835693359375,693.4129638671875,0.0
149,13.650000000000073,0.05000000000000071,160.13443908691406,-303.951171875,695.2067260742188,0.0
150,13.700000000000074,0.05000000000000071,160.5234375,-303.04559326171875,696.9899291992188,0.0
151,13.750000000000075,0.05000000000000071,160.91450958251954,-302.1190490722656,698.7623291015625,0.0
152,13.800000000000075,0.05000000000000071,161.30746307373047,-301.17169189453125,700.5237426757812,0.0
153,13.850000000000076,0.05000000000000071,161.7024353027344,-300.20367431640625,702.2738647460938,0.0
154,13.900000000000077,0.05000000000000071,162.0997283935547,-299.215087890625,704.012451171875,0.0
155,13.950000000000077,0.05000000000000071,162.49964447021486,-298.2060852050781,705.7392578125,0.0
156,14.000000000000078,0.05000000000000071,162.9031173706055,-297.17681884765625,707.4540405273438,0.0
157,14.000000000000078,0.05000000000000071,162.9031173706055,-296.12744140625,709.1566162109375,0.0
158,14.050000000000079,0.05000000000000071,163.31084747314455,-295.0580749511719,710.8466796875,0.0
159,14.10000000000008,0.05000000000000071,163.72343902587892,-293.9797668457031,712.5310668945312,0.0
160,14.15000000000008,0.05000000000000071,164.14149627685546,-292.9014587402344,714.2155151367188,0.0
161,14.200000000000081,0.05000000000000071,164.56549987792968,-291.8224182128906,715.8994140625,0.0
162,14.250000000000082,0.05000000000000071,164.9956832885742,-290.7375793457031,717.5797119140625,0.0
163,14.300000000000082,0.05000000000000071,165.43214263916016,-289.6460266113281,719.2554931640625,0.0
164,14.350000000000083,0.05000000000000071,165.87479553222656,-288.54779052734375,720.927001953125,0.0
165,14.350000000000083,0.05000000000000071,165.87479553222656,-287.44287109375,722.5941162109375,0.0
166,14.400000000000084,0.05000000000000071,166.32338104248046,-286.331298828125,724.2567138671875,0.0
167,14.450000000000085,0.05000000000000071,166.77745971679687,-285.21307373046875,725.9149169921875,0.0
168,14.500000000000085,0.05000000000000071,167.23645477294923,-284.0882568359375,727.568603515625,0.0
169,14.550000000000086,0.05000000000000071,167.69919891357424,-282.956787109375,729.2178344726562,0.0
170,14.600000000000087,0.05000000000000071,168.16545867919922,-281.8187561035156,730.8624877929688,0.0
171,14.650000000000087,0.05000000000000071,168.634423828125,-280.6741638183594,732.5025634765625,0.0
172,14.700000000000088,0.05000000000000071,169.1052703857422,-279.52301025390625,734.1380615234375,0.0
173,14.750000000000089,0.05000000000000071,169.57732543945312,-278.3653259277344,735.7689208984375,0.0
174,14.80000000000009,0.05000000000000071,170.04991607666017,-277.20111083984375,737.3951416015625,0.0
175,14.80000000000009,0.05000000000000071,170.04991607666017,-276.0304260253906,739.0167236328125,0.0
176,14.85000000000009,0.05000000000000071,170.5224792480469,-274.8532409667969,740.633544921875,0.0
177,14.900000000000091,0.05000000000000071,170.99458923339844,-273.66961669921875,742.2457275390625,0.0
178,14.950000000000092,0.05000000000000071,171.4657928466797,-272.47955322265625,743.8531494140625,0.0
179,15.000000000000092,0.05000000000000071,171.9352798461914,-271.2830505371094,745.4557495117188,0.0
180,15.050000000000093,0.05000000000000071,172.40325622558595,-270.0801696777344,747.0535888671875,0.0
181,15.050000000000093,0.05000000000000071,172.40325622558595,-268.8708801269531,748.6466064453125,0.0
182,15.100000000000094,0.05000000000000071,172.86939239501953,-267.6552429199219,750.2347412109375,0.0
183,15.150000000000095,0.05000000000000071,173.3334686279297,-266.4332580566406,751.8179931640625,0.0
184,15.200000000000095,0.05000000000000071,173.7952651977539,-265.2049560546875,753.3963623046875,0.0
185,15.200000000000095,0.05000000000000071,173.7952651977539,-263.9703674316406,754.9698486328125,0.0
186,15.250000000000096,0.05000000000000071,174.2546173095703,-262.7294616699219,756.538330078125,0.0
187,15.300000000000097,0.05000000000000071,174.71141510009767,-261.48297119140625,758.1024169921875,0.0
188,15.350000000000097,0.05000000000000071,175.16475219726564,-260.2355041503906,759.6657104492188,0.0
189,15.400000000000098,0.05000000000000071,175.61526031494142,-258.9880676269531,761.2289428710938,0.0
190,15.450000000000099,0.05000000000000071,176.06274719238283,-257.7406005859375,762.792236328125,0.0
191,15.5000000000001,0.05000000000000071,176.50702056884765,-256.4931640625,764.3555297851562,0.0
192,15.5500000000001,0.05000000000000071,176.94801177978516,-255.24571228027344,765.9188232421875,0.0
193,15.5500000000001,0.05000000000000071,176.94801177978516,-253.99826049804688,767.4821166992188,0.0
194,15.600000000000101,0.05000000000000071,177.38551483154296,-252.7508087158203,769.04541015625,0.0
195,15.650000000000102,0.05000000000000071,177.81829376220705,-251.49908447265625,770.605224609375,0.0
196,15.700000000000102,0.05000000000000071,178.2474609375,-250.23558044433594,772.1555786132812,0.0
197,15.750000000000103,0.05000000000000071,178.67271423339844,-248.960205078125,773.6961669921875,0.0
198,15.750000000000103,0.05000000000000071,178.67271423339844,-247.67303466796875,775.2269287109375,0.0
199,15.800000000000104,0.05000000000000071,179.09399871826173,-246.37416076660156,776.7477416992188,0.0
200,15.850000000000104,0.05000000000000071,179.5112731933594,-245.0636444091797,778.258544921875,0.0
201,15.900000000000105,0.05000000000000071,179.9231369018555,-243.74156188964844,779.7592163085938,0.0
202,15.900000000000105,0.05000000000000071,179.9231369018555,-242.40798950195312,781.249755859375,0.0
203,15.950000000000106,0.05000000000000071,180.33093566894533,-241.06301879882812,782.7299194335938,0.0
204,16.000000000000107,0.05000000000000071,180.72719879150392,-239.70672607421875,784.1997680664062,0.0
205,16.000000000000107,0.05000000000000071,180.72719879150392,-238.3391876220703,785.6591796875,0.0
206,16.050000000000107,0.05000000000000071,181.1189437866211,-236.96047973632812,787.1080322265625,0.0
207,16.100000000000108,0.05000000000000071,181.50520935058594,-235.57069396972656,788.5462036132812,0.0
208,16.15000000000011,0.05000000000000071,181.8844985961914,-234.16989135742188,789.9737548828125,0.0
209,16.15000000000011,0.05000000000000071,181.8844985961914,-232.75819396972656,791.3904418945312,0.0
210,16.20000000000011,0.05000000000000071,182.2575668334961,-231.33563232421875,792.7962646484375,0.0
211,16.25000000000011,0.05000000000000071,182.62448272705078,-229.90234375,794.1911010742188,0.0
212,16.30000000000011,0.05000000000000071,182.98563079833986,-228.4583740234375,795.574951171875,0.0
213,16.35000000000011,0.05000000000000071,183.34158782958986,-227.00381469726562,796.9476318359375,0.0
214,16.35000000000011,0.05000000000000071,183.34158782958986,-225.5387725830078,798.30908203125,0.0
215,16.400000000000112,0.05000000000000071,183.69163970947267,-224.0633087158203,799.6593017578125,0.0
216,16.450000000000113,0.05000000000000071,184.03806610107424,-222.57752990722656,800.9981079101562,0.0
217,16.500000000000114,0.05000000000000071,184.38158111572267,-221.08151245117188,802.325439453125,0.0
218,16.500000000000114,0.05000000000000071,184.38158111572267,-219.57534790039062,803.6412963867188,0.0
219,16.550000000000114,0.05000000000000071,184.72303619384766,-218.05911254882812,804.945556640625,0.0
220,16.600000000000115,0.05000000000000071,185.06328277587892,-216.53292846679688,806.2380981445312,0.0
221,16.650000000000116,0.05000000000000071,185.40130462646485,-214.99685668945312,807.5189208984375,0.0
222,16.650000000000116,0.05000000000000071,185.40130462646485,-213.45098876953125,808.787841796875,0.0
223,16.700000000000117,0.05000000000000071,185.7394775390625,-211.8954315185547,810.044921875,0.0
224,16.750000000000117,0.05000000000000071,186.07818603515625,-210.33026123046875,811.2900390625,0.0
225,16.800000000000118,0.05000000000000071,186.41769104003907,-208.75558471679688,812.5230712890625,0.0
226,16.800000000000118,0.05000000000000071,186.41769104003907,-207.17147827148438,813.7439575195312,0.0
227,16.85000000000012,0.05000000000000071,186.75642700195314,-205.5780487060547,814.95263671875,0.0
228,16.90000000000012,0.05000000000000071,187.0962890625,-203.9753875732422,816.1490478515625,0.0
229,16.95000000000012,0.05000000000000071,187.4371536254883,-202.3635711669922,817.3331909179688,0.0
230,17.00000000000012,0.05000000000000071,187.7788833618164,-200.7427215576172,818.5048828125,0.0
231,17.00000000000012,0.05000000000000071,187.7788833618164,-199.11293029785156,819.6640625,0.0
232,17.05000000000012,0.05000000000000071,188.1193634033203,-197.4742889404297,820.8106689453125,0.0
233,17.100000000000122,0.05000000000000071,188.4602279663086,-195.82687377929688,821.9447021484375,0.0
234,17.150000000000123,0.05000000000000071,188.800927734375,-194.17440795898438,823.0714111328125,0.0
235,17.150000000000123,0.05000000000000071,188.800927734375,-192.52188110351562,824.197998046875,0.0
236,17.200000000000124,0.05000000000000071,189.14117431640625,-190.86936950683594,825.3245239257812,0.0
237,17.250000000000124,0.05000000000000071,189.47877044677736,-189.2168426513672,826.4511108398438,0.0
238,17.300000000000125,0.05000000000000071,189.8151580810547,-187.5643310546875,827.5776977539062,0.0
239,17.350000000000126,0.05000000000000071,190.14988403320314,-185.91180419921875,828.7042846679688,0.0
240,17.400000000000126,0.05000000000000071,190.48264617919924,-184.25848388671875,829.8297119140625,0.0
241,17.400000000000126,0.05000000000000071,190.48264617919924,-182.59414672851562,830.938720703125,0.0
242,17.450000000000127,0.05000000000000071,190.81134338378908,-180.91592407226562,832.026611328125,0.0
243,17.500000000000128,0.05000000000000071,191.13760986328126,-179.22402954101562,833.0931396484375,0.0
244,17.55000000000013,0.05000000000000071,191.46118469238283,-177.51876831054688,834.1381225585938,0.0
245,17.55000000000013,0.05000000000000071,191.46118469238283,-175.80039978027344,835.1614379882812,0.0
246,17.60000000000013,0.05000000000000071,191.7819030761719,-174.0692138671875,836.1629028320312,0.0
247,17.60000000000013,0.05000000000000071,191.7819030761719,-172.32546997070312,837.142333984375,0.0
248,17.65000000000013,0.05000000000000071,192.09806213378906,-170.5694580078125,838.099609375,0.0
249,17.70000000000013,0.05000000000000071,192.41151580810546,-168.80148315429688,839.0346069335938,0.0
250,17.70000000000013,0.05000000000000071,192.41151580810546,-167.02178955078125,839.9470825195312,0.0
251,17.75000000000013,0.05000000000000071,192.72230529785156,-165.23068237304688,840.8369750976562,0.0
252,17.800000000000132,0.05000000000000071,193.03065032958986,-163.42843627929688,841.7041015625,0.0
253,17.850000000000133,0.05000000000000071,193.33535614013672,-161.6153564453125,842.5482788085938,0.0
254,17.850000000000133,0.05000000000000071,193.33535614013672,-159.79171752929688,843.3694458007812,0.0
255,17.900000000000134,0.05000000000000071,193.6384002685547,-157.9578399658203,844.16748046875,0.0
256,17.950000000000134,0.05000000000000071,193.94009857177736,-156.11399841308594,844.9421997070312,0.0
257,18.050000000000136,0.10000000000000142,194.53894958496093,-154.36795043945312,846.057373046875,-0.7423192906426266
258,18.050000000000136,0.10000000000000142,194.53894958496093,-152.55679321289062,846.9325561523438,-0.7423192143905908
259,18.050000000000136,0.10000000000000142,194.53894958496093,-150.7034454345703,847.7677001953125,-0.7423105550697073
260,18.100000000000136,0.05000000000000071,194.83850555419923,-148.8768310546875,848.5831909179688,-0.7423179936595261
261,18.150000000000137,0.05000000000000071,195.13888549804688,-147.03807067871094,849.3896484375,-0.7423135685967281
262,18.150000000000137,0.05000000000000071,195.13888549804688,-145.18508911132812,850.1881103515625,-0.742318146280013
263,18.25000000000014,0.10000000000000142,195.74270782470703,-143.33547973632812,850.983154296875,-0.7423159718746319
264,18.25000000000014,0.10000000000000142,195.74270782470703,-141.43858337402344,851.7215576171875,-0.7423157811863348
265,18.25000000000014,0.10000000000000142,195.74270782470703,-139.54708862304688,852.4189453125,-0.7423103642649949
266,18.30000000000014,0.05000000000000071,196.04852600097658,-137.62425231933594,853.1213989257812,-0.742317802971229
267,18.35000000000014,0.05000000000000071,196.35772247314455,-135.679443359375,853.7489624023438,-0.7423150563845411
268,18.35000000000014,0.05000000000000071,196.35772247314455,-133.767578125,854.356201171875,-0.742315819254145
269,18.40000000000014,0.05000000000000071,196.67017364501953,-131.83816528320312,854.968505859375,-0.7423190617701039
270,18.45000000000014,0.05000000000000071,196.98714294433594,-129.7726287841797,855.6014404296875,-0.7423067403724417
271,18.500000000000142,0.05000000000000071,197.30913848876955,-127.6743392944336,856.1951293945312,-0.7423175740987062
272,18.550000000000143,0.05000000000000071,197.6359817504883,-125.72252655029297,856.756103515625,-0.7423189092660323
273,18.550000000000143,0.05000000000000071,197.6359817504883,-123.79461669921875,857.3106079101562,-0.7423189855180681
274,18.600000000000144,0.05000000000000071,197.9685241699219,-121.84640502929688,857.8703002929688,-0.7423187184613198
275,18.650000000000144,0.05000000000000071,198.30691680908203,-119.86144256591797,858.4368286132812,-0.7423176121665165
276,18.700000000000145,0.05000000000000071,198.65125579833986,-117.91573333740234,858.9888305664062,-0.7423183369683102
277,18.700000000000145,0.05000000000000071,198.65125579833986,-115.96150207519531,859.5438232421875,-0.7423184514045715
278,18.750000000000146,0.05000000000000071,199.0013900756836,-113.98946380615234,860.1044311523438,-0.7423180318437517
279,18.800000000000146,0.05000000000000071,199.35748443603515,-112.03289031982422,860.659423828125,-0.7423180318437517
280,18.850000000000147,0.05000000000000071,199.71944274902344,-110.06941223144531,861.21630859375,-0.7423178410390392
281,18.850000000000147,0.05000000000000071,199.71944274902344,-108.09536743164062,861.7774047851562,-0.7423177647870034
282,18.900000000000148,0.05000000000000071,200.08694915771486,-106.0878677368164,862.3458251953125,-0.7423171544214711
283,18.95000000000015,0.05000000000000071,200.45975646972656,-104.08751678466797,862.8329467773438,-0.7423136067809537
284,18.95000000000015,0.05000000000000071,200.45975646972656,-102.11485290527344,863.329833984375,-0.7423172688577324
285,19.00000000000015,0.05000000000000071,200.83768615722656,-100.10910034179688,863.835693359375,-0.7423175740987062
286,19.05000000000015,0.05000000000000071,201.2203811645508,-98.1087875366211,864.339111328125,-0.7423175740987062
287,19.10000000000015,0.05000000000000071,201.60736083984375,-96.12859344482422,864.83740234375,-0.7423174977302551
288,19.10000000000015,0.05000000000000071,201.60736083984375,-94.10589599609375,865.25390625,-0.742308952845633
289,19.15000000000015,0.05000000000000071,201.99819946289062,-92.1097412109375,865.667236328125,-0.742316811112687
290,19.200000000000152,0.05000000000000071,202.3924301147461,-90.1331787109375,866.0759887695312,-0.7423177266027778
291,19.250000000000153,0.05000000000000071,202.78961334228515,-88.09532165527344,866.4987182617188,-0.7423176885349676
292,19.250000000000153,0.05000000000000071,202.78961334228515,-86.10646057128906,866.9581298828125,-0.7423080754233524
293,19.300000000000153,0.05000000000000071,203.18929595947267,-84.1097412109375,867.43359375,-0.7423166204243898
294,19.350000000000154,0.05000000000000071,203.5909149169922,-82.13143157958984,867.9024047851562,-0.7423173452261835
295,19.350000000000154,0.05000000000000071,203.5909149169922,-80.10454559326172,868.3023071289062,-0.7423136830329895
296,19.400000000000155,0.05000000000000071,203.994140625,-78.0959701538086,868.7196044921875,-0.7423147893277928
297,19.450000000000156,0.05000000000000071,204.39845123291016,-76.13871765136719,869.1990356445312,-0.7423147893277928
298,19.500000000000156,0.05000000000000071,204.8034210205078,-74.13933563232422,869.6703491210938,-0.7423178410390392
299,19.500000000000156,0.05000000000000071,204.8034210205078,-72.14686584472656,870.1027221679688,-0.7423162771156058
300,19.600000000000158,0.10000000000000142,205.61407470703125,-70.16342163085938,870.5419311523438,-0.7423180318437517
301,19.600000000000158,0.10000000000000142,205.61407470703125,-68.16283416748047,870.9840698242188,-0.7423182607162744
302,19.65000000000016,0.05000000000000071,206.01909942626955,-66.17866516113281,871.4223022460938,-0.7423179936595261
303,19.70000000000016,0.05000000000000071,206.42357482910157,-64.20767211914062,871.8572998046875,-0.7423177647870034
304,19.70000000000016,0.05000000000000071,206.42357482910157,-62.19183349609375,872.3031005859375,-0.742317650350742
305,19.75000000000016,0.05000000000000071,206.82723999023438,-60.19862747192383,872.7432861328125,-0.7423175359144807
306,19.80000000000016,0.05000000000000071,207.23001251220703,-58.2325553894043,873.1782836914062,-0.7423173832939938
307,19.85000000000016,0.05000000000000071,207.63176879882812,-56.2407112121582,873.618408203125,-0.7423173452261835
308,19.85000000000016,0.05000000000000071,207.63176879882812,-54.22637939453125,874.0639038085938,-0.7423172307899222
309,19.900000000000162,0.05000000000000071,208.03223419189453,-52.24134063720703,874.5026245117188,-0.7423171544214711
310,19.950000000000163,0.05000000000000071,208.4314910888672,-50.24821853637695,874.9442138671875,-0.7423170399852097
311,19.950000000000163,0.05000000000000071,208.4314910888672,-48.21564865112305,875.392822265625,-0.7423169637331739
312,20.000000000000163,0.05000000000000071,208.82945709228517,-46.21809387207031,875.8348388671875,-0.7423168492969126
313,20.050000000000164,0.05000000000000071,209.22589874267578,-44.22169876098633,876.2759399414062,-0.7423167729284614
314,20.100000000000165,0.05000000000000071,209.62100830078126,-42.18745040893555,876.7252807617188,-0.7423166966764256
315,20.100000000000165,0.05000000000000071,209.62100830078126,-40.175777435302734,877.169677734375,-0.7423166204243898
316,20.150000000000166,0.05000000000000071,210.0146484375,-38.16870880126953,877.6128540039062,-0.7423165059881285
317,20.200000000000166,0.05000000000000071,210.40668182373048,-36.15973663330078,878.0563354492188,-0.7423164296196774
318,20.200000000000166,0.05000000000000071,210.40668182373048,-34.128963470458984,878.5047607421875,-0.7423163533676416
319,20.250000000000167,0.05000000000000071,210.7972595214844,-32.10663604736328,878.952880859375,-0.7423162771156058
320,20.300000000000168,0.05000000000000071,211.18624420166017,-30.08648681640625,879.3995971679688,-0.7423162389313802
321,20.35000000000017,0.05000000000000071,211.5737045288086,-28.04209327697754,879.8510131835938,-0.7423161626793444
322,20.35000000000017,0.05000000000000071,211.5737045288086,-25.999967575073242,880.3024291992188,-0.7423161244951189
323,20.40000000000017,0.05000000000000071,211.95966796875,-23.959491729736328,880.7537841796875,-0.7423160863108933
324,20.45000000000017,0.05000000000000071,212.34392852783205,-21.892118453979492,881.1619873046875,-0.7423063206952065
325,20.45000000000017,0.05000000000000071,212.34392852783205,-19.84028434753418,881.5512084960938,-0.7423151708208025
326,20.50000000000017,0.05000000000000071,212.72673339843752,-17.792442321777344,881.9407348632812,-0.742316315183416
327,20.55000000000017,0.05000000000000071,213.1078628540039,-15.7233247756958,882.3345336914062,-0.7423163915518671
328,20.55000000000017,0.05000000000000071,213.1078628540039,-13.661931037902832,882.727294921875,-0.742316315183416
329,20.600000000000172,0.05000000000000071,213.4875228881836,-11.620858192443848,883.1163940429688,-0.7423162771156058
330,20.650000000000173,0.05000000000000071,213.86583709716797,-9.57780933380127,883.5059204101562,-0.7423162007471547
331,20.700000000000173,0.05000000000000071,214.2425994873047,-7.529439926147461,883.8958129882812,-0.7423161626793444
332,20.700000000000173,0.05000000000000071,214.2425994873047,-5.476761341094971,884.2868041992188,-0.7423161244951189
333,20.750000000000174,0.05000000000000071,214.61805725097656,-3.431509017944336,884.6767578125,-0.7423160482430831
334,20.750000000000174,0.05000000000000071,214.61805725097656,-1.378775715827942,884.9990234375,-0.7423099827719852
335,20.800000000000175,0.05000000000000071,214.99210052490236,0.6551559567451477,885.3225708007812,-0.7423157048178837
336,20.850000000000176,0.05000000000000071,215.36500396728516,2.6909375190734863,885.646484375,-0.7423164296196774
337,20.900000000000176,0.05000000000000071,215.7366714477539,4.768572807312012,885.9769287109375,-0.7423163915518671
338,20.900000000000176,0.05000000000000071,215.7366714477539,6.819311141967773,886.3031616210938,-0.7423163915518671
339,20.950000000000177,0.05000000000000071,216.10736389160158,8.851128578186035,886.6261596679688,-0.742316315183416
340,21.000000000000178,0.05000000000000071,216.4772186279297,10.952326774597168,886.9524536132812,-0.742315819254145
341,21.000000000000178,0.05000000000000071,216.4772186279297,13.005718231201172,887.271728515625,-0.7423162007471547
342,21.000000000000178,0.05000000000000071,216.4772186279297,15.052348136901855,887.508544921875,-0.7423058247659355
343,21.05000000000018,0.05000000000000071,216.84612579345705,17.09379768371582,887.7367553710938,-0.7423153996933252
344,21.10000000000018,0.05000000000000071,217.2144561767578,19.140380859375,887.9671630859375,-0.7423166584922001
345,21.15000000000018,0.05000000000000071,217.58220977783205,21.152267456054688,888.193603515625,-0.7423167729284614
346,21.15000000000018,0.05000000000000071,217.58220977783205,23.175113677978516,888.4609375,-0.7423059011343867
347,21.25000000000018,0.10000000000000142,218.31663208007814,25.21249771118164,888.751220703125,-0.7423153615090996
348,21.25000000000018,0.10000000000000142,218.31663208007814,27.22637367248535,889.0358276367188,-0.7423168492969126
349,21.300000000000182,0.05000000000000071,218.68350677490236,29.2480411529541,889.3212890625,-0.7423169637331739
350,21.350000000000183,0.05000000000000071,219.05040893554687,31.306772232055664,889.6118774414062,-0.7423168873647228
351,21.350000000000183,0.05000000000000071,219.05040893554687,33.31977081298828,889.8853149414062,-0.7423121953615919
352,21.400000000000183,0.05000000000000071,219.41720123291017,35.34669494628906,890.1417236328125,-0.7423159718746319
353,21.450000000000184,0.05000000000000071,219.7841033935547,37.383201599121094,890.4027709960938,-0.7423167729284614
354,21.450000000000184,0.05000000000000071,219.7841033935547,39.406494140625,890.631103515625,-0.7423145604552701
355,21.450000000000184,0.05000000000000071,219.7841033935547,41.43008804321289,890.8630981445312,-0.7423166584922001
356,21.500000000000185,0.05000000000000071,220.15106048583985,43.449344635009766,891.0764770507812,-0.7423128057271242
357,21.550000000000185,0.05000000000000071,220.51822357177736,45.5091552734375,891.288330078125,-0.7423162389313802
358,21.550000000000185,0.05000000000000071,220.51822357177736,47.542938232421875,891.4973754882812,-0.7423167729284614
359,21.600000000000186,0.05000000000000071,220.8854965209961,49.56647491455078,891.7055053710938,-0.742316811112687
360,21.650000000000187,0.05000000000000071,221.25289306640624,51.62203598022461,891.9166259765625,-0.7423167348606512
361,21.650000000000187,0.05000000000000071,221.25289306640624,53.65696334838867,892.1266479492188,-0.7423166584922001
362,21.700000000000188,0.05000000000000071,221.62041320800782,55.68870162963867,892.334716796875,-0.7423165822401643
363,21.75000000000019,0.05000000000000071,221.9879608154297,57.75621032714844,892.5472412109375,-0.7423165059881285
364,21.75000000000019,0.05000000000000071,221.9879608154297,59.80052185058594,892.7576904296875,-0.7423164296196774
365,21.80000000000019,0.05000000000000071,222.3554672241211,61.83844757080078,892.966796875,-0.7423163533676416
366,21.85000000000019,0.05000000000000071,222.7228775024414,63.88750457763672,893.17724609375,-0.742316315183416
367,21.85000000000019,0.05000000000000071,222.7228775024414,66.03363800048828,893.397216796875,-0.7423160100588575
368,21.90000000000019,0.05000000000000071,223.09008178710937,68.09015655517578,893.5742797851562,-0.7423148275120184
369,21.95000000000019,0.05000000000000071,223.4569839477539,70.14085388183594,893.7584838867188,-0.7423161626793444
370,21.95000000000019,0.05000000000000071,223.4569839477539,72.21057891845703,893.9450073242188,-0.7423162389313802
371,22.000000000000192,0.05000000000000071,223.82354278564455,74.23670196533203,894.1272583007812,-0.7423162007471547
372,22.050000000000193,0.05000000000000071,224.18968963623047,76.30012512207031,894.3133544921875,-0.7423161626793444
373,22.050000000000193,0.05000000000000071,224.18968963623047,78.36811065673828,894.498779296875,-0.7423161244951189
374,22.100000000000193,0.05000000000000071,224.55528717041017,80.4090347290039,894.6820678710938,-0.7423160863108933
375,22.150000000000194,0.05000000000000071,224.92028045654297,82.47021484375,894.8667602539062,-0.7423160100588575
376,22.150000000000194,0.05000000000000071,224.92028045654297,84.5287857055664,895.0514526367188,-0.7423159718746319
377,22.200000000000195,0.05000000000000071,225.28460083007812,86.59842681884766,895.2374877929688,-0.7423159336904064
378,22.250000000000195,0.05000000000000071,225.64820709228516,88.65918731689453,895.422607421875,-0.7423158574383706
379,22.250000000000195,0.05000000000000071,225.64820709228516,90.73540496826172,895.6096801757812,-0.742315819254145
380,22.300000000000196,0.05000000000000071,226.01104431152345,92.8222427368164,895.7975463867188,-0.7423157811863348
381,22.350000000000197,0.05000000000000071,226.37312622070314,94.88494110107422,895.9780883789062,-0.7423147511435673
382,22.350000000000197,0.05000000000000071,226.37312622070314,96.94379425048828,896.1558227539062,-0.7423156667500734
383,22.400000000000198,0.05000000000000071,226.7343292236328,99.0518569946289,896.3374633789062,-0.7423157811863348
384,22.4500000000002,0.05000000000000071,227.09470825195314,101.16486358642578,896.5202026367188,-0.7423157811863348
385,22.4500000000002,0.05000000000000071,227.09470825195314,103.25045013427734,896.7001953125,-0.7423157811863348
386,22.5000000000002,0.05000000000000071,227.45419464111328,105.3270492553711,896.8787841796875,-0.7423157430021092
387,22.5500000000002,0.05000000000000071,227.81274719238283,107.39311981201172,897.0569458007812,-0.7423157048178837
388,22.6000000000002,0.05000000000000071,228.17044830322266,109.43415069580078,897.2980346679688,-0.7423097538994625
389,22.6500000000002,0.05000000000000071,228.52727050781252,111.48505401611328,897.5369873046875,-0.7423153234412894
390,22.6500000000002,0.05000000000000071,228.52727050781252,113.56121826171875,897.7686767578125,-0.7423111272510141
391,22.700000000000202,0.05000000000000071,228.8832000732422,115.57569122314453,897.9718627929688,-0.7423152470728382
392,22.700000000000202,0.05000000000000071,228.8832000732422,117.64411163330078,898.1856079101562,-0.7423161244951189
393,22.750000000000203,0.05000000000000071,229.2382781982422,119.71046447753906,898.3984375,-0.7423162007471547
394,22.800000000000203,0.05000000000000071,229.59246368408205,121.75749969482422,898.60888671875,-0.7423162771156058
395,22.800000000000203,0.05000000000000071,229.59246368408205,123.7805404663086,898.8175048828125,-0.7423162389313802
396,22.850000000000204,0.05000000000000071,229.94577026367188,125.84166717529297,899.0296020507812,-0.7423161626793444
397,22.900000000000205,0.05000000000000071,230.29822540283203,127.8831787109375,899.2391357421875,-0.7423161244951189
398,22.900000000000205,0.05000000000000071,230.29822540283203,129.91355895996094,899.447265625,-0.7423160863108933
399,22.950000000000205,0.05000000000000071,230.6498565673828,131.96983337402344,899.6586303710938,-0.7423160482430831
400,23.000000000000206,0.05000000000000071,231.00062255859376,134.02664184570312,899.8472290039062,-0.7423122716136277
401,23.000000000000206,0.05000000000000071,231.00062255859376,136.06422424316406,900.0293579101562,-0.7423155523138121
402,23.000000000000206,0.05000000000000071,231.00062255859376,138.10646057128906,900.2003173828125,-0.7423074651742354
403,23.050000000000207,0.05000000000000071,231.3505645751953,140.15354919433594,900.3108520507812,-0.7423135305289179
404,23.050000000000207,0.05000000000000071,231.3505645751953,142.194091796875,900.4359741210938,-0.7423161626793444
405,23.100000000000207,0.05000000000000071,231.69965515136718,144.2500457763672,900.5611572265625,-0.7423164678039029
406,23.150000000000208,0.05000000000000071,232.04792175292968,146.3067169189453,900.6873168945312,-0.7423162007471547
407,23.20000000000021,0.05000000000000071,232.39539184570313,148.31723022460938,900.8815307617188,-0.7423126149224117
408,23.25000000000021,0.05000000000000071,232.7420654296875,150.36607360839844,901.0647583007812,-0.7423162771156058
409,23.25000000000021,0.05000000000000071,232.7420654296875,152.4544219970703,901.2508544921875,-0.7423166966764256
410,23.30000000000021,0.05000000000000071,233.0879150390625,154.4845428466797,901.4322509765625,-0.7423166966764256
411,23.30000000000021,0.05000000000000071,233.0879150390625,156.53749084472656,901.6155395507812,-0.7423166204243898
412,23.35000000000021,0.05000000000000071,233.43296813964844,158.59957885742188,901.8002319335938,-0.7423165440559387
413,23.40000000000021,0.05000000000000071,233.77725219726562,160.70826721191406,901.988037109375,-0.7423164678039029
414,23.40000000000021,0.05000000000000071,233.77725219726562,162.77243041992188,902.1731567382812,-0.7423163915518671
415,23.450000000000212,0.05000000000000071,234.12071228027344,164.83778381347656,902.357421875,-0.742316315183416
416,23.450000000000212,0.05000000000000071,234.12071228027344,166.93478393554688,902.5439453125,-0.7423162389313802
417,23.500000000000213,0.05000000000000071,234.46332092285158,168.99411010742188,902.7282104492188,-0.7423161626793444
418,23.550000000000214,0.05000000000000071,234.8052703857422,171.06224060058594,902.912841796875,-0.7423161244951189
419,23.550000000000214,0.05000000000000071,234.8052703857422,173.15652465820312,903.098876953125,-0.7423160482430831
420,23.600000000000215,0.05000000000000071,235.14636840820313,175.2406005859375,903.2854614257812,-0.7423160100588575
421,23.650000000000215,0.05000000000000071,235.48664245605468,177.31634521484375,903.4715576171875,-0.7423159718746319
422,23.700000000000216,0.05000000000000071,235.82617492675783,179.3948974609375,903.6566772460938,-0.7423159336904064
423,23.700000000000216,0.05000000000000071,235.82617492675783,181.45333862304688,903.8409423828125,-0.7423158956225961
424,23.750000000000217,0.05000000000000071,236.16491088867187,183.51150512695312,904.024658203125,-0.7423158956225961
425,23.750000000000217,0.05000000000000071,236.16491088867187,185.58314514160156,904.2107543945312,-0.7423158574383706
426,23.800000000000217,0.05000000000000071,236.5029052734375,187.66824340820312,904.3971557617188,-0.742315819254145
427,23.850000000000218,0.05000000000000071,236.84007568359377,189.7214813232422,904.5804443359375,-0.7423157811863348
428,23.850000000000218,0.05000000000000071,236.84007568359377,191.79025268554688,904.765625,-0.7423157430021092
429,23.90000000000022,0.05000000000000071,237.1765319824219,193.89498901367188,904.9530029296875,-0.7423157430021092
430,23.95000000000022,0.05000000000000071,237.51213684082032,195.96109008789062,905.1376953125,-0.7423157048178837
431,23.95000000000022,0.05000000000000071,237.51213684082032,198.01527404785156,905.320556640625,-0.7423156667500734
432,24.00000000000022,0.05000000000000071,237.84702758789064,200.11485290527344,905.5079345703125,-0.7423156667500734
433,24.00000000000022,0.05000000000000071,237.84702758789064,202.16903686523438,905.6912231445312,-0.7423156285658479
434,24.05000000000022,0.05000000000000071,238.18112182617188,204.2289581298828,905.8754272460938,-0.7423156285658479
435,24.05000000000022,0.05000000000000071,238.18112182617188,206.29896545410156,906.0601196289062,-0.7423155903816223
436,24.10000000000022,0.05000000000000071,238.51447448730468,208.37692260742188,906.2457885742188,-0.7423155903816223
437,24.150000000000222,0.05000000000000071,238.84703063964844,210.42477416992188,906.4281005859375,-0.7423155523138121
438,24.150000000000222,0.05000000000000071,238.84703063964844,212.47146606445312,906.6109008789062,-0.7423155523138121
439,24.200000000000223,0.05000000000000071,239.0793640136719,214.60096740722656,906.72412109375,-0.7423033070517704
440,24.200000000000223,0.05000000000000071,239.0793640136719,216.66427612304688,906.814208984375,-0.7423145604552701
441,24.250000000000224,0.05000000000000071,238.8043212890625,218.69488525390625,906.905029296875,-0.7423160100588575
442,24.250000000000224,0.05000000000000071,238.8043212890625,220.74569702148438,906.9963989257812,-0.7423162007471547
443,24.300000000000225,0.05000000000000071,237.76734924316406,222.7841796875,907.09912109375,-0.7423079609870911
444,24.400000000000226,0.10000000000000142,233.94872131347657,224.8072052001953,907.3267211914062,-0.7423109746305272
445,24.400000000000226,0.10000000000000142,233.94872131347657,226.85801696777344,907.53076171875,-0.7423159718746319
446,24.450000000000227,0.05000000000000071,231.50879516601563,228.88645935058594,907.7318725585938,-0.7423167729284614
447,24.450000000000227,0.05000000000000071,231.50879516601563,230.90478515625,907.9320068359375,-0.7423167729284614
448,24.500000000000227,0.05000000000000071,228.833171081543,232.9270782470703,908.1321411132812,-0.7423167729284614
449,24.550000000000228,0.05000000000000071,225.97805786132812,234.9722442626953,908.334716796875,-0.7423166966764256
450,24.550000000000228,0.05000000000000071,225.97805786132812,237.0029296875,908.5358276367188,-0.7423166204243898
451,24.60000000000023,0.05000000000000071,222.98513488769532,239.03378295898438,908.7378540039062,-0.7423165440559387
452,24.65000000000023,0.05000000000000071,219.88575439453126,241.09353637695312,908.9423217773438,-0.7423164678039029
453,24.65000000000023,0.05000000000000071,219.88575439453126,243.1121826171875,909.1424560546875,-0.7423164296196774
454,24.70000000000023,0.05000000000000071,216.70383911132814,245.1516571044922,909.344482421875,-0.7423163533676416
455,24.70000000000023,0.05000000000000071,216.70383911132814,247.22909545898438,909.5241088867188,-0.7423025441821665
456,24.75000000000023,0.05000000000000071,213.45802459716796,249.25840759277344,909.6548461914062,-0.7423141027102247
457,24.75000000000023,0.05000000000000071,213.45802459716796,251.3125457763672,909.7962036132812,-0.7423162771156058
458,24.80000000000023,0.05000000000000071,210.16282653808594,253.35560607910156,909.9359130859375,-0.7423165059881285
459,24.850000000000232,0.05000000000000071,206.8296844482422,255.4447784423828,910.0792236328125,-0.7423165059881285
460,24.850000000000232,0.05000000000000071,206.8296844482422,257.47869873046875,910.2188720703125,-0.7423164678039029
461,24.900000000000233,0.05000000000000071,203.46819763183595,259.53973388671875,910.3604736328125,-0.7423164678039029
462,24.950000000000234,0.05000000000000071,200.0914260864258,261.6141357421875,910.5031127929688,-0.7423163915518671
463,25.000000000000234,0.05000000000000071,196.7781967163086,263.6501770019531,910.6432495117188,-0.742316315183416
464,25.000000000000234,0.05000000000000071,196.7781967163086,265.69793701171875,910.7942504882812,-0.7423159336904064
465,25.050000000000235,0.05000000000000071,193.71627960205078,267.78594970703125,910.9456787109375,-0.7423162389313802
466,25.100000000000236,0.05000000000000071,190.94802703857422,269.8420104980469,911.140869140625,-0.7423065877519548
467,25.150000000000237,0.05000000000000071,188.47104949951174,271.8592224121094,911.3466186523438,-0.7423151326365769
468,25.200000000000237,0.05000000000000071,186.35541229248048,273.8828430175781,911.5508422851562,-0.7423163915518671
469,25.250000000000238,0.05000000000000071,184.5960891723633,275.9330749511719,911.7582397460938,-0.7423165440559387
470,25.250000000000238,0.05000000000000071,184.5960891723633,277.9701843261719,911.9645385742188,-0.7423164678039029
471,25.30000000000024,0.05000000000000071,183.16576538085937,280.00048828125,912.1693725585938,-0.7423164678039029
472,25.35000000000024,0.05000000000000071,182.028515625,282.0760803222656,912.3792114257812,-0.7423163915518671
473,25.40000000000024,0.05000000000000071,181.1450912475586,284.1090087890625,912.5840454101562,-0.742316315183416
474,25.45000000000024,0.05000000000000071,180.4748291015625,286.1311950683594,912.789794921875,-0.7423162771156058
475,25.45000000000024,0.05000000000000071,180.4748291015625,288.1921081542969,912.9985961914062,-0.7423162007471547
476,25.50000000000024,0.05000000000000071,179.8733688354492,290.2184143066406,913.204345703125,-0.7423161626793444
477,25.550000000000242,0.05000000000000071,178.95789184570313,292.23944091796875,913.4135131835938,-0.7423136067809537
478,25.600000000000243,0.05000000000000071,177.4749984741211,294.2854309082031,913.6978759765625,-0.7423130726674572
479,25.650000000000244,0.05000000000000071,175.48025207519532,296.32049560546875,913.963623046875,-0.7423159336904064
480,25.700000000000244,0.05000000000000071,173.1603790283203,298.34033203125,914.2282104492188,-0.7423160100588575
481,25.700000000000244,0.05000000000000071,173.1603790283203,300.35986328125,914.5670776367188,-0.7423126531066373
482,25.750000000000245,0.05000000000000071,170.6049591064453,302.39361572265625,914.893310546875,-0.7423163915518671
483,25.800000000000246,0.05000000000000071,167.863623046875,304.4005126953125,915.2149047851562,-0.7423167348606512
484,25.850000000000247,0.05000000000000071,164.97875061035157,306.41229248046875,915.5369873046875,-0.7423167348606512
485,25.900000000000247,0.05000000000000071,161.97795867919922,308.4471435546875,915.8638305664062,-0.7423166584922001
486,25.950000000000248,0.05000000000000071,158.88015747070312,310.4346618652344,916.2388916015625,-0.7423097538994625
487,26.00000000000025,0.05000000000000071,155.74154205322267,312.4259948730469,916.6160888671875,-0.7423159336904064
488,26.05000000000025,0.05000000000000071,152.54137573242187,314.45330810546875,916.9998168945312,-0.7423167729284614
489,26.10000000000025,0.05000000000000071,149.28912048339845,316.4488220214844,917.376708984375,-0.7423168873647228
490,26.15000000000025,0.05000000000000071,146.11353607177736,318.43701171875,917.7531127929688,-0.7423168492969126
491,26.20000000000025,0.05000000000000071,143.23245391845703,320.4090270996094,918.1710815429688,-0.7423077321145684
492,26.250000000000252,0.05000000000000071,140.72820281982422,322.3974609375,918.60546875,-0.7423158574383706
493,26.300000000000253,0.05000000000000071,138.52117309570312,324.38427734375,919.038330078125,-0.7423164296196774
494,26.350000000000254,0.05000000000000071,136.57495880126953,326.32696533203125,919.53515625,-0.7423130345996469
495,26.400000000000254,0.05000000000000071,134.8445022583008,328.265380859375,920.089599609375,-0.7423048330238089
496,26.500000000000256,0.10000000000000142,131.9365447998047,330.2064514160156,920.68505859375,-0.7423124242341146
497,26.550000000000257,0.05000000000000071,130.7147003173828,332.12152099609375,921.335205078125,-0.7423030781792477
498,26.600000000000257,0.05000000000000071,129.61451568603516,334.0133972167969,922.1041259765625,-0.7423039937857538
499,26.650000000000258,0.05000000000000071,128.73168182373047,335.8881530761719,923.1626586914062,-0.7422999502159655
500,26.70000000000026,0.05000000000000071,127.93226165771485,337.70257568359375,924.3040161132812,-0.7423073125537485
501,26.75000000000026,0.05000000000000071,127.20675201416016,339.39117431640625,925.3854370117188,-0.742309448774904
502,26.80000000000026,0.05000000000000071,126.5529281616211,341.1343688964844,926.63232421875,-0.7423093343386427
503,26.85000000000026,0.05000000000000071,125.97039184570313,342.74029541015625,928.0257568359375,-0.7423048330238089
504,26.90000000000026,0.05000000000000071,125.45494079589844,344.21875,929.5775756835938,-0.7423113561235368
505,26.950000000000262,0.05000000000000071,125.01537780761718,345.6282653808594,931.1237182617188,-0.7423108601942658
506,27.000000000000263,0.05000000000000071,124.65108489990234,346.9608154296875,932.741943359375,-0.7422999502159655
507,27.100000000000264,0.10000000000000142,124.13062133789063,348.2108154296875,934.452392578125,-0.7423052144004032
508,27.150000000000265,0.05000000000000071,123.98208618164062,349.3708801269531,936.1747436523438,-0.7422987294849008
509,27.200000000000266,0.05000000000000071,123.9055389404297,350.2872619628906,938.0270385742188,-0.7423114705597982
510,27.250000000000266,0.05000000000000071,123.90200958251954,351.1484375,939.9030151367188,-0.7423100591404364
511,27.300000000000267,0.05000000000000071,123.97317352294922,351.9280090332031,941.8198852539062,-0.7423054432729259
512,27.350000000000268,0.05000000000000071,124.10113677978516,352.60736083984375,943.7799072265625,-0.7423082280438393
513,27.45000000000027,0.10000000000000142,124.60593109130859,353.03924560546875,945.7901611328125,-0.7423109364463016
514,27.50000000000027,0.05000000000000071,124.98217163085938,353.5901794433594,948.256591796875,0.0
515,27.60000000000027,0.10000000000000142,125.95851287841798,353.8815612792969,950.2350463867188,0.0
516,27.650000000000272,0.05000000000000071,126.53874206542969,354.2611389160156,952.1985473632812,0.0
517,27.700000000000273,0.05000000000000071,127.15420989990234,354.7281494140625,954.14306640625,0.0
518,27.750000000000274,0.05000000000000071,127.76988372802735,355.28167724609375,956.0647583007812,0.0
519,27.800000000000274,0.05000000000000071,128.3605911254883,355.9206237792969,957.9597778320312,0.0
520,27.850000000000275,0.05000000000000071,128.8895690917969,356.6436767578125,959.8243408203125,0.0
521,27.900000000000276,0.05000000000000071,129.3403518676758,357.44940185546875,961.6546630859375,0.0
522,27.950000000000276,0.05000000000000071,129.7056884765625,358.3362121582031,963.4471435546875,0.0
523,28.000000000000277,0.05000000000000071,129.9841781616211,359.3022766113281,965.1981811523438,0.0
524,28.050000000000278,0.05000000000000071,130.17481842041016,360.345703125,966.9041748046875,0.0
525,28.10000000000028,0.05000000000000071,130.28484649658205,361.46441650390625,968.5618286132812,0.0
526,28.15000000000028,0.05000000000000071,130.32583923339845,362.6561279296875,970.1678466796875,0.0
527,28.20000000000028,0.05000000000000071,130.30425109863282,363.91851806640625,971.7188720703125,0.0
528,28.25000000000028,0.05000000000000071,130.22922821044924,365.2489929199219,973.2119140625,0.0
529,28.30000000000028,0.05000000000000071,130.10958709716797,366.6449279785156,974.6439208984375,0.0
530,28.350000000000282,0.05000000000000071,129.95522918701172,368.103515625,976.0120849609375,0.0
531,28.400000000000283,0.05000000000000071,129.78496856689455,369.621826171875,977.3136596679688,0.0
532,28.500000000000284,0.10000000000000142,129.42071685791015,371.19683837890625,978.5459594726562,0.0
533,28.550000000000285,0.05000000000000071,129.2458969116211,372.8254089355469,979.7066040039062,0.0
534,28.600000000000286,0.05000000000000071,129.07191467285156,374.5042724609375,980.7932739257812,0.0
535,28.650000000000286,0.05000000000000071,128.9455581665039,376.23004150390625,981.8037109375,0.0
536,28.750000000000288,0.10000000000000142,128.81175842285157,377.9992980957031,982.7359619140625,0.0
537,28.80000000000029,0.05000000000000071,128.8222640991211,379.8084716796875,983.5881958007812,0.0
538,28.85000000000029,0.05000000000000071,128.89239807128908,381.6539306640625,984.3585815429688,0.0
539,28.90000000000029,0.05000000000000071,129.03160858154297,383.52581787109375,985.0628051757812,0.0
540,28.95000000000029,0.05000000000000071,129.2328094482422,385.3998107910156,985.7615356445312,0.0
541,29.050000000000292,0.10000000000000142,129.82711486816407,387.2738037109375,986.460205078125,0.0
542,29.100000000000293,0.05000000000000071,130.2126937866211,389.1477966308594,987.1588745117188,0.0
543,29.150000000000293,0.05000000000000071,130.64114685058595,391.02178955078125,987.8576049804688,0.0
544,29.200000000000294,0.05000000000000071,131.11513824462892,392.8957824707031,988.5562744140625,0.0
545,29.250000000000295,0.05000000000000071,131.62340698242187,394.769775390625,989.2549438476562,0.0
546,29.300000000000296,0.05000000000000071,132.15699920654296,396.6437683105469,989.9536743164062,0.0
547,29.350000000000296,0.05000000000000071,132.7082244873047,398.5177307128906,990.65234375,0.0
548,29.400000000000297,0.05000000000000071,133.27082061767578,400.3917236328125,991.3510131835938,0.0
549,29.450000000000298,0.05000000000000071,133.83989868164062,402.2657165527344,992.0497436523438,0.0
550,29.5000000000003,0.05000000000000071,134.4123275756836,404.13970947265625,992.7484130859375,0.0
551,29.5500000000003,0.05000000000000071,134.98435821533204,406.0137023925781,993.4470825195312,0.0
552,29.6000000000003,0.05000000000000071,135.5552490234375,407.8876953125,994.145751953125,0.0
553,29.6500000000003,0.05000000000000071,136.12398376464844,409.7616882324219,994.844482421875,0.0
554,29.7000000000003,0.05000000000000071,136.6900405883789,411.63568115234375,995.5431518554688,0.0
555,29.800000000000303,0.10000000000000142,137.81366729736328,413.5096435546875,996.2418212890625,0.0
556,29.850000000000303,0.05000000000000071,138.37160797119142,415.3836364746094,996.9405517578125,0.0
557,29.900000000000304,0.05000000000000071,138.92710418701174,417.25762939453125,997.6392211914062,0.0
558,29.950000000000305,0.05000000000000071,139.48023834228516,419.13214111328125,998.3365478515625,0.0
559,30.000000000000306,0.05000000000000071,140.0314910888672,421.00885009765625,999.0278930664062,0.0
560,30.050000000000306,0.05000000000000071,140.5810272216797,422.8858642578125,999.7183837890625,0.0
561,30.050000000000306,0.05000000000000071,140.5810272216797,424.7629089355469,1000.4088134765625,0.0
562,30.100000000000307,0.05000000000000071,141.12894287109376,426.63995361328125,1001.0993041992188,0.0
563,30.150000000000308,0.05000000000000071,141.67532043457032,428.5169677734375,1001.789794921875,0.0
564,30.20000000000031,0.05000000000000071,142.22028350830078,430.3940124511719,1002.480224609375,0.0
565,30.25000000000031,0.05000000000000071,142.76387329101564,432.27105712890625,1003.1707153320312,0.0
566,30.30000000000031,0.05000000000000071,143.3060760498047,434.1480712890625,1003.8611450195312,0.0
567,30.35000000000031,0.05000000000000071,143.8468780517578,436.0251159667969,1004.5516357421875,0.0
568,30.40000000000031,0.05000000000000071,144.38629302978515,437.90216064453125,1005.2420654296875,0.0
569,30.450000000000312,0.05000000000000071,144.92430725097657,439.7791748046875,1005.9325561523438,0.0
570,30.500000000000313,0.05000000000000071,145.46092071533204,441.6562194824219,1006.6229858398438,0.0
571,30.550000000000313,0.05000000000000071,145.99611968994142,443.53326416015625,1007.3134765625,0.0
572,30.600000000000314,0.05000000000000071,146.529931640625,445.4102783203125,1008.0039672851562,0.0
573,30.650000000000315,0.05000000000000071,147.06237030029297,447.2873229980469,1008.6943969726562,0.0
574,30.700000000000315,0.05000000000000071,147.59347686767578,449.16436767578125,1009.3848876953125,0.0
575,30.750000000000316,0.05000000000000071,148.12334747314455,451.0413818359375,1010.0753173828125,0.0
576,30.800000000000317,0.05000000000000071,148.65196838378907,452.9184265136719,1010.7658081054688,0.0
577,30.850000000000318,0.05000000000000071,149.1794219970703,454.79547119140625,1011.4562377929688,0.0
578,30.90000000000032,0.05000000000000071,149.70572204589845,456.6724853515625,1012.146728515625,0.0
579,30.95000000000032,0.05000000000000071,150.23095092773437,458.5495300292969,1012.837158203125,0.0
580,31.00000000000032,0.05000000000000071,150.75509490966797,460.42657470703125,1013.5276489257812,0.0
581,31.050000000000317,0.04999999999999716,151.27816772460938,462.3035888671875,1014.2181396484375,0.0
582,31.100000000000314,0.04999999999999716,151.80018310546876,464.1806335449219,1014.9085693359375,0.0
583,31.15000000000031,0.04999999999999716,152.32118225097656,466.05767822265625,1015.5990600585938,0.0
584,31.20000000000031,0.04999999999999716,152.8411102294922,467.9347229003906,1016.2894897460938,0.0
585,31.250000000000306,0.04999999999999716,153.3600082397461,469.8117370605469,1016.97998046875,0.0
586,31.300000000000303,0.04999999999999716,153.877848815918,471.68878173828125,1017.67041015625,0.0
587,31.3500000000003,0.04999999999999716,154.3946319580078,473.5658264160156,1018.3609008789062,0.0
588,31.400000000000297,0.04999999999999716,154.91034393310548,475.4428405761719,1019.0513916015625,0.0
589,31.450000000000294,0.04999999999999716,155.4249984741211,477.31988525390625,1019.7418212890625,0.0
590,31.50000000000029,0.04999999999999716,155.9385955810547,479.1969299316406,1020.432373046875,0.0
591,31.50000000000029,0.04999999999999716,155.9385955810547,481.0739440917969,1021.122802734375,0.0
592,31.55000000000029,0.04999999999999716,156.4510940551758,482.95098876953125,1021.813232421875,0.0
593,31.600000000000286,0.04999999999999716,156.96253509521486,484.8280334472656,1022.503662109375,0.0
594,31.650000000000283,0.04999999999999716,157.47290496826173,486.7050476074219,1023.1942138671875,0.0
595,31.70000000000028,0.04999999999999716,157.98221740722656,488.58209228515625,1023.8846435546875,0.0
596,31.750000000000277,0.04999999999999716,158.49048614501953,490.4591369628906,1024.5750732421875,0.0
597,31.800000000000274,0.04999999999999716,158.99769744873046,492.3361511230469,1025.2655029296875,0.0
598,31.85000000000027,0.04999999999999716,159.50385131835938,494.21319580078125,1025.9560546875,0.0
599,31.90000000000027,0.04999999999999716,160.0089065551758,496.0902404785156,1026.646484375,0.0
600,31.950000000000266,0.04999999999999716,160.51294555664063,497.96728515625,1027.3369140625,0.0
601,32.00000000000026,0.04999999999999716,161.0159408569336,499.84429931640625,1028.02734375,0.0
602,32.05000000000026,0.04999999999999716,161.51787872314455,501.7213439941406,1028.7178955078125,0.0
603,32.10000000000026,0.04999999999999716,162.01874542236328,503.598388671875,1029.4083251953125,0.0
604,32.10000000000026,0.04999999999999716,162.01874542236328,505.47540283203125,1030.0987548828125,0.0
605,32.150000000000254,0.04999999999999716,162.5185958862305,507.3524475097656,1030.789306640625,0.0
606,32.20000000000025,0.04999999999999716,163.01741638183594,509.2294921875,1031.479736328125,0.0
607,32.25000000000025,0.04999999999999716,163.5151794433594,511.10650634765625,1032.170166015625,0.0
608,32.300000000000246,0.04999999999999716,164.0119125366211,512.9835205078125,1032.860595703125,0.0
609,32.35000000000024,0.04999999999999716,164.5075881958008,514.860595703125,1033.5511474609375,0.0
610,32.40000000000024,0.04999999999999716,165.00220642089843,516.7376098632812,1034.2415771484375,0.0
611,32.45000000000024,0.04999999999999716,165.49576721191406,518.6146240234375,1034.9320068359375,0.0
612,32.45000000000024,0.04999999999999716,165.49576721191406,520.49169921875,1035.6224365234375,0.0
613,32.500000000000234,0.04999999999999716,165.9882568359375,522.3687133789062,1036.31298828125,0.0
614,32.55000000000023,0.04999999999999716,166.47974395751953,524.2457275390625,1037.00341796875,0.0
615,32.60000000000023,0.04999999999999716,166.97010498046876,526.122802734375,1037.69384765625,0.0
616,32.650000000000226,0.04999999999999716,167.45943603515624,527.9998168945312,1038.3843994140625,0.0
617,32.70000000000022,0.04999999999999716,167.94766845703126,529.8768310546875,1039.0748291015625,0.0
618,32.70000000000022,0.04999999999999716,167.94766845703126,531.75390625,1039.7652587890625,0.0
619,32.75000000000022,0.04999999999999716,168.4348571777344,533.6309204101562,1040.4556884765625,0.0
620,32.80000000000022,0.04999999999999716,168.9209747314453,535.5079345703125,1041.146240234375,0.0
621,32.850000000000215,0.04999999999999716,169.40596618652344,537.385009765625,1041.836669921875,0.0
622,32.90000000000021,0.04999999999999716,169.88994140625002,539.2620239257812,1042.527099609375,0.0
623,32.95000000000021,0.04999999999999716,170.37279052734377,541.1390380859375,1043.2176513671875,0.0
624,32.95000000000021,0.04999999999999716,170.37279052734377,543.01611328125,1043.9080810546875,0.0
625,33.000000000000206,0.04999999999999716,170.8545684814453,544.8931274414062,1044.5985107421875,0.0
626,33.0500000000002,0.04999999999999716,171.335302734375,546.7701416015625,1045.2889404296875,0.0
627,33.1000000000002,0.04999999999999716,171.81491088867188,548.647216796875,1045.9794921875,0.0
628,33.1500000000002,0.04999999999999716,172.2933792114258,550.5242309570312,1046.669921875,0.0
629,33.200000000000195,0.04999999999999716,172.77076263427736,552.4012451171875,1047.3603515625,0.0
630,33.200000000000195,0.04999999999999716,172.77076263427736,554.2783203125,1048.05078125,0.0
631,33.25000000000019,0.04999999999999716,173.24696502685546,556.1553344726562,1048.7413330078125,0.0
632,33.30000000000019,0.04999999999999716,173.7220001220703,558.0323486328125,1049.4317626953125,0.0
633,33.350000000000186,0.04999999999999716,174.19564819335938,559.909423828125,1050.1221923828125,0.0
634,33.40000000000018,0.04999999999999716,174.6679916381836,561.7864379882812,1050.812744140625,0.0
635,33.45000000000018,0.04999999999999716,175.13900299072267,563.6634521484375,1051.503173828125,0.0
636,33.45000000000018,0.04999999999999716,175.13900299072267,565.54052734375,1052.193603515625,0.0
637,33.50000000000018,0.04999999999999716,175.60848999023438,567.4175415039062,1052.884033203125,0.0
638,33.550000000000175,0.04999999999999716,176.07646636962892,569.2945556640625,1053.5745849609375,0.0
639,33.60000000000017,0.04999999999999716,176.54279479980468,571.171630859375,1054.2650146484375,0.0
640,33.65000000000017,0.04999999999999716,177.0068572998047,573.0486450195312,1054.9554443359375,0.0
641,33.65000000000017,0.04999999999999716,177.0068572998047,574.9256591796875,1055.64599609375,0.0
642,33.700000000000166,0.04999999999999716,177.46902465820312,576.802734375,1056.33642578125,0.0
643,33.75000000000016,0.04999999999999716,177.92915954589844,578.6797485351562,1057.02685546875,0.0
644,33.80000000000016,0.04999999999999716,178.38694610595704,580.5567626953125,1057.71728515625,0.0
645,33.85000000000016,0.04999999999999716,178.84227447509767,582.4338989257812,1058.4075927734375,0.0
646,33.85000000000016,0.04999999999999716,178.84227447509767,584.3129272460938,1059.0926513671875,0.0
647,33.900000000000155,0.04999999999999716,179.2944580078125,586.1946411132812,1059.770263671875,0.0
648,33.95000000000015,0.04999999999999716,179.7426315307617,588.0791015625,1060.440185546875,0.0
649,34.00000000000015,0.04999999999999716,180.18772888183594,589.9661865234375,1061.1026611328125,0.0
650,34.050000000000146,0.04999999999999716,180.62595977783204,591.85595703125,1061.757568359375,0.0
651,34.10000000000014,0.04999999999999716,181.06013946533204,593.748291015625,1062.40478515625,0.0
652,34.10000000000014,0.04999999999999716,181.06013946533204,595.6431884765625,1063.0445556640625,0.0
653,34.15000000000014,0.04999999999999716,181.48947143554688,597.5406494140625,1063.6767578125,0.0
654,34.20000000000014,0.04999999999999716,181.9111541748047,599.440673828125,1064.30126953125,0.0
655,34.250000000000135,0.04999999999999716,182.32669830322266,601.3430786132812,1064.9183349609375,0.0
656,34.250000000000135,0.04999999999999716,182.32669830322266,603.248046875,1065.527587890625,0.0
657,34.30000000000013,0.04999999999999716,182.73549957275392,605.1553344726562,1066.12939453125,0.0
658,34.35000000000013,0.04999999999999716,183.13720092773437,607.0650634765625,1066.7235107421875,0.0
659,34.40000000000013,0.04999999999999716,183.52786102294922,608.9771728515625,1067.3099365234375,0.0
660,34.450000000000124,0.04999999999999716,183.9107208251953,610.8916015625,1067.888671875,0.0
661,34.450000000000124,0.04999999999999716,183.9107208251953,612.8082885742188,1068.4598388671875,0.0
662,34.50000000000012,0.04999999999999716,184.28536834716797,614.727294921875,1069.0233154296875,0.0
663,34.55000000000012,0.04999999999999716,184.65146026611328,616.6484985351562,1069.5791015625,0.0
664,34.600000000000115,0.04999999999999716,185.0070327758789,618.5718994140625,1070.127197265625,0.0
665,34.65000000000011,0.04999999999999716,185.35019073486328,620.49755859375,1070.6676025390625,0.0
666,34.65000000000011,0.04999999999999716,185.35019073486328,622.42529296875,1071.2003173828125,0.0
667,34.70000000000011,0.04999999999999716,185.68440856933594,624.3551635742188,1071.7252197265625,0.0
668,34.75000000000011,0.04999999999999716,186.00953521728516,626.287109375,1072.242431640625,0.0
669,34.800000000000104,0.04999999999999716,186.32367553710938,628.2211303710938,1072.751953125,0.0
670,34.800000000000104,0.04999999999999716,186.32367553710938,630.1571655273438,1073.2537841796875,0.0
671,34.8500000000001,0.04999999999999716,186.62402801513673,632.0951538085938,1073.747802734375,0.0
672,34.9000000000001,0.04999999999999716,186.91390228271484,634.03515625,1074.234130859375,0.0
673,34.950000000000095,0.04999999999999716,187.1922134399414,635.97705078125,1074.712646484375,0.0
674,35.00000000000009,0.04999999999999716,187.44656066894532,637.9208984375,1075.183349609375,0.0
675,35.00000000000009,0.04999999999999716,187.44656066894532,639.8665771484375,1075.646240234375,0.0
676,35.05000000000009,0.04999999999999716,187.6853485107422,641.8140869140625,1076.1014404296875,0.0
677,35.10000000000009,0.04999999999999716,187.90942840576173,643.7633666992188,1076.548828125,0.0
678,35.150000000000084,0.04999999999999716,188.09361419677734,645.7144775390625,1076.9884033203125,0.0
679,35.150000000000084,0.04999999999999716,188.09361419677734,647.6672973632812,1077.420166015625,0.0
680,35.20000000000008,0.04999999999999716,188.25787353515625,649.6217651367188,1077.8447265625,0.0
681,35.25000000000008,0.04999999999999716,188.3867431640625,651.5765380859375,1078.267578125,0.0
682,35.300000000000075,0.04999999999999716,188.37796783447266,653.533203125,1078.6815185546875,0.0
683,35.35000000000007,0.04999999999999716,187.8907241821289,655.50146484375,1079.035888671875,0.0
684,35.40000000000007,0.04999999999999716,186.67521057128906,657.6668090820312,1079.166015625,-0.7423182989004999
685,35.45000000000007,0.04999999999999716,184.80399169921876,659.6688232421875,1079.5289306640625,-0.7423181080957875
686,35.500000000000064,0.04999999999999716,182.4944046020508,661.8072509765625,1079.91650390625,-0.7423179936595261
687,35.500000000000064,0.04999999999999716,182.4944046020508,663.9493408203125,1080.1993408203125,-0.7423068548087031
688,35.55000000000006,0.04999999999999716,179.94332427978517,666.109130859375,1080.414794921875,-0.742303345235996
689,35.60000000000006,0.04999999999999716,177.48568267822267,668.242431640625,1080.5736083984375,-0.7423024678137153
690,35.650000000000055,0.04999999999999716,175.19219055175782,670.3635864257812,1080.6585693359375,-0.7423162389313802
691,35.70000000000005,0.04999999999999716,173.06063690185547,672.40185546875,1080.6839599609375,-0.7423128437949345
692,35.75000000000005,0.04999999999999716,171.12020416259767,674.5316162109375,1080.6422119140625,-0.7423089910298586
693,35.75000000000005,0.04999999999999716,171.12020416259767,676.6309204101562,1080.5,-0.742306282510981
694,35.80000000000005,0.04999999999999716,169.3422866821289,678.7628784179688,1080.2989501953125,-0.7423016285756603
695,35.850000000000044,0.04999999999999716,167.69157714843752,680.8408203125,1080.035888671875,-0.7423107075737789
696,35.850000000000044,0.04999999999999716,167.69157714843752,682.8848876953125,1079.6641845703125,-0.7423163533676416
697,35.90000000000004,0.04999999999999716,166.1523651123047,684.9441528320312,1079.21435546875,-0.7423163915518671
698,35.95000000000004,0.04999999999999716,164.69173278808594,686.9503173828125,1078.70947265625,-0.7423144078347832
699,36.000000000000036,0.04999999999999716,163.3060272216797,688.9417114257812,1078.0906982421875,-0.7423139119055122
700,36.05000000000003,0.04999999999999716,161.98030700683594,690.902099609375,1077.41748046875,-0.7423117756843567
701,36.10000000000003,0.04999999999999716,160.70346221923828,692.8579711914062,1076.7139892578125,-0.742309448774904
702,36.15000000000003,0.04999999999999716,159.4620346069336,694.7534790039062,1075.9326171875,-0.7423009038902819
703,36.15000000000003,0.04999999999999716,159.4620346069336,696.6484375,1075.0543212890625,-0.7423009038902819
704,36.200000000000024,0.04999999999999716,158.31731414794922,698.4599609375,1074.134765625,-0.7423201680649072
705,36.25000000000002,0.04999999999999716,157.20169372558595,700.28076171875,1073.1539306640625,-0.7423190617701039
706,36.30000000000002,0.04999999999999716,156.112646484375,702.104736328125,1072.1549072265625,-0.742320244316943
707,36.350000000000016,0.04999999999999716,155.05007629394532,703.907470703125,1071.126953125,-0.7423125004861504
708,36.40000000000001,0.04999999999999716,154.01468353271486,705.6593627929688,1070.0303955078125,-0.7423103261971846
709,36.45000000000001,0.04999999999999716,153.00214233398438,707.3565673828125,1068.843505859375,-0.7423095250269398
710,36.50000000000001,0.04999999999999716,152.01993713378906,708.9691772460938,1067.5904541015625,-0.7423149037640542
711,36.6,0.09999999999999432,150.15300292968752,710.5309448242188,1066.2861328125,-0.7423124624183401
712,36.65,0.04999999999999716,149.27183074951174,712.048095703125,1064.8817138671875,-0.7423171163536608
713,36.699999999999996,0.04999999999999716,148.42839660644532,713.4571533203125,1063.432373046875,-0.7423006749013439
714,36.74999999999999,0.04999999999999716,147.6230712890625,714.8348999023438,1061.9320068359375,-0.7423215032322332
715,36.79999999999999,0.04999999999999716,146.861279296875,716.2431030273438,1060.427978515625,-0.7423239827621728
716,36.84999999999999,0.04999999999999716,146.14573974609377,717.6368408203125,1058.8948974609375,-0.7423129582311958
717,36.899999999999984,0.04999999999999716,145.47906188964845,718.9954223632812,1057.3594970703125,-0.7423222661018372
718,36.94999999999998,0.04999999999999716,144.8639099121094,720.3859252929688,1055.7943115234375,-0.7423233723966405
719,36.99999999999998,0.04999999999999716,144.3029754638672,721.7715454101562,1054.2342529296875,-0.7423228383995593
720,37.049999999999976,0.04999999999999716,143.79874420166016,723.1630249023438,1052.6617431640625,-0.7423199391923845
721,37.09999999999997,0.04999999999999716,143.35360565185547,724.4800415039062,1050.990234375,-0.7423043370945379
722,37.14999999999997,0.04999999999999716,142.9696472167969,725.6632080078125,1049.2928466796875,-0.7422966313315555
723,37.19999999999997,0.04999999999999716,142.64700622558595,726.6638793945312,1047.4781494140625,-0.7423155141295865
724,37.29999999999996,0.09999999999999432,142.19902496337892,727.6619873046875,1045.634765625,-0.7423019720008597
725,37.34999999999996,0.04999999999999716,142.0761703491211,728.5922241210938,1043.7821044921875,-0.7423205876257271
726,37.399999999999956,0.04999999999999716,142.02127990722656,729.541259765625,1041.9195556640625,-0.7423225331585854
727,37.44999999999995,0.04999999999999716,142.0342575073242,730.4794311523438,1040.025390625,-0.742306778440252
728,37.49999999999995,0.04999999999999716,142.1142791748047,731.3046875,1038.1162109375,-0.7423191762063652
729,37.54999999999995,0.04999999999999716,142.26031494140625,732.1298828125,1036.2003173828125,-0.7423199391923845
730,37.599999999999945,0.04999999999999716,142.46895904541017,732.9694213867188,1034.256591796875,-0.7423218847252429
731,37.64999999999994,0.04999999999999716,142.73665466308594,733.7667846679688,1032.314453125,-0.7423111653188244
732,37.69999999999994,0.04999999999999716,143.0588150024414,734.5419921875,1030.3682861328125,-0.7423200918128714
733,37.749999999999936,0.04999999999999716,143.4301528930664,735.232421875,1028.3651123046875,-0.7423169255489483
734,37.79999999999993,0.04999999999999716,143.8442825317383,735.8409423828125,1026.36962890625,-0.7423157430021092
735,37.84999999999993,0.04999999999999716,144.29425506591798,736.3995361328125,1024.3211669921875,-0.7423116612480953
736,37.949999999999925,0.09999999999999432,145.27647399902344,736.9556274414062,1022.2462768554688,-0.7423211599234492
737,37.99999999999992,0.04999999999999716,145.79622344970704,737.50732421875,1020.1935424804688,-0.7423219991615042
738,38.04999999999992,0.04999999999999716,146.32798919677734,738.061767578125,1018.1292114257812,-0.7423216557363048
739,38.099999999999916,0.04999999999999716,146.86711578369142,738.5880126953125,1016.0263671875,-0.7423200154444203
740,38.14999999999991,0.04999999999999716,147.41016998291016,739.048828125,1013.9462890625,-0.7423165440559387
741,38.19999999999991,0.04999999999999716,147.9544464111328,739.4263916015625,1011.8434448242188,-0.7423139500897378
742,38.24999999999991,0.04999999999999716,148.49817352294923,739.8131713867188,1009.7236328125,-0.7423205495579168
743,38.299999999999905,0.04999999999999716,149.04004669189453,740.2349243164062,1007.6287841796875,-0.7423107075737789
744,38.3499999999999,0.04999999999999716,149.57922821044923,740.6785888671875,1005.5433959960938,-0.7423201680649072
745,38.3999999999999,0.04999999999999716,150.1154022216797,741.12646484375,1003.4244995117188,-0.7423208166146651
746,38.449999999999896,0.04999999999999716,150.64843139648437,741.5186767578125,1001.322021484375,-0.7423128437949345
747,38.49999999999989,0.04999999999999716,151.17835693359376,741.8797607421875,999.3385620117188,-0.742319748387672
748,38.54999999999989,0.04999999999999716,151.70528869628907,742.2467651367188,997.3274536132812,-0.7423205113736913
749,38.59999999999989,0.04999999999999716,152.2294876098633,742.6082153320312,995.3466186523438,-0.7423203206853941
750,38.649999999999885,0.04999999999999716,152.75118713378907,742.9824829101562,993.374755859375,-0.7423151326365769
751,38.69999999999988,0.04999999999999716,153.27059326171874,743.3729248046875,991.3908081054688,-0.7423192143905908
752,38.74999999999988,0.04999999999999716,153.78798065185546,743.7640991210938,989.3895263671875,-0.7423196339514107
753,38.799999999999876,0.04999999999999716,154.30359649658203,744.1550903320312,987.3921508789062,-0.7423195195151493
754,38.84999999999987,0.04999999999999716,154.81768798828125,744.5455322265625,985.3910522460938,-0.7423192906426266
755,38.89999999999987,0.04999999999999716,155.33025512695312,744.9406127929688,983.3677368164062,-0.742319138138555
756,38.89999999999987,0.04999999999999716,155.33025512695312,745.338134765625,981.335205078125,-0.7423187947133556
757,38.94999999999987,0.04999999999999716,155.84158630371095,745.72998046875,979.3298950195312,-0.7423185658408329
758,38.999999999999865,0.04999999999999716,156.35175018310548,746.1295776367188,977.2844848632812,-0.7423184895887971
759,39.04999999999986,0.04999999999999716,156.8607604980469,746.5233154296875,975.2726440429688,-0.7423182607162744
760,39.09999999999986,0.04999999999999716,157.3685760498047,746.94921875,973.2760620117188,-0.7423164678039029
761,39.14999999999986,0.04999999999999716,157.87533416748047,747.3781127929688,971.2308959960938,-0.742317802971229
762,39.199999999999854,0.04999999999999716,158.38099365234376,747.7463989257812,969.223876953125,-0.7423021245049313
763,39.24999999999985,0.04999999999999716,158.8855407714844,748.0814819335938,967.1878662109375,-0.7423159718746319
764,39.29999999999985,0.04999999999999716,159.38890686035157,748.4231567382812,965.1488647460938,-0.7423181080957875
765,39.349999999999845,0.04999999999999716,159.89092712402345,748.7644653320312,963.1107788085938,-0.7423182607162744
766,39.39999999999984,0.04999999999999716,160.3917663574219,749.1061401367188,961.072265625,-0.7423180700279772
767,39.44999999999984,0.04999999999999716,160.89031219482422,749.3955078125,959.0240478515625,-0.7423021626891568
768,39.49999999999984,0.04999999999999716,161.3876495361328,749.654296875,956.9144897460938,-0.7423162007471547
769,39.549999999999834,0.04999999999999716,161.88368225097656,749.90966796875,954.8754272460938,-0.7423180700279772
770,39.59999999999983,0.04999999999999716,162.37832794189453,750.1660766601562,952.8292236328125,-0.742318146280013
771,39.64999999999983,0.04999999999999716,162.87166900634767,750.4258422851562,950.7594604492188,-0.7423179936595261
772,39.699999999999825,0.04999999999999716,163.36373291015624,750.6841430664062,948.6983642578125,-0.7423177647870034
773,39.74999999999982,0.04999999999999716,163.8547119140625,750.9423828125,946.6423950195312,-0.7423177266027778
774,39.79999999999982,0.04999999999999716,164.34475708007812,751.1992797851562,944.593505859375,-0.7423175359144807
775,39.79999999999982,0.04999999999999716,164.34475708007812,751.4561767578125,942.5478515625,-0.7423173832939938
776,39.84999999999982,0.04999999999999716,164.83408813476564,751.7679443359375,940.518310546875,-0.7423106695059687
777,39.899999999999814,0.04999999999999716,165.32276000976563,752.0833129882812,938.475341796875,-0.7423168492969126
778,39.94999999999981,0.04999999999999716,165.81099243164064,752.3961791992188,936.44287109375,-0.7423174977302551
779,39.99999999999981,0.04999999999999716,166.29863433837892,752.6439819335938,934.4044189453125,-0.7423118138685822
780,40.049999999999805,0.04999999999999716,166.7861114501953,752.8971557617188,932.3667602539062,-0.7423171163536608
781,40.0999999999998,0.04999999999999716,167.2732177734375,753.154296875,930.3036499023438,-0.7423176121665165
782,40.1499999999998,0.04999999999999716,167.76003570556642,753.4074096679688,928.2691040039062,-0.7423176121665165
783,40.1999999999998,0.04999999999999716,168.24638671875002,753.6610107421875,926.2272338867188,-0.7423174977302551
784,40.1999999999998,0.04999999999999716,168.24638671875002,753.9169921875,924.1639404296875,-0.7423173832939938
785,40.249999999999794,0.04999999999999716,168.73222961425782,754.170166015625,922.1267700195312,-0.7423171544214711
786,40.29999999999979,0.04999999999999716,169.21753692626953,754.427001953125,920.0614624023438,-0.7423171544214711
787,40.34999999999979,0.04999999999999716,169.70213012695314,754.6843872070312,917.990966796875,-0.7423169255489483
788,40.399999999999785,0.04999999999999716,170.1860366821289,754.9398193359375,915.9341430664062,-0.7423169637331739
789,40.399999999999785,0.04999999999999716,170.1860366821289,755.1957397460938,913.8809814453125,-0.7423168873647228
790,40.44999999999978,0.04999999999999716,170.6690231323242,755.4555053710938,911.7857666015625,-0.7423167348606512
791,40.49999999999978,0.04999999999999716,171.1510757446289,755.7114868164062,909.72607421875,-0.7423166966764256
792,40.54999999999978,0.04999999999999716,171.63216705322267,755.97021484375,907.6415405273438,-0.7423166204243898
793,40.599999999999774,0.04999999999999716,172.1122283935547,756.2266235351562,905.5753173828125,-0.7423165440559387
794,40.64999999999977,0.04999999999999716,172.59130096435547,756.4866333007812,903.478271484375,-0.7423164678039029
795,40.69999999999977,0.04999999999999716,173.06934356689453,756.7470703125,901.384033203125,-0.742316315183416
796,40.749999999999766,0.04999999999999716,173.5463424682617,757.00537109375,899.3070068359375,-0.7423163533676416
797,40.749999999999766,0.04999999999999716,173.5463424682617,757.267333984375,897.1970825195312,-0.7423162007471547
798,40.79999999999976,0.04999999999999716,174.02228393554688,757.525634765625,895.113525390625,-0.7423162389313802
799,40.84999999999976,0.04999999999999716,174.49714050292968,757.783447265625,893.0346069335938,-0.7423160482430831
800,40.89999999999976,0.04999999999999716,174.97093963623047,758.0425415039062,890.9484252929688,-0.7423161626793444
801,40.949999999999754,0.04999999999999716,175.44375,758.2999267578125,888.8775024414062,-0.7423161244951189
802,40.99999999999975,0.04999999999999716,175.9155029296875,758.5154418945312,886.81201171875,-0.7423047185875475
803,41.04999999999975,0.04999999999999716,176.3862533569336,758.7112426757812,884.7130126953125,-0.7423148275120184
804,41.099999999999746,0.04999999999999716,176.85604248046874,758.923095703125,882.629638671875,-0.7423110890667886
805,41.14999999999974,0.04999999999999716,177.32478790283204,759.1497192382812,880.5576171875,-0.7423157048178837
806,41.19999999999974,0.04999999999999716,177.79254455566408,759.3719482421875,878.4965209960938,-0.7423165059881285
807,41.19999999999974,0.04999999999999716,177.79254455566408,759.5983276367188,876.4009399414062,-0.7423163915518671
808,41.24999999999974,0.04999999999999716,178.25932617187502,759.820068359375,874.344970703125,-0.7423163533676416
809,41.299999999999734,0.04999999999999716,178.72509155273437,760.0441284179688,872.2733154296875,-0.742316315183416
810,41.34999999999973,0.04999999999999716,179.18986816406252,760.2662963867188,870.2098999023438,-0.7423162771156058
811,41.39999999999973,0.04999999999999716,179.65366973876954,760.4927368164062,868.1192626953125,-0.7423162771156058
812,41.449999999999726,0.04999999999999716,180.11638641357422,760.716796875,866.0520629882812,-0.7423162389313802
813,41.449999999999726,0.04999999999999716,180.11638641357422,760.9423217773438,863.96435546875,-0.7423161626793444
814,41.49999999999972,0.04999999999999716,180.57812805175783,761.1677856445312,861.871826171875,-0.7423161244951189
815,41.54999999999972,0.04999999999999716,181.03888092041015,761.3909301757812,859.810302734375,-0.7423160482430831
816,41.59999999999972,0.04999999999999716,181.49860382080078,761.6163940429688,857.7262573242188,-0.7423160100588575
817,41.649999999999714,0.04999999999999716,181.95732421875002,761.8413696289062,855.6412353515625,-0.7423159718746319
818,41.69999999999971,0.04999999999999716,182.4150833129883,762.0654296875,853.5679321289062,-0.7423159718746319
819,41.69999999999971,0.04999999999999716,182.4150833129883,762.2880859375,851.50341796875,-0.7423158956225961
820,41.74999999999971,0.04999999999999716,182.8717987060547,762.5121459960938,849.4232788085938,-0.7423158956225961
821,41.799999999999706,0.04999999999999716,183.32756652832032,762.734375,847.3678588867188,-0.7423157811863348
822,41.8499999999997,0.04999999999999716,183.7822494506836,762.9574584960938,845.3016357421875,-0.7423157811863348
823,41.8999999999997,0.04999999999999716,184.23572387695313,763.1831665039062,843.20849609375,-0.7423157430021092
824,41.9499999999997,0.04999999999999716,184.68793487548828,763.4072265625,841.1375732421875,-0.7423157430021092
825,41.9499999999997,0.04999999999999716,184.68793487548828,763.6298828125,839.0712890625,-0.7423157048178837
826,41.999999999999694,0.04999999999999716,185.1387176513672,763.8572387695312,836.9671020507812,-0.7423156667500734
827,42.04999999999969,0.04999999999999716,185.58772888183594,764.082275390625,834.87646484375,-0.7423156285658479
828,42.09999999999969,0.04999999999999716,186.03461151123048,764.3053588867188,832.807373046875,-0.7423156285658479
829,42.09999999999969,0.04999999999999716,186.03461151123048,764.5280151367188,830.7425537109375,-0.7423155903816223
830,42.149999999999686,0.04999999999999716,186.47881622314455,764.7777099609375,828.6817626953125,-0.7423124242341146
831,42.19999999999968,0.04999999999999716,186.9197525024414,765.0321655273438,826.6013793945312,-0.7423154378775507
832,42.19999999999968,0.04999999999999716,186.9197525024414,765.2838745117188,824.540771484375,-0.742315819254145
833,42.24999999999968,0.04999999999999716,187.3566101074219,765.5407104492188,822.4385986328125,-0.7423158574383706
834,42.29999999999968,0.04999999999999716,187.78851013183595,765.7942504882812,820.3526611328125,-0.742315819254145
835,42.349999999999675,0.04999999999999716,188.21513671875002,766.0506591796875,818.2498168945312,-0.7423157811863348
836,42.39999999999967,0.04999999999999716,188.63502044677736,766.3094482421875,816.1253662109375,-0.7423157048178837
837,42.44999999999967,0.04999999999999716,188.9919662475586,766.564453125,814.0296020507812,-0.7423157048178837
838,42.44999999999967,0.04999999999999716,188.9919662475586,766.8189697265625,811.9459838867188,-0.7423156667500734
839,42.499999999999666,0.04999999999999716,189.1207260131836,767.0789794921875,809.818603515625,-0.7423156285658479
840,42.54999999999966,0.04999999999999716,188.69812316894533,767.335693359375,807.7141723632812,-0.7423156285658479
841,42.59999999999966,0.04999999999999716,187.52448120117188,767.5804443359375,805.6196899414062,-0.7423104787012562
842,42.64999999999966,0.04999999999999716,185.80447540283203,767.8053588867188,803.5131225585938,-0.7423147893277928
843,42.64999999999966,0.04999999999999716,185.80447540283203,768.0336303710938,801.4115600585938,-0.7423156667500734
844,42.699999999999655,0.04999999999999716,183.6994125366211,768.261962890625,799.3143310546875,-0.7423157430021092
845,42.74999999999965,0.04999999999999716,181.31011962890625,768.4946899414062,797.1687622070312,-0.7423157430021092
846,42.79999999999965,0.04999999999999716,178.72032623291017,768.725830078125,795.0407104492188,-0.7423157048178837
847,42.849999999999646,0.04999999999999716,176.02584686279297,768.9531860351562,792.9506225585938,-0.7423157048178837
848,42.89999999999964,0.04999999999999716,173.34180450439453,769.1795654296875,790.857666015625,-0.7423156667500734
849,42.94999999999964,0.04999999999999716,170.92462005615235,769.4074096679688,788.75390625,-0.7423156285658479
850,42.94999999999964,0.04999999999999716,170.92462005615235,769.6292724609375,786.6708374023438,-0.7423128437949345
851,42.99999999999964,0.04999999999999716,168.8782928466797,769.8209228515625,784.5796508789062,-0.7423145222710446
852,43.049999999999635,0.04999999999999716,167.15885009765626,770.0220336914062,782.4585571289062,-0.7423156667500734
853,43.09999999999963,0.04999999999999716,165.73559875488283,770.22216796875,780.36279296875,-0.7423157811863348
854,43.14999999999963,0.04999999999999716,164.5610778808594,770.421875,778.2628173828125,-0.7423157430021092
855,43.199999999999626,0.04999999999999716,163.5977005004883,770.62060546875,776.18505859375,-0.7423157430021092
856,43.24999999999962,0.04999999999999716,162.7072723388672,770.8175048828125,774.116455078125,-0.7423157048178837
857,43.29999999999962,0.04999999999999716,161.72777252197267,771.0143432617188,772.0446166992188,-0.7423156667500734
858,43.34999999999962,0.04999999999999716,160.82608337402345,771.2096557617188,769.9835205078125,-0.7423153234412894
859,43.399999999999615,0.04999999999999716,160.0614212036133,771.2975463867188,767.9135131835938,-0.7423071599332616
860,43.44999999999961,0.04999999999999716,159.41331024169924,771.2691040039062,765.8651123046875,-0.7423092961544171
861,43.49999999999961,0.04999999999999716,158.85992889404298,771.2639770507812,763.7862548828125,-0.7423161244951189
862,43.549999999999606,0.04999999999999716,158.37276763916017,771.2587280273438,761.6884155273438,-0.7423169637331739
863,43.5999999999996,0.04999999999999716,157.93795623779297,771.249267578125,759.6234130859375,-0.742314217146486
864,43.6499999999996,0.04999999999999716,157.53802642822265,771.211181640625,757.5516357421875,-0.7423157430021092
865,43.6999999999996,0.04999999999999716,157.16418914794923,771.0968017578125,755.4833374023438,-0.7422922826372087
866,43.749999999999595,0.04999999999999716,156.80670776367188,770.8131713867188,753.44873046875,-0.7423113943077624
867,43.79999999999959,0.04999999999999716,156.45787811279297,770.4473876953125,751.4130859375,-0.7423022771254182
868,43.84999999999959,0.04999999999999716,156.10797729492188,770.0400390625,749.3793334960938,-0.7423063969472423
869,43.89999999999959,0.04999999999999716,155.67784881591797,769.4944458007812,747.3814086914062,-0.7423036122927442
870,43.89999999999959,0.04999999999999716,155.67784881591797,768.8312377929688,745.451171875,-0.7423125386703759
871,43.949999999999584,0.04999999999999716,155.24208984375,768.0853881835938,743.5703125,-0.7423017049441114
872,43.99999999999958,0.04999999999999716,154.798681640625,767.2445068359375,741.7239379882812,-0.7422949528554454
873,43.99999999999958,0.04999999999999716,154.798681640625,766.2857055664062,739.9307861328125,-0.7422969365725294
874,44.04999999999958,0.04999999999999716,154.3422821044922,765.1336059570312,738.2741088867188,-0.7423094105906785
875,44.099999999999575,0.04999999999999716,153.87346801757812,763.9116821289062,736.6513671875,-0.7422961735865101
876,44.14999999999957,0.04999999999999716,153.39247283935546,762.6016235351562,735.1362915039062,-0.7423142553307116
877,44.19999999999957,0.04999999999999716,152.901123046875,761.2134399414062,733.685546875,-0.7423161244951189
878,44.24999999999957,0.04999999999999716,152.40260467529296,759.7565307617188,732.30029296875,-0.7423132252879441
879,44.299999999999564,0.04999999999999716,151.90135345458984,758.1156005859375,730.8775024414062,-0.742307617678307
880,44.34999999999956,0.04999999999999716,151.4009536743164,756.4514770507812,729.4776611328125,-0.7423214268637821
881,44.39999999999956,0.04999999999999716,150.90953521728517,754.8825073242188,728.1710205078125,-0.742313377908431
882,44.449999999999555,0.04999999999999716,150.43414306640625,753.2809448242188,726.9573364257812,-0.7423191762063652
883,44.54999999999955,0.09999999999999432,149.56303710937502,751.64453125,725.7698364257812,-0.7423171544214711
884,44.59999999999955,0.04999999999999716,149.17120971679688,749.9868774414062,724.6240234375,-0.7423065877519548
885,44.649999999999544,0.04999999999999716,148.80984191894532,748.292236328125,723.4955444335938,-0.7423203587532043
886,44.69999999999954,0.04999999999999716,148.48926086425783,746.5691528320312,722.4483642578125,-0.742314369766973
887,44.74999999999954,0.04999999999999716,148.21858520507814,744.8391723632812,721.3909301757812,-0.7423219991615042
888,44.799999999999535,0.04999999999999716,148.00575256347656,743.1275634765625,720.34375,-0.7423224569065496
889,44.84999999999953,0.04999999999999716,147.85725860595704,741.358642578125,719.3234252929688,-0.7423068548087031
890,44.89999999999953,0.04999999999999716,147.7780746459961,739.55419921875,718.3248291015625,-0.7423199391923845
891,44.94999999999953,0.04999999999999716,147.77140045166016,737.775390625,717.3352661132812,-0.7423216939205304
892,44.999999999999524,0.04999999999999716,147.83860931396484,735.9932861328125,716.3433227539062,-0.7423216557363048
893,45.04999999999952,0.04999999999999716,148.0804870605469,734.1543579101562,715.3193359375,-0.7423213124275208
894,45.09999999999952,0.04999999999999716,148.40215301513672,732.3410034179688,714.3501586914062,-0.742308456916362
895,45.149999999999515,0.04999999999999716,148.79657592773438,730.5183715820312,713.4105834960938,-0.7423190617701039
896,45.19999999999951,0.04999999999999716,149.2601303100586,728.697509765625,712.4268798828125,-0.7423083806643263
897,45.24999999999951,0.04999999999999716,149.7829147338867,726.8885498046875,711.4146118164062,-0.7423188328975812
898,45.24999999999951,0.04999999999999716,149.7829147338867,725.1082153320312,710.423095703125,-0.7423205495579168
899,45.29999999999951,0.04999999999999716,150.34898529052734,723.308349609375,709.4202270507812,-0.7423205113736913
900,45.349999999999504,0.04999999999999716,150.9415054321289,721.4984741210938,708.4127807617188,-0.7423200918128714
901,45.3999999999995,0.04999999999999716,151.5420867919922,719.69873046875,707.4102783203125,-0.74231997737661
902,45.4499999999995,0.04999999999999716,152.13446960449218,717.8887939453125,706.402587890625,-0.7423196339514107
903,45.499999999999496,0.04999999999999716,152.71240539550783,716.0477905273438,705.378662109375,-0.7423193288268521
904,45.54999999999949,0.04999999999999716,153.27322998046876,714.2102661132812,704.3553466796875,-0.7423191762063652
905,45.59999999999949,0.04999999999999716,153.8193603515625,712.37841796875,703.3359375,-0.7423189473338425
906,45.64999999999949,0.04999999999999716,154.35487518310546,710.5161743164062,702.298583984375,-0.7423186802770942
907,45.699999999999484,0.04999999999999716,154.88363342285157,708.666015625,701.2684936523438,-0.7423185658408329
908,45.74999999999948,0.04999999999999716,155.40879364013674,706.822265625,700.2416381835938,-0.7423182607162744
909,45.79999999999948,0.04999999999999716,155.9323471069336,704.946533203125,699.197021484375,-0.7423179555917159
910,45.849999999999476,0.04999999999999716,156.45509033203126,703.1136474609375,698.177001953125,-0.7423179174074903
911,45.89999999999947,0.04999999999999716,156.97724304199218,701.2525024414062,697.1406860351562,-0.7423176121665165
912,45.94999999999947,0.04999999999999716,157.49822845458985,699.3790283203125,696.0982055664062,-0.7423177647870034
913,45.99999999999947,0.04999999999999716,158.01726379394532,697.5098266601562,695.05810546875,-0.7423176121665165
914,46.049999999999464,0.04999999999999716,158.5336898803711,695.65625,694.0261840820312,-0.7423174214782193
915,46.09999999999946,0.04999999999999716,159.0470397949219,693.7705078125,692.9769897460938,-0.7423172688577324
916,46.14999999999946,0.04999999999999716,159.55731353759765,691.901611328125,691.9364013671875,-0.7423170781694353
917,46.199999999999456,0.04999999999999716,160.0646484375,690.0443115234375,690.9027099609375,-0.7423169637331739
918,46.24999999999945,0.04999999999999716,160.5694564819336,688.2884521484375,689.9255981445312,-0.742316811112687
919,46.29999999999945,0.04999999999999716,161.07232818603515,686.3914794921875,688.8699951171875,-0.7423166966764256
920,46.34999999999945,0.04999999999999716,161.57371673583984,684.5103759765625,687.8223876953125,-0.7423168492969126
921,46.399999999999444,0.04999999999999716,162.0740203857422,682.5811767578125,686.7472534179688,-0.7423166204243898
922,46.44999999999944,0.04999999999999716,162.57356872558594,680.6767578125,685.6867065429688,-0.7423165822401643
923,46.49999999999944,0.04999999999999716,163.07252655029296,678.7884521484375,684.6353759765625,-0.7423163533676416
924,46.49999999999944,0.04999999999999716,163.07252655029296,677.0401611328125,683.661865234375,-0.7423163915518671
925,46.549999999999436,0.04999999999999716,163.57089385986328,675.130615234375,682.5994262695312,-0.7423164296196774
926,46.59999999999943,0.04999999999999716,164.06857452392578,673.2427368164062,681.5475463867188,-0.7423162771156058
927,46.64999999999943,0.04999999999999716,164.565348815918,671.3389892578125,680.488037109375,-0.7423161244951189
928,46.69999999999943,0.04999999999999716,165.06103820800783,669.4193115234375,679.4188232421875,-0.7423162007471547
929,46.749999999999424,0.04999999999999716,165.55542297363283,667.5164184570312,678.3592529296875,-0.7423162007471547
930,46.79999999999942,0.04999999999999716,166.04832458496094,665.6065673828125,677.2960205078125,-0.7423159718746319
931,46.84999999999942,0.04999999999999716,166.5396469116211,663.8457641601562,676.3156127929688,-0.7423160482430831
932,46.899999999999416,0.04999999999999716,167.02933502197266,662.094970703125,675.3401489257812,-0.7423160100588575
933,46.94999999999941,0.04999999999999716,167.5174301147461,660.34326171875,674.3646240234375,-0.7423158574383706
934,46.99999999999941,0.04999999999999716,168.00398712158204,658.416259765625,673.2919311523438,-0.7423158956225961
935,47.04999999999941,0.04999999999999716,168.48912963867187,656.5078735351562,672.2279663085938,-0.7423158956225961
936,47.099999999999405,0.04999999999999716,168.97292633056642,654.7241821289062,671.2349243164062,-0.7423157430021092
937,47.1499999999994,0.04999999999999716,169.4556106567383,652.7996215820312,670.1641845703125,-0.7423157811863348
938,47.1999999999994,0.04999999999999716,169.93723754882814,650.9098510742188,669.1109008789062,-0.7423157048178837
939,47.249999999999396,0.04999999999999716,170.4179443359375,648.9963989257812,668.045166015625,-0.7423157430021092
940,47.249999999999396,0.04999999999999716,170.4179443359375,647.1124877929688,666.9965209960938,-0.7423157430021092
941,47.29999999999939,0.04999999999999716,170.89771728515626,645.2067260742188,665.9359130859375,-0.7423158574383706
942,47.34999999999939,0.04999999999999716,171.37673492431642,643.3223266601562,664.8859252929688,-0.7423156285658479
943,47.39999999999939,0.04999999999999716,171.8550247192383,641.4432373046875,663.8392333984375,-0.7423157811863348
944,47.449999999999385,0.04999999999999716,172.33254547119142,639.5513916015625,662.7859497070312,-0.7423155903816223
945,47.49999999999938,0.04999999999999716,172.8093246459961,637.67626953125,661.7420043945312,-0.7423153996933252
946,47.54999999999938,0.04999999999999716,173.2853210449219,635.7838745117188,660.6829833984375,-0.7423126912908629
947,47.54999999999938,0.04999999999999716,173.2853210449219,633.8876342773438,659.5838012695312,-0.7423145986394957
948,47.64999999999937,0.09999999999999432,174.23496551513674,632.022705078125,658.5112915039062,-0.7423157048178837
949,47.64999999999937,0.09999999999999432,174.23496551513674,630.1793823242188,657.4005126953125,-0.7423046041512862
950,47.69999999999937,0.04999999999999716,174.7085723876953,628.3280639648438,656.25537109375,-0.7423149037640542
951,47.74999999999937,0.04999999999999716,175.18128662109376,626.5057373046875,655.1375732421875,-0.7423129582311958
952,47.799999999999365,0.04999999999999716,175.6531219482422,624.6355590820312,654.0831298828125,-0.7423131108516827
953,47.84999999999936,0.04999999999999716,176.1240234375,622.7648315429688,653.0079956054688,-0.742316315183416
954,47.89999999999936,0.04999999999999716,176.59400482177736,620.9070434570312,651.9107055664062,-0.7423129582311958
955,47.89999999999936,0.04999999999999716,176.59400482177736,619.0673828125,650.8185424804688,-0.7423162007471547
956,47.949999999999356,0.04999999999999716,177.06302490234376,617.2235107421875,649.7243041992188,-0.7423167729284614
957,47.99999999999935,0.04999999999999716,177.5310836791992,615.3805541992188,648.6307983398438,-0.7423167729284614
958,48.04999999999935,0.04999999999999716,177.99815368652344,613.5301513671875,647.5328369140625,-0.7423166204243898
959,48.09999999999935,0.04999999999999716,178.46426239013672,611.654052734375,646.4194946289062,-0.7423166204243898
960,48.149999999999345,0.04999999999999716,178.9293960571289,609.7936401367188,645.3159790039062,-0.7423165059881285
961,48.19999999999934,0.04999999999999716,179.39354095458984,607.9262084960938,644.2078247070312,-0.7423163915518671
962,48.24999999999934,0.04999999999999716,179.85673828125002,606.0618896484375,643.1015625,-0.742316315183416
963,48.24999999999934,0.04999999999999716,179.85673828125002,604.3362426757812,642.0778198242188,-0.7423162007471547
964,48.299999999999336,0.04999999999999716,180.31896057128907,602.6425170898438,640.5009765625,0.0
965,48.34999999999933,0.04999999999999716,180.78018035888672,600.9219360351562,639.4813842773438,0.0
966,48.39999999999933,0.04999999999999716,181.2404800415039,599.2013549804688,638.4617919921875,0.0
967,48.44999999999933,0.04999999999999716,181.69981842041017,597.4807739257812,637.4421997070312,0.0
968,48.499999999999325,0.04999999999999716,182.15819549560547,595.7601928710938,636.422607421875,0.0
969,48.499999999999325,0.04999999999999716,182.15819549560547,594.0396118164062,635.4029541015625,0.0
970,48.54999999999932,0.04999999999999716,182.6155563354492,592.3190307617188,634.3833618164062,0.0
971,48.59999999999932,0.04999999999999716,183.07196960449218,590.598388671875,633.36376953125,0.0
972,48.64999999999932,0.04999999999999716,183.5274215698242,588.8778076171875,632.3441772460938,0.0
973,48.699999999999314,0.04999999999999716,183.9818572998047,587.1572265625,631.3245849609375,0.0
974,48.74999999999931,0.04999999999999716,184.43535919189455,585.4366455078125,630.3049926757812,0.0
975,48.74999999999931,0.04999999999999716,184.43535919189455,583.716064453125,629.285400390625,0.0
976,48.79999999999931,0.04999999999999716,184.88787231445312,581.9954833984375,628.2658081054688,0.0
977,48.849999999999305,0.04999999999999716,185.33942413330078,580.27490234375,627.2462158203125,0.0
978,48.8999999999993,0.04999999999999716,185.78998718261718,578.5543212890625,626.2265625,0.0
979,48.8999999999993,0.04999999999999716,185.78998718261718,576.833740234375,625.2069702148438,0.0
980,48.9499999999993,0.04999999999999716,186.23956146240235,575.1131591796875,624.1873779296875,0.0
981,48.9999999999993,0.04999999999999716,186.68811950683593,573.392578125,623.1677856445312,0.0
982,49.049999999999294,0.04999999999999716,187.13575744628906,571.6719970703125,622.148193359375,0.0
983,49.09999999999929,0.04999999999999716,187.5824203491211,569.9513549804688,621.1286010742188,0.0
984,49.09999999999929,0.04999999999999716,187.5824203491211,568.2307739257812,620.1090087890625,0.0
985,49.14999999999929,0.04999999999999716,188.0280944824219,566.5101928710938,619.0894165039062,0.0
986,49.199999999999285,0.04999999999999716,188.4728210449219,564.7896118164062,618.06982421875,0.0
987,49.24999999999928,0.04999999999999716,188.91655883789062,563.0690307617188,617.0501708984375,0.0
988,49.24999999999928,0.04999999999999716,188.91655883789062,561.3484497070312,616.0305786132812,0.0
989,49.29999999999928,0.04999999999999716,189.35930786132812,559.6278686523438,615.010986328125,0.0
990,49.34999999999928,0.04999999999999716,189.80115051269533,557.9072875976562,613.9913940429688,0.0
991,49.399999999999274,0.04999999999999716,190.24200439453125,556.1867065429688,612.9718017578125,0.0
992,49.399999999999274,0.04999999999999716,190.24200439453125,554.4661254882812,611.9522094726562,0.0
993,49.44999999999927,0.04999999999999716,190.68191070556642,552.7454833984375,610.9326171875,0.0
994,49.49999999999927,0.04999999999999716,191.1208282470703,551.02490234375,609.9130249023438,0.0
995,49.549999999999265,0.04999999999999716,191.5586883544922,549.3043212890625,608.8934326171875,0.0
996,49.549999999999265,0.04999999999999716,191.5586883544922,547.583740234375,607.8738403320312,0.0
997,49.59999999999926,0.04999999999999716,191.99547729492187,545.8631591796875,606.8541870117188,0.0
998,49.64999999999926,0.04999999999999716,192.43114013671877,544.142578125,605.8345947265625,0.0
999,49.69999999999926,0.04999999999999716,192.86563568115236,542.4219970703125,604.8150024414062,0.0
1000,49.69999999999926,0.04999999999999716,192.86563568115236,540.701416015625,603.79541015625,0.0
1001,49.749999999999254,0.04999999999999716,193.29885406494142,538.9808349609375,602.7758178710938,0.0
1002,49.79999999999925,0.04999999999999716,193.73072662353516,537.26025390625,601.7562255859375,0.0
1003,49.84999999999925,0.04999999999999716,194.16117095947266,535.5396728515625,600.7366333007812,0.0
1004,49.84999999999925,0.04999999999999716,194.16117095947266,533.819091796875,599.717041015625,0.0
1005,49.899999999999245,0.04999999999999716,194.59007720947267,532.0984497070312,598.6974487304688,0.0
1006,49.94999999999924,0.04999999999999716,195.01729431152344,530.3778686523438,597.6778564453125,0.0
1007,49.99999999999924,0.04999999999999716,195.44273986816407,528.6572875976562,596.658203125,0.0
1008,49.99999999999924,0.04999999999999716,195.44273986816407,526.9367065429688,595.6386108398438,0.0
1009,50.04999999999924,0.04999999999999716,195.86631774902344,525.2161254882812,594.6190185546875,0.0
1010,50.099999999999234,0.04999999999999716,196.28784942626953,523.4955444335938,593.5994262695312,0.0
1011,50.14999999999923,0.04999999999999716,196.7073211669922,521.7749633789062,592.579833984375,0.0
1012,50.14999999999923,0.04999999999999716,196.7073211669922,520.0559692382812,591.5576171875,0.0
1013,50.19999999999923,0.04999999999999716,197.12444458007812,518.3410034179688,590.528564453125,0.0
1014,50.249999999999226,0.04999999999999716,197.53919219970703,516.6301879882812,589.49267578125,0.0
1015,50.29999999999922,0.04999999999999716,197.9516326904297,514.9235229492188,588.4498901367188,0.0
1016,50.29999999999922,0.04999999999999716,197.9516326904297,513.2210693359375,587.400390625,0.0
1017,50.34999999999922,0.04999999999999716,198.36128540039064,511.52276611328125,586.343994140625,0.0
1018,50.34999999999922,0.04999999999999716,198.36128540039064,509.82879638671875,585.2808837890625,0.0
1019,50.39999999999922,0.04999999999999716,198.76831512451173,508.1390075683594,584.2109375,0.0
1020,50.449999999999214,0.04999999999999716,199.17257080078124,506.4535217285156,583.13427734375,0.0
1021,50.449999999999214,0.04999999999999716,199.17257080078124,504.77239990234375,582.0509033203125,0.0
1022,50.49999999999921,0.04999999999999716,199.57395629882814,503.0955810546875,580.9608154296875,0.0
1023,50.54999999999921,0.04999999999999716,199.9725128173828,501.42315673828125,579.8639526367188,0.0
1024,50.54999999999921,0.04999999999999716,199.9725128173828,499.755126953125,578.760498046875,0.0
1025,50.599999999999206,0.04999999999999716,200.36815795898437,498.091552734375,577.6503295898438,0.0
1026,50.6499999999992,0.04999999999999716,200.76097412109377,496.4324035644531,576.5335693359375,0.0
1027,50.6999999999992,0.04999999999999716,201.15098876953127,494.7777404785156,575.4100952148438,0.0
1028,50.6999999999992,0.04999999999999716,201.15098876953127,493.1275634765625,574.280029296875,0.0
1029,50.7499999999992,0.04999999999999716,201.5382843017578,491.4819641113281,573.1434326171875,0.0
1030,50.799999999999194,0.04999999999999716,201.922998046875,489.84088134765625,572.000244140625,0.0
1031,50.799999999999194,0.04999999999999716,201.922998046875,488.20440673828125,570.8504638671875,0.0
1032,50.84999999999919,0.04999999999999716,202.3050064086914,486.5725402832031,569.6942138671875,0.0
1033,50.89999999999919,0.04999999999999716,202.68481750488283,484.9453125,568.5313720703125,0.0
1034,50.949999999999186,0.04999999999999716,203.06251373291016,483.32275390625,567.362060546875,0.0
1035,50.949999999999186,0.04999999999999716,203.06251373291016,481.70489501953125,566.186279296875,0.0
1036,50.99999999999918,0.04999999999999716,203.4383560180664,480.09173583984375,565.0040283203125,0.0
1037,51.04999999999918,0.04999999999999716,203.81260528564454,478.4833068847656,563.8153076171875,0.0
1038,51.04999999999918,0.04999999999999716,203.81260528564454,476.8796691894531,562.6202392578125,0.0
1039,51.09999999999918,0.04999999999999716,204.1855224609375,475.28082275390625,561.418701171875,0.0
1040,51.149999999999174,0.04999999999999716,204.55731353759765,473.686767578125,560.2108154296875,0.0
1041,51.149999999999174,0.04999999999999716,204.55731353759765,472.09759521484375,558.9965209960938,0.0
1042,51.19999999999917,0.04999999999999716,204.9283905029297,470.5132751464844,557.77587890625,0.0
1043,51.24999999999917,0.04999999999999716,205.29900054931642,468.933837890625,556.5489501953125,0.0
1044,51.299999999999166,0.04999999999999716,205.66922607421876,467.3593444824219,555.315673828125,0.0
1045,51.299999999999166,0.04999999999999716,205.66922607421876,465.7897644042969,554.076171875,0.0
1046,51.34999999999916,0.04999999999999716,206.0395751953125,464.2251892089844,552.830322265625,0.0
1047,51.39999999999916,0.04999999999999716,206.4101577758789,462.66558837890625,551.5782470703125,0.0
1048,51.39999999999916,0.04999999999999716,206.4101577758789,461.11102294921875,550.3199462890625,0.0
1049,51.44999999999916,0.04999999999999716,206.78127593994142,459.5611267089844,549.055908203125,0.0
1050,51.499999999999154,0.04999999999999716,207.1530532836914,458.01220703125,547.7906494140625,0.0
1051,51.499999999999154,0.04999999999999716,207.1530532836914,456.46331787109375,546.525390625,0.0
1052,51.54999999999915,0.04999999999999716,207.5256546020508,454.9143981933594,545.2601318359375,0.0
1053,51.59999999999915,0.04999999999999716,207.8992446899414,453.3655090332031,543.9948120117188,0.0
1054,51.649999999999146,0.04999999999999716,208.27386474609375,451.8166198730469,542.7295532226562,0.0
1055,51.649999999999146,0.04999999999999716,208.27386474609375,450.2677001953125,541.4642944335938,0.0
1056,51.69999999999914,0.04999999999999716,208.6496795654297,448.71881103515625,540.1990356445312,0.0
1057,51.74999999999914,0.04999999999999716,209.02667541503908,447.1698913574219,538.9337768554688,0.0
1058,51.79999999999914,0.04999999999999716,209.40486602783204,445.6210021972656,537.6685180664062,0.0
1059,51.79999999999914,0.04999999999999716,209.40486602783204,444.0721130371094,536.4032592773438,0.0
1060,51.849999999999135,0.04999999999999716,209.78426513671874,442.523193359375,535.137939453125,0.0
1061,51.89999999999913,0.04999999999999716,210.1647903442383,440.97430419921875,533.8726806640625,0.0
1062,51.94999999999913,0.04999999999999716,210.54640045166016,439.4253845214844,532.607421875,0.0
1063,51.94999999999913,0.04999999999999716,210.54640045166016,437.87677001953125,531.341796875,0.0
1064,51.999999999999126,0.04999999999999716,210.92901306152345,436.33203125,530.0714721679688,0.0
1065,52.04999999999912,0.04999999999999716,211.31253204345703,434.7923889160156,528.794921875,0.0
1066,52.04999999999912,0.04999999999999716,211.31253204345703,433.25787353515625,527.5122680664062,0.0
1067,52.09999999999912,0.04999999999999716,211.6967788696289,431.728515625,526.2235107421875,0.0
1068,52.14999999999912,0.04999999999999716,212.0817123413086,430.2043151855469,524.9285888671875,0.0
1069,52.14999999999912,0.04999999999999716,212.0817123413086,428.685302734375,523.6275634765625,0.0
1070,52.199999999999115,0.04999999999999716,212.46716766357423,427.1714782714844,522.3204956054688,0.0
1071,52.24999999999911,0.04999999999999716,212.85300750732424,425.6629333496094,521.0073852539062,0.0
1072,52.24999999999911,0.04999999999999716,212.85300750732424,424.1596374511719,519.688232421875,0.0
1073,52.29999999999911,0.04999999999999716,213.23903961181642,422.6616516113281,518.3631591796875,0.0
1074,52.29999999999911,0.04999999999999716,213.23903961181642,421.1689453125,517.031982421875,0.0
1075,52.349999999999106,0.04999999999999716,213.6252639770508,419.68157958984375,515.6949462890625,0.0
1076,52.349999999999106,0.04999999999999716,213.6252639770508,418.1995849609375,514.3519287109375,0.0
1077,52.3999999999991,0.04999999999999716,214.011474609375,416.7229919433594,513.0029907226562,0.0
1078,52.4499999999991,0.04999999999999716,214.39757537841797,415.25177001953125,511.6481628417969,0.0
1079,52.4499999999991,0.04999999999999716,214.39757537841797,413.7860107421875,510.2874755859375,0.0
1080,52.4999999999991,0.04999999999999716,214.7834701538086,412.3236999511719,508.92303466796875,0.0
1081,52.549999999999095,0.04999999999999716,215.1690902709961,410.8614501953125,507.5585632324219,0.0
1082,52.549999999999095,0.04999999999999716,215.1690902709961,409.399169921875,506.1941223144531,0.0
1083,52.59999999999909,0.04999999999999716,215.55425720214845,407.9368896484375,504.82965087890625,0.0
1084,52.64999999999909,0.04999999999999716,215.9389846801758,406.4746398925781,503.4651794433594,0.0
1085,52.64999999999909,0.04999999999999716,215.9389846801758,405.0123596191406,502.1007080078125,0.0
1086,52.699999999999086,0.04999999999999716,216.32310791015627,403.55010986328125,500.7362365722656,0.0
1087,52.74999999999908,0.04999999999999716,216.70662689208984,402.08782958984375,499.37176513671875,0.0
1088,52.74999999999908,0.04999999999999716,216.70662689208984,400.62554931640625,498.00732421875,0.0
1089,52.79999999999908,0.04999999999999716,217.08948669433593,399.1632995605469,496.6428527832031,0.0
1090,52.84999999999908,0.04999999999999716,217.47161865234375,397.7010192871094,495.27838134765625,0.0
1091,52.84999999999908,0.04999999999999716,217.47161865234375,396.2387390136719,493.9139099121094,0.0
1092,52.899999999999075,0.04999999999999716,217.85299530029297,394.7764892578125,492.5494384765625,0.0
1093,52.94999999999907,0.04999999999999716,218.23357543945312,393.314208984375,491.18499755859375,0.0
1094,52.94999999999907,0.04999999999999716,218.23357543945312,391.8519287109375,489.8205261230469,0.0
1095,52.99999999999907,0.04999999999999716,218.61331787109376,390.3896789550781,488.4560546875,0.0
1096,53.049999999999066,0.04999999999999716,218.99216766357424,388.9273986816406,487.0915832519531,0.0
1097,53.049999999999066,0.04999999999999716,218.99216766357424,387.4651184082031,485.72711181640625,0.0
1098,53.09999999999906,0.04999999999999716,219.3701385498047,386.00286865234375,484.3626403808594,0.0
1099,53.14999999999906,0.04999999999999716,219.747216796875,384.54058837890625,482.9981689453125,0.0
1100,53.14999999999906,0.04999999999999716,219.747216796875,383.07830810546875,481.63372802734375,0.0
1101,53.19999999999906,0.04999999999999716,220.12334747314455,381.6160583496094,480.2692565917969,0.0
1102,53.249999999999055,0.04999999999999716,220.49854431152343,380.1537780761719,478.90478515625,0.0
1103,53.249999999999055,0.04999999999999716,220.49854431152343,378.6915283203125,477.5403137207031,0.0
1104,53.29999999999905,0.04999999999999716,220.87283477783203,377.229248046875,476.17584228515625,0.0
1105,53.34999999999905,0.04999999999999716,221.24616394042968,375.7669677734375,474.8114013671875,0.0
1106,53.34999999999905,0.04999999999999716,221.24616394042968,374.3047180175781,473.4469299316406,0.0
1107,53.39999999999905,0.04999999999999716,221.6185729980469,372.8424377441406,472.08245849609375,0.0
1108,53.449999999999044,0.04999999999999716,221.9900894165039,371.3801574707031,470.7179870605469,0.0
1109,53.449999999999044,0.04999999999999716,221.9900894165039,369.91790771484375,469.353515625,0.0
1110,53.49999999999904,0.04999999999999716,222.36065826416015,368.45562744140625,467.9890441894531,0.0
1111,53.54999999999904,0.04999999999999716,222.73033447265627,366.99334716796875,466.6246032714844,0.0
1112,53.54999999999904,0.04999999999999716,222.73033447265627,365.5310974121094,465.2601318359375,0.0
1113,53.599999999999035,0.04999999999999716,223.09910430908204,364.0688171386719,463.8956604003906,0.0
1114,53.64999999999903,0.04999999999999716,223.46696777343752,362.6065368652344,462.53118896484375,0.0
1115,53.64999999999903,0.04999999999999716,223.46696777343752,361.144287109375,461.1667175292969,0.0
1116,53.69999999999903,0.04999999999999716,223.8339797973633,359.6820068359375,459.80224609375,0.0
1117,53.69999999999903,0.04999999999999716,223.8339797973633,358.2197265625,458.43780517578125,0.0
1118,53.74999999999903,0.04999999999999716,224.2000717163086,356.7574768066406,457.0733337402344,0.0
1119,53.799999999999024,0.04999999999999716,224.56533966064453,355.2951965332031,455.7088623046875,0.0
1120,53.799999999999024,0.04999999999999716,224.56533966064453,353.83294677734375,454.3443908691406,0.0
1121,53.84999999999902,0.04999999999999716,224.9297286987305,352.37066650390625,452.97991943359375,0.0
1122,53.89999999999902,0.04999999999999716,225.29325256347656,350.90838623046875,451.615478515625,0.0
1123,53.89999999999902,0.04999999999999716,225.29325256347656,349.44610595703125,450.2510070800781,0.0
1124,53.949999999999015,0.04999999999999716,225.655924987793,347.9838562011719,448.88653564453125,0.0
1125,53.99999999999901,0.04999999999999716,226.0178009033203,346.5215759277344,447.5220642089844,0.0
1126,53.99999999999901,0.04999999999999716,226.0178009033203,345.059326171875,446.1575927734375,0.0
1127,54.04999999999901,0.04999999999999716,226.378825378418,343.5970458984375,444.7931213378906,0.0
1128,54.04999999999901,0.04999999999999716,226.378825378418,342.13543701171875,443.427978515625,0.0
1129,54.09999999999901,0.04999999999999716,226.73898468017578,340.67852783203125,442.05780029296875,0.0
1130,54.149999999999004,0.04999999999999716,227.0983612060547,339.22711181640625,440.6817932128906,0.0
1131,54.149999999999004,0.04999999999999716,227.0983612060547,337.78118896484375,439.3000183105469,0.0
1132,54.199999999999,0.04999999999999716,227.4569274902344,336.33929443359375,437.91400146484375,0.0
1133,54.249999999999,0.04999999999999716,227.81465606689454,334.8976135253906,436.5278015136719,0.0
1134,54.249999999999,0.04999999999999716,227.81465606689454,333.4559326171875,435.1416015625,0.0
1135,54.299999999998995,0.04999999999999716,228.17156066894532,332.0142517089844,433.7554016113281,0.0
1136,54.299999999998995,0.04999999999999716,228.17156066894532,330.57257080078125,432.36920166015625,0.0
1137,54.34999999999899,0.04999999999999716,228.52765502929688,329.1308898925781,430.9830017089844,0.0
1138,54.39999999999899,0.04999999999999716,228.88293914794923,327.689208984375,429.5968017578125,0.0
1139,54.39999999999899,0.04999999999999716,228.88293914794923,326.2475280761719,428.2106018066406,0.0
1140,54.44999999999899,0.04999999999999716,229.2374267578125,324.80584716796875,426.82440185546875,0.0
1141,54.499999999998984,0.04999999999999716,229.59110412597656,323.3641662597656,425.4382019042969,0.0
1142,54.499999999998984,0.04999999999999716,229.59110412597656,321.9224853515625,424.052001953125,0.0
1143,54.54999999999898,0.04999999999999716,229.94399871826172,320.4808044433594,422.6658020019531,0.0
1144,54.54999999999898,0.04999999999999716,229.94399871826172,319.03912353515625,421.27960205078125,0.0
1145,54.59999999999898,0.04999999999999716,230.29606933593752,317.5974426269531,419.89337158203125,0.0
1146,54.649999999998975,0.04999999999999716,230.647412109375,316.15576171875,418.5071716308594,0.0
1147,54.649999999998975,0.04999999999999716,230.647412109375,314.7140808105469,417.1209716796875,0.0
1148,54.69999999999897,0.04999999999999716,230.9979034423828,313.27239990234375,415.7347717285156,0.0
1149,54.74999999999897,0.04999999999999716,231.34757080078126,311.8307189941406,414.34857177734375,0.0
1150,54.74999999999897,0.04999999999999716,231.34757080078126,310.3890380859375,412.9623718261719,0.0
1151,54.79999999999897,0.04999999999999716,231.69644165039062,308.9473571777344,411.576171875,0.0
1152,54.79999999999897,0.04999999999999716,231.69644165039062,307.50567626953125,410.1899719238281,0.0
1153,54.849999999998964,0.04999999999999716,232.04451599121094,306.0639953613281,408.80377197265625,0.0
1154,54.89999999999896,0.04999999999999716,232.39184875488283,304.622314453125,407.4175720214844,0.0
1155,54.89999999999896,0.04999999999999716,232.39184875488283,303.1806335449219,406.0313720703125,0.0
1156,54.94999999999896,0.04999999999999716,232.73841247558593,301.73895263671875,404.6451416015625,0.0
1157,54.999999999998956,0.04999999999999716,233.0841796875,300.2972717285156,403.25897216796875,0.0
1158,54.999999999998956,0.04999999999999716,233.0841796875,298.8555908203125,401.87274169921875,0.0
1159,55.04999999999895,0.04999999999999716,233.429150390625,297.4139099121094,400.4865417480469,0.0
1160,55.04999999999895,0.04999999999999716,233.429150390625,295.97222900390625,399.100341796875,0.0
1161,55.09999999999895,0.04999999999999716,233.77332458496093,294.5305480957031,397.7141418457031,0.0
1162,55.14999999999895,0.04999999999999716,234.11672973632812,293.0888671875,396.32794189453125,0.0
1163,55.14999999999895,0.04999999999999716,234.11672973632812,291.6471862792969,394.9417419433594,0.0
1164,55.199999999998944,0.04999999999999716,234.45936584472656,290.20550537109375,393.5555419921875,0.0
1165,55.24999999999894,0.04999999999999716,234.80120544433595,288.7638244628906,392.1693420410156,0.0
1166,55.24999999999894,0.04999999999999716,234.80120544433595,287.3221435546875,390.78314208984375,0.0
1167,55.29999999999894,0.04999999999999716,235.14230346679688,285.8804626464844,389.3969421386719,0.0
1168,55.29999999999894,0.04999999999999716,235.14230346679688,284.43878173828125,388.0107421875,0.0
1169,55.349999999998936,0.04999999999999716,235.48255004882813,282.99713134765625,386.62451171875,0.0
1170,55.39999999999893,0.04999999999999716,235.82208251953125,281.555419921875,385.2383117675781,0.0
1171,55.39999999999893,0.04999999999999716,235.82208251953125,280.11376953125,383.85211181640625,0.0
1172,55.44999999999893,0.04999999999999716,236.16081848144532,278.67205810546875,382.4659118652344,0.0
1173,55.44999999999893,0.04999999999999716,236.16081848144532,277.23040771484375,381.0797119140625,0.0
1174,55.49999999999893,0.04999999999999716,236.49878540039063,275.7886962890625,379.6935119628906,0.0
1175,55.549999999998924,0.04999999999999716,236.8359832763672,274.3470458984375,378.30731201171875,0.0
1176,55.549999999998924,0.04999999999999716,236.8359832763672,272.90533447265625,376.9211120605469,0.0
1177,55.59999999999892,0.04999999999999716,237.17241210937502,271.46368408203125,375.534912109375,0.0
1178,55.59999999999892,0.04999999999999716,237.17241210937502,270.02197265625,374.1487121582031,0.0
1179,55.64999999999892,0.04999999999999716,237.5080993652344,268.580322265625,372.76251220703125,0.0
1180,55.699999999998916,0.04999999999999716,237.8429901123047,267.1395263671875,371.37530517578125,0.0
1181,55.699999999998916,0.04999999999999716,237.8429901123047,265.70379638671875,369.9829406738281,0.0
1182,55.74999999999891,0.04999999999999716,238.17713928222656,264.2736511230469,368.5848388671875,0.0
1183,55.74999999999891,0.04999999999999716,238.17713928222656,262.84912109375,367.1810302734375,0.0
1184,55.79999999999891,0.04999999999999716,238.5105194091797,261.4302062988281,365.7715148925781,0.0
1185,55.84999999999891,0.04999999999999716,238.84310302734374,260.0169982910156,364.3563537597656,0.0
1186,55.84999999999891,0.04999999999999716,238.84310302734374,258.6064453125,362.9384765625,0.0
1187,55.899999999998904,0.04999999999999716,239.17491760253907,257.1959228515625,361.52056884765625,0.0
1188,55.9499999999989,0.04999999999999716,239.50599060058593,255.785400390625,360.1026916503906,0.0
1189,55.9999999999989,0.04999999999999716,239.8363220214844,254.3748779296875,358.6847839355469,0.0
1190,55.9999999999989,0.04999999999999716,239.8363220214844,252.96435546875,357.26690673828125,0.0
1191,56.049999999998896,0.04999999999999716,240.1659118652344,251.5538330078125,355.8490295410156,0.0
1192,56.049999999998896,0.04999999999999716,240.1659118652344,250.14329528808594,354.4311218261719,0.0
1193,56.09999999999889,0.04999999999999716,240.49473266601564,248.73277282714844,353.01324462890625,0.0
1194,56.14999999999889,0.04999999999999716,240.82278442382812,247.32225036621094,351.5953369140625,0.0
1195,56.14999999999889,0.04999999999999716,240.82278442382812,245.91171264648438,350.1774597167969,0.0
1196,56.19999999999889,0.04999999999999716,241.1500671386719,244.50119018554688,348.7595520019531,0.0
1197,56.19999999999889,0.04999999999999716,241.1500671386719,243.09066772460938,347.3416748046875,0.0
1198,56.249999999998884,0.04999999999999716,241.4766082763672,241.68014526367188,345.92376708984375,0.0
1199,56.29999999999888,0.04999999999999716,241.80240783691406,240.2696075439453,344.5058898925781,0.0
1200,56.29999999999888,0.04999999999999716,241.80240783691406,238.8590850830078,343.0880126953125,0.0
1201,56.34999999999888,0.04999999999999716,242.12752075195314,237.4485626220703,341.67010498046875,0.0
1202,56.34999999999888,0.04999999999999716,242.12752075195314,236.03802490234375,340.2522277832031,0.0
1203,56.399999999998876,0.04999999999999716,242.45180969238282,234.62750244140625,338.8343200683594,0.0
1204,56.44999999999887,0.04999999999999716,242.77532958984375,233.21697998046875,337.41644287109375,0.0
1205,56.44999999999887,0.04999999999999716,242.77532958984375,231.80645751953125,335.99853515625,0.0
1206,56.49999999999887,0.04999999999999716,243.0981628417969,230.3959197998047,334.5806579589844,0.0
1207,56.49999999999887,0.04999999999999716,243.0981628417969,228.9853973388672,333.1627502441406,0.0
1208,56.54999999999887,0.04999999999999716,243.42025451660157,227.5748748779297,331.744873046875,0.0
1209,56.599999999998865,0.04999999999999716,243.74160461425782,226.16433715820312,330.32696533203125,0.0
1210,56.599999999998865,0.04999999999999716,243.74160461425782,224.75381469726562,328.9090881347656,0.0
1211,56.64999999999886,0.04999999999999716,244.06218566894532,223.34329223632812,327.4912109375,0.0
1212,56.64999999999886,0.04999999999999716,244.06218566894532,221.93276977539062,326.07330322265625,0.0
1213,56.69999999999886,0.04999999999999716,244.382080078125,220.52224731445312,324.6554260253906,0.0
1214,56.749999999998856,0.04999999999999716,244.70117797851563,219.11170959472656,323.2375183105469,0.0
1215,56.749999999998856,0.04999999999999716,244.70117797851563,217.70118713378906,321.81964111328125,0.0
1216,56.79999999999885,0.04999999999999716,245.01958923339845,216.2906494140625,320.4017333984375,0.0
1217,56.79999999999885,0.04999999999999716,245.01958923339845,214.880126953125,318.9838562011719,0.0
1218,56.84999999999885,0.04999999999999716,245.3372589111328,213.4696044921875,317.56597900390625,0.0
1219,56.89999999999885,0.04999999999999716,245.65418701171876,212.05908203125,316.1480712890625,0.0
1220,56.89999999999885,0.04999999999999716,245.65418701171876,210.6485595703125,314.7301940917969,0.0
1221,56.949999999998845,0.04999999999999716,245.97037353515626,209.23802185058594,313.3122863769531,0.0
1222,56.949999999998845,0.04999999999999716,245.97037353515626,207.82749938964844,311.8944091796875,0.0
1223,56.99999999999884,0.04999999999999716,246.28584594726564,206.41697692871094,310.47650146484375,0.0
1224,57.04999999999884,0.04999999999999716,246.60057678222657,205.00643920898438,309.0586242675781,0.0
1225,57.04999999999884,0.04999999999999716,246.60057678222657,203.59591674804688,307.6407165527344,0.0
1226,57.099999999998836,0.04999999999999716,246.91456604003906,202.18539428710938,306.22283935546875,0.0
1227,57.099999999998836,0.04999999999999716,246.91456604003906,200.77487182617188,304.804931640625,0.0
1228,57.14999999999883,0.04999999999999716,247.22784118652345,199.3643341064453,303.3870544433594,0.0
1229,57.14999999999883,0.04999999999999716,247.22784118652345,197.9538116455078,301.96917724609375,0.0
1230,57.19999999999883,0.04999999999999716,247.5404022216797,196.5432891845703,300.55126953125,0.0
1231,57.24999999999883,0.04999999999999716,247.85222167968752,195.13182067871094,299.13433837890625,0.0
1232,57.24999999999883,0.04999999999999716,247.85222167968752,193.71519470214844,297.7225036621094,0.0
1233,57.299999999998825,0.04999999999999716,248.16123962402344,192.29295349121094,296.3163757324219,0.0
1234,57.299999999998825,0.04999999999999716,248.16123962402344,190.8650665283203,294.91595458984375,0.0
1235,57.34999999999882,0.04999999999999716,248.46113891601564,189.43162536621094,293.521240234375,0.0
1236,57.34999999999882,0.04999999999999716,248.46113891601564,187.9925994873047,292.1322937011719,0.0
1237,57.39999999999882,0.04999999999999716,248.75158996582033,186.5480499267578,290.74908447265625,0.0
1238,57.449999999998816,0.04999999999999716,249.03294982910157,185.0979461669922,289.3716735839844,0.0
1239,57.449999999998816,0.04999999999999716,249.03294982910157,183.6423797607422,288.0000915527344,0.0
1240,57.49999999999881,0.04999999999999716,249.3054382324219,182.18133544921875,286.6343078613281,0.0
1241,57.49999999999881,0.04999999999999716,249.3054382324219,180.7180938720703,285.2708740234375,0.0
1242,57.54999999999881,0.04999999999999716,249.56932983398437,179.2548370361328,283.907470703125,0.0
1243,57.54999999999881,0.04999999999999716,249.56932983398437,177.79159545898438,282.5440673828125,0.0
1244,57.59999999999881,0.04999999999999716,249.82489929199218,176.32833862304688,281.1806335449219,0.0
1245,57.649999999998805,0.04999999999999716,250.07244873046875,174.86508178710938,279.8172302246094,0.0
1246,57.649999999998805,0.04999999999999716,250.07244873046875,173.40184020996094,278.4538269042969,0.0
1247,57.6999999999988,0.04999999999999716,250.31214294433593,171.93858337402344,277.09039306640625,0.0
1248,57.6999999999988,0.04999999999999716,250.31214294433593,170.47532653808594,275.72698974609375,0.0
1249,57.7499999999988,0.04999999999999716,250.54425659179688,169.0120849609375,274.36358642578125,0.0
1250,57.7499999999988,0.04999999999999716,250.54425659179688,167.548828125,273.0001525878906,0.0
1251,57.799999999998796,0.04999999999999716,250.7690643310547,166.0855712890625,271.6367492675781,0.0
1252,57.84999999999879,0.04999999999999716,250.98673095703126,164.62232971191406,270.2733459472656,0.0
1253,57.84999999999879,0.04999999999999716,250.98673095703126,163.15907287597656,268.909912109375,0.0
1254,57.89999999999879,0.04999999999999716,251.19747619628907,161.69583129882812,267.5465087890625,0.0
1255,57.89999999999879,0.04999999999999716,251.19747619628907,160.23257446289062,266.18310546875,0.0
1256,57.94999999999879,0.04999999999999716,251.40157470703124,158.76931762695312,264.8196716308594,0.0
1257,57.94999999999879,0.04999999999999716,251.40157470703124,157.3060760498047,263.4562683105469,0.0
1258,57.999999999998785,0.04999999999999716,251.59921875,155.8428192138672,262.0928649902344,0.0
1259,58.04999999999878,0.04999999999999716,251.7905456542969,154.37957763671875,260.72943115234375,0.0
1260,58.04999999999878,0.04999999999999716,251.7905456542969,152.91632080078125,259.36602783203125,0.0
1261,58.09999999999878,0.04999999999999716,251.97574768066406,151.45306396484375,258.00262451171875,0.0
1262,58.09999999999878,0.04999999999999716,251.97574768066406,149.98980712890625,256.63922119140625,0.0
1263,58.149999999998776,0.04999999999999716,252.15501708984377,148.5265655517578,255.27578735351562,0.0
1264,58.149999999998776,0.04999999999999716,252.15501708984377,147.0633087158203,253.91238403320312,0.0
1265,58.199999999998774,0.04999999999999716,252.32851867675782,145.60006713867188,252.54896545410156,0.0
1266,58.24999999999877,0.04999999999999716,252.49649963378906,144.13681030273438,251.185546875,0.0
1267,58.24999999999877,0.04999999999999716,252.49649963378906,142.67355346679688,249.8221435546875,0.0
1268,58.29999999999877,0.04999999999999716,252.65904235839844,141.21031188964844,248.45872497558594,0.0
1269,58.29999999999877,0.04999999999999716,252.65904235839844,139.74705505371094,247.09530639648438,0.0
1270,58.349999999998765,0.04999999999999716,252.81639404296877,138.2838134765625,245.73190307617188,0.0
1271,58.349999999998765,0.04999999999999716,252.81639404296877,136.820556640625,244.3684844970703,0.0
1272,58.39999999999876,0.04999999999999716,252.96869201660158,135.3572998046875,243.00506591796875,0.0
1273,58.44999999999876,0.04999999999999716,253.11604614257814,133.89404296875,241.64166259765625,0.0
1274,58.44999999999876,0.04999999999999716,253.11604614257814,132.43080139160156,240.2782440185547,0.0
1275,58.49999999999876,0.04999999999999716,253.25859375000002,130.96754455566406,238.91482543945312,0.0
1276,58.49999999999876,0.04999999999999716,253.25859375000002,129.50430297851562,237.55142211914062,0.0
1277,58.549999999998754,0.04999999999999716,253.3965270996094,128.04104614257812,236.18800354003906,0.0
1278,58.549999999998754,0.04999999999999716,253.3965270996094,126.57778930664062,234.8245849609375,0.0
1279,58.59999999999875,0.04999999999999716,253.53003845214843,125.11454772949219,233.461181640625,0.0
1280,58.64999999999875,0.04999999999999716,253.65929260253907,123.65129089355469,232.09776306152344,0.0
1281,58.64999999999875,0.04999999999999716,253.65929260253907,122.18804168701172,230.73434448242188,0.0
1282,58.699999999998745,0.04999999999999716,253.7843444824219,120.72479248046875,229.37094116210938,0.0
1283,58.699999999998745,0.04999999999999716,253.7843444824219,119.26153564453125,228.0075225830078,0.0
1284,58.74999999999874,0.04999999999999716,253.90533142089845,117.79828643798828,226.64410400390625,0.0
1285,58.74999999999874,0.04999999999999716,253.90533142089845,116.33503723144531,225.28070068359375,0.0
1286,58.74999999999874,0.04999999999999716,253.90533142089845,114.87178802490234,223.9172821044922,0.0
1287,58.79999999999874,0.04999999999999716,254.02241821289064,113.40853881835938,222.55386352539062,0.0
1288,58.84999999999874,0.04999999999999716,254.13585205078127,111.94528198242188,221.19046020507812,0.0
1289,58.84999999999874,0.04999999999999716,254.13585205078127,110.4820327758789,219.82705688476562,0.0
1290,58.899999999998734,0.04999999999999716,254.24566040039062,109.01878356933594,218.463623046875,0.0
1291,58.899999999998734,0.04999999999999716,254.24566040039062,107.55553436279297,217.1002197265625,0.0
1292,58.94999999999873,0.04999999999999716,254.35198059082032,106.09227752685547,215.73681640625,0.0
1293,58.94999999999873,0.04999999999999716,254.35198059082032,104.6290283203125,214.37338256835938,0.0
1294,58.99999999999873,0.04999999999999716,254.45508728027343,103.16577911376953,213.00997924804688,0.0
1295,58.99999999999873,0.04999999999999716,254.45508728027343,101.70252227783203,211.64657592773438,0.0
1296,59.049999999998725,0.04999999999999716,254.55487060546875,100.23927307128906,210.28314208984375,0.0
1297,59.09999999999872,0.04999999999999716,254.65152282714845,98.7760238647461,208.91973876953125,0.0
1298,59.09999999999872,0.04999999999999716,254.65152282714845,97.31277465820312,207.55633544921875,0.0
1299,59.14999999999872,0.04999999999999716,254.74520874023438,95.84951782226562,206.19290161132812,0.0
1300,59.14999999999872,0.04999999999999716,254.74520874023438,94.38626861572266,204.82949829101562,0.0
1301,59.19999999999872,0.04999999999999716,254.83609313964845,92.92301940917969,203.46609497070312,0.0
1302,59.19999999999872,0.04999999999999716,254.83609313964845,91.45977020263672,202.1026611328125,0.0
1303,59.249999999998714,0.04999999999999716,254.92412109375002,89.99651336669922,200.7392578125,0.0
1304,59.29999999999871,0.04999999999999716,255.00945739746095,88.53326416015625,199.3758544921875,0.0
1305,59.29999999999871,0.04999999999999716,255.00945739746095,87.07001495361328,198.01243591308594,0.0
1306,59.34999999999871,0.04999999999999716,255.09226684570314,85.60676574707031,196.64901733398438,0.0
1307,59.34999999999871,0.04999999999999716,255.09226684570314,84.14350891113281,195.28561401367188,0.0
1308,59.399999999998705,0.04999999999999716,255.0809783935547,82.68025970458984,193.9221954345703,0.0
1309,59.399999999998705,0.04999999999999716,255.0809783935547,81.21701049804688,192.55877685546875,0.0
1310,59.4499999999987,0.04999999999999716,254.600244140625,79.7537612915039,191.19537353515625,0.0
1311,59.4999999999987,0.04999999999999716,253.40902404785157,78.2905044555664,189.8319549560547,0.0
1312,59.4999999999987,0.04999999999999716,253.40902404785157,76.82725524902344,188.46853637695312,0.0
1313,59.5499999999987,0.04999999999999716,251.5981201171875,75.36400604248047,187.10513305664062,0.0
1314,59.5499999999987,0.04999999999999716,251.5981201171875,73.90074920654297,185.74171447753906,0.0
1315,59.599999999998694,0.04999999999999716,249.37130126953124,72.4375,184.3782958984375,0.0
1316,59.599999999998694,0.04999999999999716,249.37130126953124,70.97425079345703,183.014892578125,0.0
1317,59.64999999999869,0.04999999999999716,246.84309997558594,69.51100158691406,181.65147399902344,0.0
1318,59.69999999999869,0.04999999999999716,244.08690490722657,68.04774475097656,180.28805541992188,0.0
1319,59.69999999999869,0.04999999999999716,244.08690490722657,66.5844955444336,178.92465209960938,0.0
1320,59.749999999998685,0.04999999999999716,241.15621948242188,65.12124633789062,177.5612335205078,0.0
1321,59.749999999998685,0.04999999999999716,241.15621948242188,63.657997131347656,176.19781494140625,0.0
1322,59.79999999999868,0.04999999999999716,238.0908966064453,62.194740295410156,174.83441162109375,0.0
1323,59.84999999999868,0.04999999999999716,234.92114868164063,60.73149108886719,173.4709930419922,0.0
1324,59.84999999999868,0.04999999999999716,234.92114868164063,59.26824188232422,172.10757446289062,0.0
1325,59.89999999999868,0.04999999999999716,231.6702117919922,57.80499267578125,170.74417114257812,0.0
1326,59.89999999999868,0.04999999999999716,231.6702117919922,56.34173583984375,169.38075256347656,0.0
1327,59.949999999998674,0.04999999999999716,228.35606231689454,54.87848663330078,168.017333984375,0.0
1328,59.99999999999867,0.04999999999999716,224.9928451538086,53.41523742675781,166.6539306640625,0.0
1329,59.99999999999867,0.04999999999999716,224.9928451538086,51.95198059082031,165.29051208496094,0.0
1330,60.04999999999867,0.04999999999999716,221.5938262939453,50.488739013671875,163.92709350585938,0.0
1331,60.099999999998666,0.04999999999999716,218.1812255859375,49.025482177734375,162.56369018554688,0.0
1332,60.099999999998666,0.04999999999999716,218.1812255859375,47.562225341796875,161.2002716064453,0.0
1333,60.14999999999866,0.04999999999999716,214.83864898681642,46.09898376464844,159.83685302734375,0.0
1334,60.19999999999866,0.04999999999999716,211.7597854614258,44.63572692871094,158.47344970703125,0.0
1335,60.19999999999866,0.04999999999999716,211.7597854614258,43.17041015625,157.11224365234375,0.0
1336,60.24999999999866,0.04999999999999716,208.99028320312502,41.700340270996094,155.75621032714844,0.0
1337,60.299999999998654,0.04999999999999716,206.43535766601562,40.22953796386719,154.40093994140625,0.0
1338,60.299999999998654,0.04999999999999716,206.43535766601562,38.758731842041016,153.04568481445312,0.0
1339,60.34999999999865,0.04999999999999716,204.13936614990234,37.287925720214844,151.6904296875,0.0
1340,60.39999999999865,0.04999999999999716,202.16946258544922,35.81712341308594,150.3351593017578,0.0
1341,60.449999999998646,0.04999999999999716,200.43921203613283,34.346317291259766,148.9799041748047,0.0
1342,60.449999999998646,0.04999999999999716,200.43921203613283,32.87551498413086,147.6246337890625,0.0
1343,60.49999999999864,0.04999999999999716,198.6168960571289,31.404708862304688,146.26937866210938,0.0
1344,60.54999999999864,0.04999999999999716,196.46130981445313,29.933902740478516,144.91412353515625,0.0
1345,60.54999999999864,0.04999999999999716,196.46130981445313,28.46310043334961,143.55885314941406,0.0
1346,60.59999999999864,0.04999999999999716,193.97112121582032,26.992294311523438,142.20359802246094,0.0
1347,60.649999999998634,0.04999999999999716,191.27094268798828,25.5214900970459,140.84832763671875,0.0
1348,60.69999999999863,0.04999999999999716,188.41607666015625,24.05068588256836,139.49307250976562,0.0
1349,60.69999999999863,0.04999999999999716,188.41607666015625,22.579879760742188,138.1378173828125,0.0
1350,60.74999999999863,0.04999999999999716,185.43761444091797,21.10907554626465,136.7825469970703,0.0
1351,60.799999999998626,0.04999999999999716,182.35975341796876,19.63827133178711,135.4272918701172,0.0
1352,60.84999999999862,0.04999999999999716,179.2105911254883,18.16746711730957,134.072021484375,0.0
1353,60.89999999999862,0.04999999999999716,176.05410919189453,16.6966609954834,132.71676635742188,0.0
1354,60.89999999999862,0.04999999999999716,176.05410919189453,15.22585678100586,131.36151123046875,0.0
1355,60.94999999999862,0.04999999999999716,172.9175537109375,13.75505256652832,130.00624084472656,0.0
1356,60.999999999998614,0.04999999999999716,169.8731460571289,12.284248352050781,128.65098571777344,0.0
1357,61.04999999999861,0.04999999999999716,167.1287338256836,10.81344223022461,127.29571533203125,0.0
1358,61.09999999999861,0.04999999999999716,164.760205078125,9.342639923095703,125.94046020507812,0.0
1359,61.149999999998606,0.04999999999999716,162.6691909790039,7.871833801269531,124.58518981933594,0.0
1360,61.1999999999986,0.04999999999999716,160.80893096923828,6.401027679443359,123.22993469238281,0.0
1361,61.2499999999986,0.04999999999999716,159.1505859375,4.930999755859375,121.87382507324219,0.0
1362,61.2999999999986,0.04999999999999716,157.66958770751953,3.465850830078125,120.51246643066406,0.0
1363,61.349999999998595,0.04999999999999716,156.34188995361328,2.00616455078125,119.14524841308594,0.0
1364,61.39999999999859,0.04999999999999716,155.14856872558593,0.55194091796875,117.77220153808594,0.0
1365,61.44999999999859,0.04999999999999716,154.0626937866211,-0.89678955078125,116.39335632324219,0.0
1366,61.499999999998586,0.04999999999999716,153.08357849121094,-2.3399658203125,115.00874328613281,0.0
1367,61.54999999999858,0.04999999999999716,152.20298309326174,-3.779679298400879,113.6204833984375,0.0
1368,61.59999999999858,0.04999999999999716,151.41287384033203,-5.132547378540039,112.14909362792969,0.0
1369,61.64999999999858,0.04999999999999716,150.713786315918,-6.30046272277832,110.52698516845703,0.0
1370,61.699999999998575,0.04999999999999716,150.10500640869142,-7.266786575317383,108.77728271484375,0.0
1371,61.699999999998575,0.04999999999999716,150.10500640869142,-8.017751693725586,106.9249038696289,0.0
1372,61.699999999998575,0.04999999999999716,150.10500640869142,-8.542658805847168,104.99624633789062,0.0
1373,61.74999999999857,0.04999999999999716,149.58691864013673,-8.834029197692871,103.01879119873047,0.0
1374,61.79999999999857,0.04999999999999716,149.1535629272461,-8.88787841796875,101.02069091796875,0.0
1375,61.849999999998566,0.04999999999999716,148.81868591308594,-8.83110237121582,99.02149200439453,0.0
1376,61.89999999999856,0.04999999999999716,148.57815399169922,-8.774327278137207,97.02230072021484,0.0
1377,61.94999999999856,0.04999999999999716,148.43254394531252,-8.717552185058594,95.02310180664062,0.0
1378,61.99999999999856,0.04999999999999716,148.38127899169922,-8.660776138305664,93.02391052246094,0.0
1379,62.049999999998555,0.04999999999999716,148.4213653564453,-8.60400104522705,91.02471923828125,0.0
1380,62.09999999999855,0.04999999999999716,148.55027618408204,-8.547225952148438,89.02552795410156,0.0
1381,62.14999999999855,0.04999999999999716,148.76225738525392,-8.490449905395508,87.02632904052734,0.0
1382,62.199999999998546,0.04999999999999716,149.04983825683595,-8.433674812316895,85.02713775634766,0.0
1383,62.24999999999854,0.04999999999999716,149.40374908447265,-8.376899719238281,83.02793884277344,0.0
1384,62.29999999999854,0.04999999999999716,149.81411590576172,-8.323699951171875,81.02864837646484,0.0
1385,62.34999999999854,0.04999999999999716,150.27003479003906,-8.279754638671875,79.02913665771484,0.0
1386,62.399999999998535,0.04999999999999716,150.76104125976562,-8.2451171875,77.02943420410156,0.0
1387,62.44999999999853,0.04999999999999716,151.27741241455078,-8.21978759765625,75.02960205078125,0.0
1388,62.49999999999853,0.04999999999999716,151.8105926513672,-8.203765869140625,73.0296630859375,0.0
1389,62.549999999998526,0.04999999999999716,152.3538803100586,-8.197052001953125,71.02967834472656,0.0
1390,62.59999999999852,0.04999999999999716,152.90135650634767,-8.19964599609375,69.02967834472656,0.0
1391,62.64999999999852,0.04999999999999716,153.4490936279297,-8.211578369140625,67.02971649169922,0.0
1392,62.69999999999852,0.04999999999999716,153.99420776367188,-8.2327880859375,65.02983093261719,0.0
1393,62.749999999998515,0.04999999999999716,154.53498229980468,-8.2633056640625,63.030067443847656,0.0
1394,62.79999999999851,0.04999999999999716,155.07037353515625,-8.30316162109375,61.03046417236328,0.0
1395,62.84999999999851,0.04999999999999716,155.60016174316408,-8.352294921875,59.031070709228516,0.0
1396,62.899999999998506,0.04999999999999716,156.1248001098633,-8.410736083984375,57.03192901611328,0.0
1397,62.949999999998504,0.04999999999999716,156.64481048583986,-8.478515625,55.033077239990234,0.0
1398,62.949999999998504,0.04999999999999716,156.64481048583986,-8.555572509765625,53.03456497192383,0.0
1399,62.9999999999985,0.04999999999999716,157.16089324951173,-8.641937255859375,51.03643035888672,0.0
1400,63.049999999998505,0.05000000000000426,157.67348785400392,-8.737579345703125,49.03872299194336,0.0
1401,63.0999999999985,0.04999999999999716,158.18223724365234,-8.842559814453125,47.041481018066406,0.0
1402,63.1499999999985,0.04999999999999716,158.68748474121094,-8.956817626953125,45.04474639892578,0.0
1403,63.1999999999985,0.04999999999999716,159.1877197265625,-9.080352783203125,43.04856872558594,0.0
1404,63.249999999998494,0.04999999999999716,159.68306579589844,-9.21319580078125,41.05298614501953,0.0
1405,63.29999999999849,0.04999999999999716,160.17025451660157,-9.355316162109375,39.05804443359375,0.0
1406,63.34999999999849,0.04999999999999716,160.6490936279297,-9.506744384765625,37.06378936767578,0.0
1407,63.34999999999849,0.04999999999999716,160.6490936279297,-9.66741943359375,35.070255279541016,0.0
1408,63.399999999998485,0.04999999999999716,161.1144744873047,-9.83740234375,33.07749557495117,0.0
1409,63.44999999999848,0.04999999999999716,161.56334838867187,-10.016496658325195,31.08553123474121,0.0
1410,63.49999999999848,0.04999999999999716,161.99490509033203,-10.198583602905273,29.09383773803711,0.0
1411,63.54999999999848,0.04999999999999716,162.4029510498047,-10.380670547485352,27.102144241333008,0.0
1412,63.599999999998474,0.04999999999999716,162.78662109375,-10.56275749206543,25.110450744628906,0.0
1413,63.64999999999847,0.04999999999999716,163.13884277343752,-10.744844436645508,23.118755340576172,0.0
1414,63.69999999999847,0.04999999999999716,163.45976715087892,-10.926931381225586,21.127063751220703,0.0
1415,63.749999999998465,0.04999999999999716,163.7427474975586,-11.119781494140625,19.136409759521484,0.0
1416,63.79999999999846,0.04999999999999716,163.98963775634766,-11.35614013671875,17.150470733642578,0.0
1417,63.79999999999846,0.04999999999999716,163.98963775634766,-11.638153076171875,15.170498847961426,0.0
1418,63.84999999999846,0.04999999999999716,164.19517822265627,-11.965675354003906,13.197543144226074,0.0
1419,63.89999999999846,0.04999999999999716,164.35895690917968,-12.338531494140625,11.232650756835938,0.0
1420,63.89999999999846,0.04999999999999716,164.35895690917968,-12.756523132324219,9.276863098144531,0.0
1421,63.949999999998454,0.04999999999999716,164.4849838256836,-13.219429016113281,7.331214904785156,0.0
1422,63.99999999999845,0.04999999999999716,164.57049865722658,-13.726997375488281,5.396739959716797,0.0
1423,64.04999999999845,0.04999999999999716,164.6210494995117,-14.278968811035156,3.4744625091552734,0.0
1424,64.09999999999845,0.04999999999999716,164.63892974853516,-14.875045776367188,1.5654010772705078,0.0
1425,64.09999999999845,0.04999999999999716,164.63892974853516,-15.514915466308594,-0.32943153381347656,0.0
1426,64.14999999999844,0.04999999999999716,164.62430419921876,-16.19823455810547,-2.2090320587158203,0.0
1427,64.19999999999844,0.04999999999999716,164.58443756103517,-16.924644470214844,-4.0724029541015625,0.0
1428,64.24999999999844,0.04999999999999716,164.52141723632812,-17.693756103515625,-5.918560028076172,0.0
1429,64.29999999999843,0.04999999999999716,164.44293365478515,-18.505165100097656,-7.74652099609375,0.0
1430,64.29999999999843,0.04999999999999716,164.44293365478515,-19.358444213867188,-9.555316925048828,0.0
1431,64.34999999999843,0.04999999999999716,164.3544937133789,-20.253128051757812,-11.343990325927734,0.0
1432,64.39999999999843,0.04999999999999716,164.2608627319336,-21.188758850097656,-13.111591339111328,0.0
1433,64.44999999999843,0.04999999999999716,164.16999206542968,-22.164833068847656,-14.857185363769531,0.0
1434,64.49999999999842,0.04999999999999716,164.08861083984377,-23.18083953857422,-16.579849243164062,0.0
1435,64.54999999999842,0.04999999999999716,164.02388763427734,-24.236228942871094,-18.278663635253906,0.0
1436,64.59999999999842,0.04999999999999716,163.98323822021484,-25.3304443359375,-19.952735900878906,0.0
1437,64.59999999999842,0.04999999999999716,163.98323822021484,-26.462913513183594,-21.60116958618164,0.0
1438,64.64999999999841,0.04999999999999716,163.9739547729492,-27.633026123046875,-23.223098754882812,0.0
1439,64.69999999999841,0.04999999999999716,164.00456542968752,-28.840171813964844,-24.81766128540039,0.0
1440,64.74999999999841,0.04999999999999716,164.0807830810547,-30.083702087402344,-26.384010314941406,0.0
1441,64.7999999999984,0.04999999999999716,164.21084747314453,-31.361032485961914,-27.922948837280273,0.0
1442,64.8499999999984,0.04999999999999716,164.3980270385742,-32.646278381347656,-29.45531463623047,0.0
1443,64.8999999999984,0.04999999999999716,164.64840545654297,-33.931522369384766,-30.987682342529297,0.0
1444,64.8999999999984,0.04999999999999716,164.64840545654297,-35.216766357421875,-32.52004623413086,0.0
1445,64.9499999999984,0.04999999999999716,164.96124114990235,-36.50201416015625,-34.05241012573242,0.0
1446,64.9999999999984,0.04999999999999716,165.3379623413086,-37.78725814819336,-35.58477783203125,0.0
1447,65.04999999999839,0.04999999999999716,165.7719223022461,-39.07250213623047,-37.11714172363281,0.0
1448,65.09999999999839,0.04999999999999716,166.25731201171877,-40.35969543457031,-38.64787673950195,0.0
1449,65.14999999999839,0.04999999999999716,166.78160705566407,-41.666259765625,-40.16207504272461,0.0
1450,65.19999999999838,0.04999999999999716,167.32732543945312,-42.99610137939453,-41.6558723449707,0.0
1451,65.24999999999838,0.04999999999999716,167.87290649414064,-44.34889221191406,-43.12892532348633,0.0
1452,65.24999999999838,0.04999999999999716,167.87290649414064,-45.72431945800781,-44.580867767333984,0.0
1453,65.29999999999838,0.04999999999999716,168.39515533447266,-47.122039794921875,-46.011348724365234,0.0
1454,65.34999999999837,0.04999999999999716,168.87852630615234,-48.541725158691406,-47.420040130615234,0.0
1455,65.39999999999837,0.04999999999999716,169.31332397460938,-49.98303985595703,-48.80659866333008,0.0
1456,65.44999999999837,0.04999999999999716,169.69546966552736,-51.44563293457031,-50.17068862915039,0.0
1457,65.49999999999837,0.04999999999999716,170.0271743774414,-52.929161071777344,-51.51198196411133,0.0
1458,65.54999999999836,0.04999999999999716,170.30533447265626,-54.433258056640625,-52.83016586303711,0.0
1459,65.59999999999836,0.04999999999999716,170.53203735351562,-55.95757293701172,-54.12491989135742,0.0
1460,65.64999999999836,0.04999999999999716,170.71436920166016,-57.501731872558594,-55.395931243896484,0.0
1461,65.69999999999835,0.04999999999999716,170.8517807006836,-59.064762115478516,-56.64368438720703,0.0
1462,65.74999999999835,0.04999999999999716,170.94876251220703,-60.58545684814453,-57.942176818847656,0.0
1463,65.79999999999835,0.04999999999999716,171.01385650634765,-62.01905059814453,-59.33624267578125,0.0
1464,65.79999999999835,0.04999999999999716,171.01385650634765,-63.35954666137695,-60.820045471191406,0.0
1465,65.84999999999835,0.04999999999999716,171.04807891845704,-64.6013412475586,-62.38739013671875,0.0
1466,65.89999999999834,0.04999999999999716,171.0600814819336,-65.7392349243164,-64.03170776367188,0.0
1467,65.89999999999834,0.04999999999999716,171.0600814819336,-66.76847839355469,-65.74613952636719,0.0
1468,65.89999999999834,0.04999999999999716,171.0600814819336,-67.68476104736328,-67.52350616455078,0.0
1469,65.94999999999834,0.04999999999999716,171.05156707763672,-68.4842529296875,-69.35637664794922,0.0
1470,65.99999999999834,0.04999999999999716,171.03096771240234,-69.16361999511719,-71.23709106445312,0.0
1471,66.04999999999833,0.04999999999999716,171.00079650878908,-69.72000122070312,-73.15777587890625,0.0
1472,66.04999999999833,0.04999999999999716,171.00079650878908,-70.15109252929688,-75.11040496826172,0.0
1473,66.09999999999833,0.04999999999999716,170.9687026977539,-70.455078125,-77.0868148803711,0.0
1474,66.14999999999833,0.04999999999999716,170.9376937866211,-70.64791107177734,-79.07740020751953,0.0
1475,66.19999999999833,0.04999999999999716,170.9148147583008,-70.82571411132812,-81.0694808959961,0.0
1476,66.24999999999832,0.04999999999999716,170.9033615112305,-71.0035171508789,-83.06156158447266,0.0
1477,66.29999999999832,0.04999999999999716,170.90939025878907,-71.18132781982422,-85.05364227294922,0.0
1478,66.34999999999832,0.04999999999999716,170.93611450195314,-71.359130859375,-87.04572296142578,0.0
1479,66.39999999999831,0.04999999999999716,170.9884780883789,-71.53693389892578,-89.03780364990234,0.0
1480,66.44999999999831,0.04999999999999716,171.06917266845704,-71.71473693847656,-91.0298843383789,0.0
1481,66.49999999999831,0.04999999999999716,171.1816589355469,-71.89254760742188,-93.02196502685547,0.0
1482,66.5499999999983,0.04999999999999716,171.32776336669923,-72.07035064697266,-95.01404571533203,0.0
1483,66.5999999999983,0.04999999999999716,171.50927124023437,-72.24815368652344,-97.0061264038086,0.0
1484,66.6499999999983,0.04999999999999716,171.7266082763672,-72.42595672607422,-98.99820709228516,0.0
1485,66.6499999999983,0.04999999999999716,171.7266082763672,-72.60376739501953,-100.99028778076172,0.0
1486,66.6999999999983,0.04999999999999716,171.97977447509766,-72.78157043457031,-102.98236846923828,0.0
1487,66.7499999999983,0.04999999999999716,172.26763000488282,-72.9593734741211,-104.97444915771484,0.0
1488,66.79999999999829,0.04999999999999716,172.58841705322266,-73.1371841430664,-106.9665298461914,0.0
1489,66.84999999999829,0.04999999999999716,172.9395950317383,-73.31498718261719,-108.95861053466797,0.0
1490,66.89999999999829,0.04999999999999716,173.3180877685547,-73.49279022216797,-110.95069122314453,0.0
1491,66.89999999999829,0.04999999999999716,173.3180877685547,-73.67059326171875,-112.9427719116211,0.0
1492,66.94999999999828,0.04999999999999716,173.72047576904296,-73.84840393066406,-114.93485260009766,0.0
1493,66.99999999999828,0.04999999999999716,174.14288635253908,-74.02620697021484,-116.92693328857422,0.0
1494,67.04999999999828,0.04999999999999716,174.58181762695312,-74.20401000976562,-118.91901397705078,0.0
1495,67.09999999999827,0.04999999999999716,175.03378143310547,-74.3818130493164,-120.91109466552734,0.0
1496,67.09999999999827,0.04999999999999716,175.03378143310547,-74.55962371826172,-122.9031753540039,0.0
1497,67.14999999999827,0.04999999999999716,175.4952621459961,-74.7374267578125,-124.89525604248047,0.0
1498,67.19999999999827,0.04999999999999716,175.9637878417969,-74.91522979736328,-126.88733673095703,0.0
1499,67.24999999999827,0.04999999999999716,176.4368453979492,-75.09283447265625,-128.8794403076172,0.0
1500,67.29999999999826,0.04999999999999716,176.91241607666015,-75.26486206054688,-130.8720245361328,0.0
1501,67.29999999999826,0.04999999999999716,176.91241607666015,-75.42892456054688,-132.86529541015625,0.0
1502,67.34999999999826,0.04999999999999716,177.3892364501953,-75.58820343017578,-134.8589324951172,0.0
1503,67.39999999999826,0.04999999999999716,177.86615295410158,-75.74745178222656,-136.8525848388672,0.0
1504,67.44999999999825,0.04999999999999716,178.34243774414062,-75.90670013427734,-138.84622192382812,0.0
1505,67.49999999999825,0.04999999999999716,178.81747283935547,-76.06594848632812,-140.83987426757812,0.0
1506,67.49999999999825,0.04999999999999716,178.81747283935547,-76.2251968383789,-142.83352661132812,0.0
1507,67.54999999999825,0.04999999999999716,179.29105224609376,-76.38444519042969,-144.82717895507812,0.0
1508,67.59999999999825,0.04999999999999716,179.7629837036133,-76.54369354248047,-146.82083129882812,0.0
1509,67.59999999999825,0.04999999999999716,179.7629837036133,-76.70294189453125,-148.81448364257812,0.0
1510,67.64999999999824,0.04999999999999716,180.23318481445312,-76.86219024658203,-150.80813598632812,0.0
1511,67.69999999999824,0.04999999999999716,180.70171051025392,-77.02143859863281,-152.80177307128906,0.0
1512,67.74999999999824,0.04999999999999716,181.1685333251953,-77.1806869506836,-154.79542541503906,0.0
1513,67.79999999999824,0.04999999999999716,181.63372192382812,-77.33993530273438,-156.78907775878906,0.0
1514,67.79999999999824,0.04999999999999716,181.63372192382812,-77.49918365478516,-158.78273010253906,0.0
1515,67.84999999999823,0.04999999999999716,182.09737243652344,-77.65843200683594,-160.77638244628906,0.0
1516,67.89999999999823,0.04999999999999716,182.5595260620117,-77.81768035888672,-162.77001953125,0.0
1517,67.94999999999823,0.04999999999999716,183.02021026611328,-77.9769287109375,-164.763671875,0.0
1518,67.94999999999823,0.04999999999999716,183.02021026611328,-78.13617706298828,-166.75732421875,0.0
1519,67.99999999999822,0.04999999999999716,183.47945251464844,-78.29542541503906,-168.7509765625,0.0
1520,68.04999999999822,0.04999999999999716,183.93730773925782,-78.45467376708984,-170.74462890625,0.0
1521,68.09999999999822,0.04999999999999716,184.39380340576173,-78.61392211914062,-172.73828125,0.0
1522,68.14999999999822,0.04999999999999716,184.84891204833986,-78.7731704711914,-174.73193359375,0.0
1523,68.14999999999822,0.04999999999999716,184.84891204833986,-78.93241882324219,-176.7255859375,0.0
1524,68.19999999999821,0.04999999999999716,185.30270233154297,-79.09165954589844,-178.71922302246094,0.0
1525,68.24999999999821,0.04999999999999716,185.75516052246095,-79.25090789794922,-180.71287536621094,0.0
1526,68.2999999999982,0.04999999999999716,186.20638275146484,-79.41015625,-182.70652770996094,0.0
1527,68.2999999999982,0.04999999999999716,186.20638275146484,-79.56940460205078,-184.70018005371094,0.0
1528,68.3499999999982,0.04999999999999716,186.6563278198242,-79.72865295410156,-186.69381713867188,0.0
1529,68.3999999999982,0.04999999999999716,187.10506439208984,-79.88790130615234,-188.68746948242188,0.0
1530,68.4499999999982,0.04999999999999716,187.55260620117187,-80.04714965820312,-190.68112182617188,0.0
1531,68.4999999999982,0.04999999999999716,187.99891204833986,-80.2063980102539,-192.67477416992188,0.0
1532,68.4999999999982,0.04999999999999716,187.99891204833986,-80.36564636230469,-194.66842651367188,0.0
1533,68.54999999999819,0.04999999999999716,188.44405059814454,-80.52489471435547,-196.66207885742188,0.0
1534,68.59999999999819,0.04999999999999716,188.8880355834961,-80.68414306640625,-198.65573120117188,0.0
1535,68.64999999999819,0.04999999999999716,189.33082580566406,-80.84339141845703,-200.64938354492188,0.0
1536,68.64999999999819,0.04999999999999716,189.33082580566406,-81.00263977050781,-202.64303588867188,0.0
1537,68.69999999999818,0.04999999999999716,189.77248992919922,-81.1618881225586,-204.6366729736328,0.0
1538,68.74999999999818,0.04999999999999716,190.2130142211914,-81.32113647460938,-206.6303253173828,0.0
1539,68.79999999999818,0.04999999999999716,190.65239868164062,-81.48038482666016,-208.6239776611328,0.0
1540,68.79999999999818,0.04999999999999716,190.65239868164062,-81.63963317871094,-210.61761474609375,0.0
1541,68.84999999999818,0.04999999999999716,191.09065704345704,-81.79888153076172,-212.61126708984375,0.0
1542,68.89999999999817,0.04999999999999716,191.52789916992188,-81.9581298828125,-214.60491943359375,0.0
1543,68.94999999999817,0.04999999999999716,191.9640838623047,-82.11480712890625,-216.59877014160156,0.0
1544,68.94999999999817,0.04999999999999716,191.9640838623047,-82.263671875,-218.5932159423828,0.0
1545,68.99999999999817,0.04999999999999716,192.39919738769532,-82.404541015625,-220.5882568359375,0.0
1546,69.04999999999816,0.04999999999999716,192.83340454101562,-82.53741455078125,-222.58383178710938,0.0
1547,69.09999999999816,0.04999999999999716,193.26663665771486,-82.66232299804688,-224.57992553710938,0.0
1548,69.09999999999816,0.04999999999999716,193.26663665771486,-82.77923583984375,-226.57650756835938,0.0
1549,69.14999999999816,0.04999999999999716,193.69903106689455,-82.88818359375,-228.5735321044922,0.0
1550,69.19999999999816,0.04999999999999716,194.13056030273438,-82.9891357421875,-230.57098388671875,0.0
1551,69.24999999999815,0.04999999999999716,194.56122436523438,-83.08206176757812,-232.56881713867188,0.0
1552,69.29999999999815,0.04999999999999716,194.99111938476562,-83.16702270507812,-234.5670166015625,0.0
1553,69.34999999999815,0.04999999999999716,195.42017669677736,-83.2442398071289,-236.56553649902344,0.0
1554,69.34999999999815,0.04999999999999716,195.42017669677736,-83.3191909790039,-238.5641326904297,0.0
1555,69.39999999999814,0.04999999999999716,195.8484649658203,-83.3941421508789,-240.56272888183594,0.0
1556,69.44999999999814,0.04999999999999716,196.27591552734376,-83.4690933227539,-242.5613250732422,0.0
1557,69.49999999999814,0.04999999999999716,196.7025146484375,-83.5440444946289,-244.55992126464844,0.0
1558,69.49999999999814,0.04999999999999716,196.7025146484375,-83.61900329589844,-246.5585174560547,0.0
1559,69.54999999999814,0.04999999999999716,197.12830352783203,-83.69395446777344,-248.55711364746094,0.0
1560,69.59999999999813,0.04999999999999716,197.55325469970703,-83.76890563964844,-250.55569458007812,0.0
1561,69.59999999999813,0.04999999999999716,197.55325469970703,-83.84385681152344,-252.55429077148438,0.0
1562,69.64999999999813,0.04999999999999716,197.9773406982422,-83.91880798339844,-254.55288696289062,0.0
1563,69.69999999999813,0.04999999999999716,198.40050659179687,-83.99375915527344,-256.5514831542969,0.0
1564,69.69999999999813,0.04999999999999716,198.40050659179687,-84.06871795654297,-258.5500793457031,0.0
1565,69.74999999999812,0.04999999999999716,198.82276611328126,-84.14366912841797,-260.5486755371094,0.0
1566,69.79999999999812,0.04999999999999716,199.24413299560547,-84.21862030029297,-262.5472717285156,0.0
1567,69.79999999999812,0.04999999999999716,199.24413299560547,-84.29357147216797,-264.5458679199219,0.0
1568,69.84999999999812,0.04999999999999716,199.66460723876955,-84.36852264404297,-266.5444641113281,0.0
1569,69.89999999999812,0.04999999999999716,200.084147644043,-84.4434814453125,-268.5430603027344,0.0
1570,69.94999999999811,0.04999999999999716,200.5028091430664,-84.5184326171875,-270.5416564941406,0.0
1571,69.94999999999811,0.04999999999999716,200.5028091430664,-84.5933837890625,-272.5402526855469,0.0
1572,69.99999999999811,0.04999999999999716,200.9205093383789,-84.6683349609375,-274.5388488769531,0.0
1573,70.04999999999811,0.04999999999999716,201.3372756958008,-84.7432861328125,-276.5374450683594,0.0
1574,70.04999999999811,0.04999999999999716,201.3372756958008,-84.8182373046875,-278.5360412597656,0.0
1575,70.0999999999981,0.04999999999999716,201.7531494140625,-84.89319610595703,-280.5346374511719,0.0
1576,70.1499999999981,0.04999999999999716,202.1680892944336,-84.96814727783203,-282.5332336425781,0.0
1577,70.1999999999981,0.04999999999999716,202.58212280273438,-85.04309844970703,-284.5318298339844,0.0
1578,70.1999999999981,0.04999999999999716,202.58212280273438,-85.11804962158203,-286.5304260253906,0.0
1579,70.2499999999981,0.04999999999999716,202.99520874023438,-85.19300079345703,-288.52899169921875,0.0
1580,70.2999999999981,0.04999999999999716,203.40737457275392,-85.26795196533203,-290.527587890625,0.0
1581,70.2999999999981,0.04999999999999716,203.40737457275392,-85.34291076660156,-292.52618408203125,0.0
1582,70.34999999999809,0.04999999999999716,203.8186477661133,-85.41786193847656,-294.5247802734375,0.0
1583,70.39999999999809,0.04999999999999716,204.22904205322266,-85.49281311035156,-296.52337646484375,0.0
1584,70.44999999999808,0.04999999999999716,204.6385025024414,-85.56776428222656,-298.52197265625,0.0
1585,70.44999999999808,0.04999999999999716,204.6385025024414,-85.64271545410156,-300.52056884765625,0.0
1586,70.49999999999808,0.04999999999999716,205.0470703125,-85.71766662597656,-302.5191650390625,0.0
1587,70.54999999999808,0.04999999999999716,205.45474548339845,-85.7926254272461,-304.51776123046875,0.0
1588,70.54999999999808,0.04999999999999716,205.45474548339845,-85.8675765991211,-306.516357421875,0.0
1589,70.59999999999808,0.04999999999999716,205.86150054931642,-85.9425277709961,-308.51495361328125,0.0
1590,70.64999999999807,0.04999999999999716,206.26736297607422,-86.0174789428711,-310.5135498046875,0.0
1591,70.64999999999807,0.04999999999999716,206.26736297607422,-86.0924301147461,-312.51214599609375,0.0
1592,70.69999999999807,0.04999999999999716,206.67234649658204,-86.1673812866211,-314.5107421875,0.0
1593,70.74999999999807,0.04999999999999716,207.0764373779297,-86.24234008789062,-316.50933837890625,0.0
1594,70.79999999999806,0.04999999999999716,207.4796356201172,-86.31729125976562,-318.5079345703125,0.0
1595,70.79999999999806,0.04999999999999716,207.4796356201172,-86.39224243164062,-320.50653076171875,0.0
1596,70.84999999999806,0.04999999999999716,207.8819549560547,-86.46719360351562,-322.505126953125,0.0
1597,70.89999999999806,0.04999999999999716,208.28335418701172,-86.54214477539062,-324.50372314453125,0.0
1598,70.89999999999806,0.04999999999999716,208.28335418701172,-86.61709594726562,-326.5023193359375,0.0
1599,70.94999999999806,0.04999999999999716,208.68390197753908,-86.69205474853516,-328.50091552734375,0.0
1600,70.99999999999805,0.04999999999999716,209.0835433959961,-86.76700592041016,-330.49951171875,0.0
1601,70.99999999999805,0.04999999999999716,209.0835433959961,-86.84195709228516,-332.49810791015625,0.0
1602,71.04999999999805,0.04999999999999716,209.48230590820313,-86.91690826416016,-334.4967041015625,0.0
1603,71.09999999999805,0.04999999999999716,209.8802032470703,-86.99185943603516,-336.49530029296875,0.0
1604,71.09999999999805,0.04999999999999716,209.8802032470703,-87.06681060791016,-338.493896484375,0.0
1605,71.14999999999804,0.04999999999999716,210.2771942138672,-87.14176940917969,-340.49249267578125,0.0
1606,71.19999999999804,0.04999999999999716,210.67333374023437,-87.21672058105469,-342.4910888671875,0.0
1607,71.19999999999804,0.04999999999999716,210.67333374023437,-87.29167175292969,-344.48968505859375,0.0
1608,71.24999999999804,0.04999999999999716,211.06860809326173,-87.36662292480469,-346.48828125,0.0
1609,71.29999999999804,0.04999999999999716,211.46294860839845,-87.44157409667969,-348.48687744140625,0.0
1610,71.34999999999803,0.04999999999999716,211.85643768310547,-87.51652526855469,-350.4854736328125,0.0
1611,71.34999999999803,0.04999999999999716,211.85643768310547,-87.59148406982422,-352.4840393066406,0.0
1612,71.39999999999803,0.04999999999999716,212.24906158447266,-87.66643524169922,-354.4826354980469,0.0
1613,71.44999999999803,0.04999999999999716,212.64080657958985,-87.74138641357422,-356.4812316894531,0.0
1614,71.44999999999803,0.04999999999999716,212.64080657958985,-87.81633758544922,-358.4798278808594,0.0
1615,71.49999999999802,0.04999999999999716,213.0317138671875,-87.89128875732422,-360.4784240722656,0.0
1616,71.54999999999802,0.04999999999999716,213.421728515625,-87.96624755859375,-362.4770202636719,0.0
1617,71.54999999999802,0.04999999999999716,213.421728515625,-88.04119873046875,-364.4756164550781,0.0
1618,71.59999999999802,0.04999999999999716,213.81085052490235,-88.11614990234375,-366.4742126464844,0.0
1619,71.64999999999802,0.04999999999999716,214.19913482666016,-88.19110107421875,-368.4728088378906,0.0
1620,71.64999999999802,0.04999999999999716,214.19913482666016,-88.26605224609375,-370.4714050292969,0.0
1621,71.69999999999801,0.04999999999999716,214.58655395507813,-88.34100341796875,-372.4700012207031,0.0
1622,71.74999999999801,0.04999999999999716,214.9730941772461,-88.41595458984375,-374.4685974121094,0.0
1623,71.74999999999801,0.04999999999999716,214.9730941772461,-88.49091339111328,-376.4671936035156,0.0
1624,71.79999999999801,0.04999999999999716,215.35876922607423,-88.56586456298828,-378.4657897949219,0.0
1625,71.849999999998,0.04999999999999716,215.74362030029297,-88.64081573486328,-380.4643859863281,0.0
1626,71.849999999998,0.04999999999999716,215.74362030029297,-88.71576690673828,-382.4629821777344,0.0
1627,71.899999999998,0.04999999999999716,216.12759246826172,-88.79071807861328,-384.4615478515625,0.0
1628,71.949999999998,0.04999999999999716,216.51072692871094,-88.86567687988281,-386.46014404296875,0.0
1629,71.949999999998,0.04999999999999716,216.51072692871094,-88.94062805175781,-388.458740234375,0.0
1630,71.999999999998,0.04999999999999716,216.89299621582032,-89.01557922363281,-390.45733642578125,0.0
1631,72.049999999998,0.04999999999999716,217.27442779541016,-89.09053039550781,-392.4559326171875,0.0
1632,72.049999999998,0.04999999999999716,217.27442779541016,-89.16548156738281,-394.45452880859375,0.0
1633,72.09999999999799,0.04999999999999716,217.6550079345703,-89.24043273925781,-396.453125,0.0
1634,72.14999999999799,0.04999999999999716,218.03473663330078,-89.31538391113281,-398.45172119140625,0.0
1635,72.14999999999799,0.04999999999999716,218.03473663330078,-89.39034271240234,-400.4503173828125,0.0
1636,72.19999999999798,0.04999999999999716,218.41361389160156,-89.46529388427734,-402.44891357421875,0.0
1637,72.24999999999798,0.04999999999999716,218.79163970947266,-89.54024505615234,-404.447509765625,0.0
1638,72.24999999999798,0.04999999999999716,218.79163970947266,-89.61519622802734,-406.44610595703125,0.0
1639,72.29999999999798,0.04999999999999716,219.16882781982423,-89.69014739990234,-408.4447021484375,0.0
1640,72.34999999999798,0.04999999999999716,219.54519195556642,-89.76510620117188,-410.44329833984375,0.0
1641,72.34999999999798,0.04999999999999716,219.54519195556642,-89.84005737304688,-412.44189453125,0.0
1642,72.39999999999797,0.04999999999999716,219.92069091796876,-89.91500854492188,-414.44049072265625,0.0
1643,72.44999999999797,0.04999999999999716,220.2953659057617,-89.98995971679688,-416.4390869140625,0.0
1644,72.44999999999797,0.04999999999999716,220.2953659057617,-90.06491088867188,-418.43768310546875,0.0
1645,72.49999999999797,0.04999999999999716,220.669189453125,-90.13986206054688,-420.436279296875,0.0
1646,72.49999999999797,0.04999999999999716,220.669189453125,-90.2148208618164,-422.43487548828125,0.0
1647,72.54999999999797,0.04999999999999716,221.0421890258789,-90.2897720336914,-424.4334716796875,0.0
1648,72.59999999999796,0.04999999999999716,221.41433715820312,-90.3647232055664,-426.43206787109375,0.0
1649,72.59999999999796,0.04999999999999716,221.41433715820312,-90.4396743774414,-428.4306640625,0.0
1650,72.64999999999796,0.04999999999999716,221.78567504882812,-90.5146255493164,-430.42926025390625,0.0
1651,72.69999999999796,0.04999999999999716,222.15616149902345,-90.5895767211914,-432.4278564453125,0.0
1652,72.69999999999796,0.04999999999999716,222.15616149902345,-90.66453552246094,-434.42645263671875,0.0
1653,72.74999999999795,0.04999999999999716,222.52582397460938,-90.73948669433594,-436.425048828125,0.0
1654,72.79999999999795,0.04999999999999716,222.89463500976564,-90.81443786621094,-438.42364501953125,0.0
1655,72.79999999999795,0.04999999999999716,222.89463500976564,-90.88938903808594,-440.4222412109375,0.0
1656,72.84999999999795,0.04999999999999716,223.26263580322265,-90.96434020996094,-442.42083740234375,0.0
1657,72.89999999999795,0.04999999999999716,223.62982635498048,-91.03929138183594,-444.41943359375,0.0
1658,72.89999999999795,0.04999999999999716,223.62982635498048,-91.11425018310547,-446.41802978515625,0.0
1659,72.94999999999794,0.04999999999999716,223.9961654663086,-91.18920135498047,-448.4166259765625,0.0
1660,72.99999999999794,0.04999999999999716,224.36168060302734,-91.26415252685547,-450.41522216796875,0.0
1661,72.99999999999794,0.04999999999999716,224.36168060302734,-91.33910369873047,-452.413818359375,0.0
1662,73.04999999999794,0.04999999999999716,224.72638549804688,-91.41405487060547,-454.41241455078125,0.0
1663,73.04999999999794,0.04999999999999716,224.72638549804688,-91.48900604248047,-456.4110107421875,0.0
1664,73.09999999999793,0.04999999999999716,225.0902526855469,-91.56396484375,-458.40960693359375,0.0
1665,73.14999999999793,0.04999999999999716,225.45330963134765,-91.638916015625,-460.408203125,0.0
1666,73.14999999999793,0.04999999999999716,225.45330963134765,-91.7138671875,-462.40679931640625,0.0
1667,73.19999999999793,0.04999999999999716,225.81554260253907,-91.788818359375,-464.4053649902344,0.0
1668,73.24999999999793,0.04999999999999716,226.1769515991211,-91.86376953125,-466.4039611816406,0.0
1669,73.24999999999793,0.04999999999999716,226.1769515991211,-91.938720703125,-468.4025573730469,0.0
1670,73.29999999999792,0.04999999999999716,226.53757781982424,-92.01367950439453,-470.4011535644531,0.0
1671,73.34999999999792,0.04999999999999716,226.897380065918,-92.08863067626953,-472.3997497558594,0.0
1672,73.34999999999792,0.04999999999999716,226.897380065918,-92.16358184814453,-474.3983459472656,0.0
1673,73.39999999999792,0.04999999999999716,227.2563720703125,-92.23853302001953,-476.3969421386719,0.0
1674,73.39999999999792,0.04999999999999716,227.2563720703125,-92.31348419189453,-478.3955383300781,0.0
1675,73.44999999999791,0.04999999999999716,227.61455383300782,-92.38844299316406,-480.3941345214844,0.0
1676,73.49999999999791,0.04999999999999716,227.9719253540039,-92.46339416503906,-482.3927307128906,0.0
1677,73.49999999999791,0.04999999999999716,227.9719253540039,-92.53834533691406,-484.3913269042969,0.0
1678,73.54999999999791,0.04999999999999716,228.32847290039064,-92.61329650878906,-486.3899230957031,0.0
1679,73.5999999999979,0.04999999999999716,228.6842239379883,-92.68824768066406,-488.3885192871094,0.0
1680,73.5999999999979,0.04999999999999716,228.6842239379883,-92.76319885253906,-490.3870849609375,0.0
1681,73.6499999999979,0.04999999999999716,229.03919219970703,-92.83815002441406,-492.3857116699219,0.0
1682,73.6499999999979,0.04999999999999716,229.03919219970703,-92.9131088256836,-494.3843078613281,0.0
1683,73.6999999999979,0.04999999999999716,229.3933090209961,-92.9880599975586,-496.3829040527344,0.0
1684,73.7499999999979,0.04999999999999716,229.74668426513674,-93.0630111694336,-498.3815002441406,0.0
1685,73.7499999999979,0.04999999999999716,229.74668426513674,-93.1379623413086,-500.3800964355469,0.0
1686,73.7999999999979,0.04999999999999716,230.0992218017578,-93.2129135131836,-502.3786926269531,0.0
1687,73.84999999999789,0.04999999999999716,230.4509490966797,-93.28787231445312,-504.37725830078125,0.0
1688,73.84999999999789,0.04999999999999716,230.4509490966797,-93.36282348632812,-506.3758544921875,0.0
1689,73.89999999999789,0.04999999999999716,230.80190734863282,-93.43777465820312,-508.37445068359375,0.0
1690,73.89999999999789,0.04999999999999716,230.80190734863282,-93.51272583007812,-510.373046875,0.0
1691,73.94999999999789,0.04999999999999716,231.15204162597658,-93.5887451171875,-512.37158203125,0.0
1692,73.99999999999788,0.04999999999999716,231.50140686035158,-93.67181396484375,-514.369873046875,0.0
1693,73.99999999999788,0.04999999999999716,231.50140686035158,-93.76287841796875,-516.3677978515625,0.0
1694,74.04999999999788,0.04999999999999716,231.85000305175782,-93.86066436767578,-518.3654174804688,0.0
1695,74.09999999999788,0.04999999999999716,232.1977752685547,-93.95926666259766,-520.3629760742188,0.0
1696,74.09999999999788,0.04999999999999716,232.1977752685547,-94.05786895751953,-522.3605346679688,0.0
1697,74.14999999999787,0.04999999999999716,232.5447784423828,-94.1564712524414,-524.3580932617188,0.0
1698,74.14999999999787,0.04999999999999716,232.5447784423828,-94.25507354736328,-526.3556518554688,0.0
1699,74.19999999999787,0.04999999999999716,232.89095764160157,-94.35367584228516,-528.353271484375,0.0
1700,74.24999999999787,0.04999999999999716,233.23636779785156,-94.45227813720703,-530.350830078125,0.0
1701,74.24999999999787,0.04999999999999716,233.23636779785156,-94.5508804321289,-532.348388671875,0.0
1702,74.29999999999787,0.04999999999999716,233.5810089111328,-94.64948272705078,-534.345947265625,0.0
1703,74.34999999999786,0.04999999999999716,233.9248260498047,-94.74808502197266,-536.343505859375,0.0
1704,74.34999999999786,0.04999999999999716,233.9248260498047,-94.84668731689453,-538.341064453125,0.0
1705,74.39999999999786,0.04999999999999716,234.26790161132814,-94.9452896118164,-540.3386840820312,0.0
1706,74.39999999999786,0.04999999999999716,234.26790161132814,-95.04389190673828,-542.3362426757812,0.0
1707,74.44999999999786,0.04999999999999716,234.6101806640625,-95.14249420166016,-544.3338012695312,0.0
1708,74.49999999999785,0.04999999999999716,234.95169067382812,-95.24109649658203,-546.3313598632812,0.0
1709,74.49999999999785,0.04999999999999716,234.95169067382812,-95.3396987915039,-548.3289184570312,0.0
1710,74.54999999999785,0.04999999999999716,235.2924041748047,-95.43830108642578,-550.3264770507812,0.0
1711,74.54999999999785,0.04999999999999716,235.2924041748047,-95.53690338134766,-552.3240356445312,0.0
1712,74.59999999999785,0.04999999999999716,235.6323486328125,-95.63550567626953,-554.3216552734375,0.0
1713,74.64999999999785,0.04999999999999716,235.97152404785157,-95.7341079711914,-556.3192138671875,0.0
1714,74.64999999999785,0.04999999999999716,235.97152404785157,-95.83271026611328,-558.3167724609375,0.0
1715,74.69999999999784,0.04999999999999716,236.30993041992187,-95.93131256103516,-560.3143310546875,0.0
1716,74.74999999999784,0.04999999999999716,236.64754028320314,-96.02991485595703,-562.3118896484375,0.0
1717,74.79999999999784,0.04999999999999716,236.98440856933595,-96.1285171508789,-564.3094482421875,0.0
1718,74.79999999999784,0.04999999999999716,236.98440856933595,-96.22711944580078,-566.3070068359375,0.0
1719,74.84999999999783,0.04999999999999716,237.3205078125,-96.32572174072266,-568.3046264648438,0.0
1720,74.84999999999783,0.04999999999999716,237.3205078125,-96.42432403564453,-570.3021850585938,0.0
1721,74.89999999999783,0.04999999999999716,237.6557830810547,-96.5229263305664,-572.2997436523438,0.0
1722,74.94999999999783,0.04999999999999716,237.99037170410156,-96.62152862548828,-574.2973022460938,0.0
1723,74.94999999999783,0.04999999999999716,237.99037170410156,-96.72013092041016,-576.2948608398438,0.0
1724,74.99999999999783,0.04999999999999716,238.32416381835938,-96.81873321533203,-578.2924194335938,0.0
1725,74.99999999999783,0.04999999999999716,238.32416381835938,-96.9173355102539,-580.2900390625,0.0
1726,75.04999999999782,0.04999999999999716,238.65715942382812,-97.01593780517578,-582.28759765625,0.0
1727,75.09999999999782,0.04999999999999716,238.98944091796875,-97.11454010009766,-584.28515625,0.0
1728,75.09999999999782,0.04999999999999716,238.98944091796875,-97.21314239501953,-586.28271484375,0.0
1729,75.14999999999782,0.04999999999999716,239.3208984375,-97.3117446899414,-588.2802734375,0.0
1730,75.14999999999782,0.04999999999999716,239.3208984375,-97.41033935546875,-590.27783203125,0.0
1731,75.19999999999781,0.04999999999999716,239.65169677734374,-97.50894165039062,-592.275390625,0.0
1732,75.24999999999781,0.04999999999999716,239.98167114257814,-97.6075439453125,-594.2730102539062,0.0
1733,75.24999999999781,0.04999999999999716,239.98167114257814,-97.70614624023438,-596.2705688476562,0.0
1734,75.29999999999781,0.04999999999999716,240.31087646484374,-97.80474853515625,-598.2681274414062,0.0
1735,75.29999999999781,0.04999999999999716,240.31087646484374,-97.90335083007812,-600.2656860351562,0.0
1736,75.3499999999978,0.04999999999999716,240.63936767578124,-98.001953125,-602.2632446289062,0.0
1737,75.3999999999978,0.04999999999999716,240.9670623779297,-98.10055541992188,-604.2608032226562,0.0
1738,75.3999999999978,0.04999999999999716,240.9670623779297,-98.19915771484375,-606.2584228515625,0.0
1739,75.4499999999978,0.04999999999999716,241.29404296875,-98.29776000976562,-608.2559814453125,0.0
1740,75.4499999999978,0.04999999999999716,241.29404296875,-98.3963623046875,-610.2535400390625,0.0
1741,75.4999999999978,0.04999999999999716,241.6202819824219,-98.49496459960938,-612.2510986328125,0.0
1742,75.5499999999978,0.04999999999999716,241.9457244873047,-98.59356689453125,-614.2486572265625,0.0
1743,75.5499999999978,0.04999999999999716,241.9457244873047,-98.69216918945312,-616.2462158203125,0.0
1744,75.59999999999779,0.04999999999999716,242.2704803466797,-98.790771484375,-618.2437744140625,0.0
1745,75.59999999999779,0.04999999999999716,242.2704803466797,-98.88937377929688,-620.2413940429688,0.0
1746,75.64999999999779,0.04999999999999716,242.59443969726564,-98.98797607421875,-622.2389526367188,0.0
1747,75.69999999999779,0.04999999999999716,242.91765747070312,-99.08657836914062,-624.2365112304688,0.0
1748,75.69999999999779,0.04999999999999716,242.91765747070312,-99.1851806640625,-626.2340698242188,0.0
1749,75.74999999999778,0.04999999999999716,243.24016113281252,-99.28378295898438,-628.2316284179688,0.0
1750,75.74999999999778,0.04999999999999716,243.24016113281252,-99.38238525390625,-630.2291870117188,0.0
1751,75.79999999999778,0.04999999999999716,243.56192321777345,-99.48098754882812,-632.226806640625,0.0
1752,75.84999999999778,0.04999999999999716,243.88291625976564,-99.57958984375,-634.224365234375,0.0
1753,75.84999999999778,0.04999999999999716,243.88291625976564,-99.67819213867188,-636.221923828125,0.0
1754,75.89999999999777,0.04999999999999716,244.2031677246094,-99.77679443359375,-638.219482421875,0.0
1755,75.89999999999777,0.04999999999999716,244.2031677246094,-99.87539672851562,-640.217041015625,0.0
1756,75.94999999999777,0.04999999999999716,244.5226776123047,-99.9739990234375,-642.214599609375,0.0
1757,75.99999999999777,0.04999999999999716,244.8414733886719,-100.07260131835938,-644.212158203125,0.0
1758,75.99999999999777,0.04999999999999716,244.8414733886719,-100.17120361328125,-646.2097778320312,0.0
1759,76.04999999999777,0.04999999999999716,245.15955505371093,-100.26980590820312,-648.2073364257812,0.0
1760,76.04999999999777,0.04999999999999716,245.15955505371093,-100.368408203125,-650.2048950195312,0.0
1761,76.09999999999776,0.04999999999999716,245.47689514160157,-100.46701049804688,-652.2024536132812,0.0
1762,76.14999999999776,0.04999999999999716,245.79346618652343,-100.56561279296875,-654.2000122070312,0.0
1763,76.14999999999776,0.04999999999999716,245.79346618652343,-100.66421508789062,-656.1976318359375,0.0
1764,76.19999999999776,0.04999999999999716,246.10937805175783,-100.7628173828125,-658.1951904296875,0.0
1765,76.19999999999776,0.04999999999999716,246.10937805175783,-100.86141967773438,-660.1927490234375,0.0
1766,76.24999999999775,0.04999999999999716,246.42452087402344,-100.96002197265625,-662.1903076171875,0.0
1767,76.24999999999775,0.04999999999999716,246.42452087402344,-101.05862426757812,-664.1878662109375,0.0
1768,76.29999999999775,0.04999999999999716,246.73894958496095,-101.1572265625,-666.1854248046875,0.0
1769,76.34999999999775,0.04999999999999716,247.0526092529297,-101.25582885742188,-668.1829833984375,0.0
1770,76.34999999999775,0.04999999999999716,247.0526092529297,-101.35443115234375,-670.1805419921875,0.0
1771,76.39999999999775,0.04999999999999716,247.36558227539064,-101.45303344726562,-672.1781616210938,0.0
1772,76.39999999999775,0.04999999999999716,247.36558227539064,-101.55162811279297,-674.1757202148438,0.0
1773,76.44999999999774,0.04999999999999716,247.67781372070314,-101.65023040771484,-676.1732788085938,0.0
1774,76.49999999999774,0.04999999999999716,247.98924865722657,-101.74883270263672,-678.1708374023438,0.0
1775,76.49999999999774,0.04999999999999716,247.98924865722657,-101.8474349975586,-680.1683959960938,0.0
1776,76.54999999999774,0.04999999999999716,248.29450378417968,-101.94603729248047,-682.166015625,0.0
1777,76.54999999999774,0.04999999999999716,248.29450378417968,-102.04463958740234,-684.16357421875,0.0
1778,76.59999999999773,0.04999999999999716,248.59017333984374,-102.14324188232422,-686.1611328125,0.0
1779,76.59999999999773,0.04999999999999716,248.59017333984374,-102.2418441772461,-688.15869140625,0.0
1780,76.64999999999773,0.04999999999999716,248.87650451660156,-102.34044647216797,-690.15625,0.0
1781,76.69999999999773,0.04999999999999716,249.15379943847657,-102.43904876708984,-692.15380859375,0.0
1782,76.69999999999773,0.04999999999999716,249.15379943847657,-102.53765106201172,-694.1513671875,0.0
1783,76.74999999999773,0.04999999999999716,249.42225036621093,-102.6362533569336,-696.14892578125,0.0
1784,76.74999999999773,0.04999999999999716,249.42225036621093,-102.73485565185547,-698.146484375,0.0
1785,76.79999999999772,0.04999999999999716,249.68218688964845,-102.83345794677734,-700.1441040039062,0.0
1786,76.84999999999772,0.04999999999999716,249.93377380371095,-102.93206024169922,-702.1416625976562,0.0
1787,76.84999999999772,0.04999999999999716,249.93377380371095,-103.0306625366211,-704.1392211914062,0.0
1788,76.89999999999772,0.04999999999999716,250.17728576660156,-103.12926483154297,-706.1367797851562,0.0
1789,76.89999999999772,0.04999999999999716,250.17728576660156,-103.22786712646484,-708.1343994140625,0.0
1790,76.94999999999771,0.04999999999999716,250.4129150390625,-103.32646942138672,-710.1319580078125,0.0
1791,76.94999999999771,0.04999999999999716,250.4129150390625,-103.4250717163086,-712.1295166015625,0.0
1792,76.99999999999771,0.04999999999999716,250.6409637451172,-103.52367401123047,-714.1270751953125,0.0
1793,77.04999999999771,0.04999999999999716,250.86173400878906,-103.62227630615234,-716.1246337890625,0.0
1794,77.04999999999771,0.04999999999999716,250.86173400878906,-103.72087860107422,-718.1221923828125,0.0
1795,77.0999999999977,0.04999999999999716,251.0754180908203,-103.8194808959961,-720.1197509765625,0.0
1796,77.0999999999977,0.04999999999999716,251.0754180908203,-103.91808319091797,-722.1173095703125,0.0
1797,77.1499999999977,0.04999999999999716,251.28229064941408,-104.01668548583984,-724.1148681640625,0.0
1798,77.1499999999977,0.04999999999999716,251.28229064941408,-104.11528778076172,-726.1124877929688,0.0
1799,77.1999999999977,0.04999999999999716,251.48262634277344,-104.2138900756836,-728.1100463867188,0.0
1800,77.2499999999977,0.04999999999999716,251.67667236328126,-104.31249237060547,-730.1076049804688,0.0
1801,77.2499999999977,0.04999999999999716,251.67667236328126,-104.41109466552734,-732.1051635742188,0.0
1802,77.2999999999977,0.04999999999999716,251.86467590332032,-104.50969696044922,-734.1027221679688,0.0
1803,77.2999999999977,0.04999999999999716,251.86467590332032,-104.6082992553711,-736.100341796875,0.0
1804,77.34999999999769,0.04999999999999716,252.04674682617187,-104.70690155029297,-738.097900390625,0.0
1805,77.34999999999769,0.04999999999999716,252.04674682617187,-104.80550384521484,-740.095458984375,0.0
1806,77.39999999999769,0.04999999999999716,252.2231872558594,-104.90410614013672,-742.093017578125,0.0
1807,77.44999999999769,0.04999999999999716,252.39410705566408,-105.0027084350586,-744.090576171875,0.0
1808,77.44999999999769,0.04999999999999716,252.39410705566408,-105.10131072998047,-746.088134765625,0.0
1809,77.49999999999768,0.04999999999999716,252.5596160888672,-105.19990539550781,-748.085693359375,0.0
1810,77.49999999999768,0.04999999999999716,252.5596160888672,-105.29850769042969,-750.083251953125,0.0
1811,77.54999999999768,0.04999999999999716,252.71990661621095,-105.39710998535156,-752.0808715820312,0.0
1812,77.54999999999768,0.04999999999999716,252.71990661621095,-105.49571228027344,-754.0784301757812,0.0
1813,77.59999999999768,0.04999999999999716,252.87508850097657,-105.59431457519531,-756.0759887695312,0.0
1814,77.64999999999768,0.04999999999999716,253.02535400390624,-105.69291687011719,-758.0735473632812,0.0
1815,77.64999999999768,0.04999999999999716,253.02535400390624,-105.79151916503906,-760.0711059570312,0.0
1816,77.69999999999767,0.04999999999999716,253.17084045410158,-105.89012145996094,-762.0687255859375,0.0
1817,77.69999999999767,0.04999999999999716,253.17084045410158,-105.98872375488281,-764.0662841796875,0.0
1818,77.74999999999767,0.04999999999999716,253.311767578125,-106.08732604980469,-766.0638427734375,0.0
1819,77.74999999999767,0.04999999999999716,253.311767578125,-106.18592834472656,-768.0614013671875,0.0
1820,77.79999999999767,0.04999999999999716,253.44810791015627,-106.28453063964844,-770.0589599609375,0.0
1821,77.84999999999766,0.04999999999999716,253.58019104003907,-106.38313293457031,-772.0565185546875,0.0
1822,77.84999999999766,0.04999999999999716,253.58019104003907,-106.48173522949219,-774.0540771484375,0.0
1823,77.89999999999766,0.04999999999999716,253.708154296875,-106.58033752441406,-776.0516357421875,0.0
1824,77.89999999999766,0.04999999999999716,253.708154296875,-106.67893981933594,-778.0491943359375,0.0
1825,77.94999999999766,0.04999999999999716,253.83202514648437,-106.77754211425781,-780.0468139648438,0.0
1826,77.94999999999766,0.04999999999999716,253.83202514648437,-106.87614440917969,-782.0443725585938,0.0
1827,77.99999999999766,0.04999999999999716,253.95210571289064,-106.97474670410156,-784.0419311523438,0.0
1828,77.99999999999766,0.04999999999999716,253.95210571289064,-107.07334899902344,-786.03955078125,0.0
1829,78.04999999999765,0.04999999999999716,254.06842346191408,-107.17195129394531,-788.037109375,0.0
1830,78.09999999999765,0.04999999999999716,254.18108825683595,-107.27055358886719,-790.03466796875,0.0
1831,78.09999999999765,0.04999999999999716,254.18108825683595,-107.36915588378906,-792.0322265625,0.0
1832,78.14999999999765,0.04999999999999716,254.29026489257814,-107.46775817871094,-794.02978515625,0.0
1833,78.14999999999765,0.04999999999999716,254.29026489257814,-107.56636047363281,-796.02734375,0.0
1834,78.19999999999764,0.04999999999999716,254.39592590332032,-107.66496276855469,-798.02490234375,0.0
1835,78.19999999999764,0.04999999999999716,254.39592590332032,-107.76356506347656,-800.0224609375,0.0
1836,78.24999999999764,0.04999999999999716,254.4982635498047,-107.86216735839844,-802.02001953125,0.0
1837,78.29999999999764,0.04999999999999716,254.59727783203127,-107.96076965332031,-804.017578125,0.0
1838,78.29999999999764,0.04999999999999716,254.59727783203127,-108.05937194824219,-806.0151977539062,0.0
1839,78.34999999999764,0.04999999999999716,254.69305114746095,-108.15797424316406,-808.0127563476562,0.0
1840,78.34999999999764,0.04999999999999716,254.69305114746095,-108.25657653808594,-810.0103149414062,0.0
1841,78.39999999999763,0.04999999999999716,254.78539123535157,-108.35517883300781,-812.0079345703125,0.0
1842,78.39999999999763,0.04999999999999716,254.78539123535157,-108.45378112792969,-814.0054931640625,0.0
1843,78.44999999999763,0.04999999999999716,254.87438049316407,-108.55238342285156,-816.0030517578125,0.0
1844,78.49999999999763,0.04999999999999716,254.95996398925783,-108.65098571777344,-818.0006103515625,0.0
1845,78.49999999999763,0.04999999999999716,254.95996398925783,-108.74958801269531,-819.9981689453125,0.0
1846,78.54999999999762,0.04999999999999716,255.04277343750002,-108.84819030761719,-821.9957275390625,0.0
1847,78.54999999999762,0.04999999999999716,255.04277343750002,-108.94679260253906,-823.9932861328125,0.0
1848,78.59999999999762,0.04999999999999716,255.12289123535157,-109.04539489746094,-825.9908447265625,0.0
1849,78.59999999999762,0.04999999999999716,255.12289123535157,-109.14399719238281,-827.9884033203125,0.0
1850,78.64999999999762,0.04999999999999716,255.20039978027344,-109.24259948730469,-829.9859619140625,0.0
1851,78.64999999999762,0.04999999999999716,255.20039978027344,-109.34120178222656,-831.9835815429688,0.0
1852,78.69999999999762,0.04999999999999716,255.2754913330078,-109.43980407714844,-833.9811401367188,0.0
1853,78.74999999999761,0.04999999999999716,255.34849548339844,-109.53840637207031,-835.9786987304688,0.0
1854,78.74999999999761,0.04999999999999716,255.34849548339844,-109.63700103759766,-837.976318359375,0.0
1855,78.74999999999761,0.04999999999999716,255.34849548339844,-109.73560333251953,-839.973876953125,0.0
1856,78.79999999999761,0.04999999999999716,255.41943969726563,-109.83421325683594,-841.971435546875,0.0
1857,78.79999999999761,0.04999999999999716,255.41943969726563,-109.93280792236328,-843.968994140625,0.0
1858,78.8499999999976,0.04999999999999716,255.4885986328125,-110.03141021728516,-845.966552734375,0.0
1859,78.8499999999976,0.04999999999999716,255.4885986328125,-110.13001251220703,-847.964111328125,0.0
1860,78.8999999999976,0.04999999999999716,255.55591735839843,-110.2286148071289,-849.961669921875,0.0
1861,78.9499999999976,0.04999999999999716,255.62134094238283,-110.32721710205078,-851.959228515625,0.0
1862,78.9499999999976,0.04999999999999716,255.62134094238283,-110.42581939697266,-853.956787109375,0.0
1863,78.9999999999976,0.04999999999999716,255.68484191894532,-110.52442169189453,-855.954345703125,0.0
1864,78.9999999999976,0.04999999999999716,255.68484191894532,-110.6230239868164,-857.9519653320312,0.0
1865,79.0499999999976,0.04999999999999716,255.7461181640625,-110.72162628173828,-859.9495239257812,0.0
1866,79.0499999999976,0.04999999999999716,255.7461181640625,-110.82022857666016,-861.9470825195312,0.0
1867,79.09999999999759,0.04999999999999716,255.80538940429688,-110.91883087158203,-863.9447021484375,0.0
1868,79.09999999999759,0.04999999999999716,255.80538940429688,-111.0174331665039,-865.9422607421875,0.0
1869,79.14999999999759,0.04999999999999716,255.86279296875,-111.11603546142578,-867.9398193359375,0.0
1870,79.19999999999759,0.04999999999999716,255.9181915283203,-111.21463775634766,-869.9373779296875,0.0
1871,79.19999999999759,0.04999999999999716,255.9181915283203,-111.31324005126953,-871.9349365234375,0.0
1872,79.24999999999758,0.04999999999999716,255.97169494628906,-111.4118423461914,-873.9324951171875,0.0
1873,79.24999999999758,0.04999999999999716,255.97169494628906,-111.51044464111328,-875.9300537109375,0.0
1874,79.29999999999758,0.04999999999999716,256.0233581542969,-111.60904693603516,-877.9276123046875,0.0
1875,79.29999999999758,0.04999999999999716,256.0233581542969,-111.70764923095703,-879.9251708984375,0.0
1876,79.34999999999758,0.04999999999999716,256.0730438232422,-111.8062515258789,-881.9227294921875,0.0
1877,79.39999999999758,0.04999999999999716,256.12066955566405,-111.90485382080078,-883.9203491210938,0.0
1878,79.39999999999758,0.04999999999999716,256.12066955566405,-112.00345611572266,-885.9179077148438,0.0
1879,79.44999999999757,0.04999999999999716,256.1660430908203,-112.10205841064453,-887.9154663085938,0.0
1880,79.44999999999757,0.04999999999999716,256.1660430908203,-112.2006607055664,-889.9130859375,0.0
1881,79.49999999999757,0.04999999999999716,256.2091369628906,-112.29926300048828,-891.91064453125,0.0
1882,79.49999999999757,0.04999999999999716,256.2091369628906,-112.39786529541016,-893.908203125,0.0
1883,79.54999999999757,0.04999999999999716,256.2495391845703,-112.49646759033203,-895.90576171875,0.0
1884,79.54999999999757,0.04999999999999716,256.2495391845703,-112.5950698852539,-897.9033203125,0.0
1885,79.59999999999756,0.04999999999999716,256.28650817871096,-112.69367218017578,-899.90087890625,0.0
1886,79.64999999999756,0.04999999999999716,256.31911010742186,-112.79227447509766,-901.8984375,0.0
1887,79.64999999999756,0.04999999999999716,256.31911010742186,-112.890869140625,-903.89599609375,0.0
1888,79.69999999999756,0.04999999999999716,256.3461639404297,-112.98947143554688,-905.8935546875,0.0
1889,79.69999999999756,0.04999999999999716,256.3461639404297,-113.08807373046875,-907.89111328125,0.0
1890,79.74999999999756,0.04999999999999716,256.32333984375003,-113.18667602539062,-909.8887329101562,0.0
1891,79.74999999999756,0.04999999999999716,256.32333984375003,-113.2852783203125,-911.8862915039062,0.0
1892,79.79999999999755,0.04999999999999716,256.1202026367188,-113.38388061523438,-913.8838500976562,0.0
1893,79.79999999999755,0.04999999999999716,256.1202026367188,-113.48248291015625,-915.8814697265625,0.0
1894,79.84999999999755,0.04999999999999716,255.43179931640626,-113.58108520507812,-917.8790283203125,0.0
1895,79.89999999999755,0.04999999999999716,254.04656066894532,-113.6796875,-919.8765869140625,0.0
1896,79.89999999999755,0.04999999999999716,254.04656066894532,-113.77828979492188,-921.8741455078125,0.0
1897,79.94999999999754,0.04999999999999716,252.12623291015626,-113.87689208984375,-923.8717041015625,0.0
1898,79.94999999999754,0.04999999999999716,252.12623291015626,-113.97549438476562,-925.8692626953125,0.0
1899,79.99999999999754,0.04999999999999716,249.81932373046877,-114.0740966796875,-927.8668212890625,0.0
1900,79.99999999999754,0.04999999999999716,249.81932373046877,-114.17269897460938,-929.8643798828125,0.0
1901,80.04999999999754,0.04999999999999716,247.2207000732422,-114.27130126953125,-931.8619384765625,0.0
1902,80.09999999999754,0.04999999999999716,244.39985046386718,-114.36990356445312,-933.8594970703125,0.0
1903,80.09999999999754,0.04999999999999716,244.39985046386718,-114.468505859375,-935.8571166992188,0.0
1904,80.14999999999753,0.04999999999999716,241.40758666992187,-114.56756591796875,-937.8546752929688,0.0
1905,80.14999999999753,0.04999999999999716,241.40758666992187,-114.67355346679688,-939.8518676757812,0.0
1906,80.19999999999753,0.04999999999999716,238.28150939941406,-114.7884521484375,-941.8485717773438,0.0
1907,80.24999999999753,0.04999999999999716,235.05213317871093,-114.9122314453125,-943.8447265625,0.0
1908,80.24999999999753,0.04999999999999716,235.05213317871093,-115.04489135742188,-945.84033203125,0.0
1909,80.29999999999752,0.04999999999999716,231.7372833251953,-115.18646240234375,-947.8353271484375,0.0
1910,80.34999999999752,0.04999999999999716,228.36866912841796,-115.3369140625,-949.8296508789062,0.0
1911,80.34999999999752,0.04999999999999716,228.36866912841796,-115.49624633789062,-951.8233032226562,0.0
1912,80.39999999999752,0.04999999999999716,224.99710235595703,-115.66445922851562,-953.8162231445312,0.0
1913,80.39999999999752,0.04999999999999716,224.99710235595703,-115.841552734375,-955.808349609375,0.0
1914,80.44999999999752,0.04999999999999716,221.6374282836914,-116.02752685546875,-957.7996826171875,0.0
1915,80.49999999999751,0.04999999999999716,218.28328857421874,-116.22235107421875,-959.7901611328125,0.0
1916,80.49999999999751,0.04999999999999716,218.28328857421874,-116.42605590820312,-961.77978515625,0.0
1917,80.54999999999751,0.04999999999999716,214.99413299560547,-116.63861083984375,-963.7684326171875,0.0
1918,80.59999999999751,0.04999999999999716,211.9432571411133,-116.86004638671875,-965.7561645507812,0.0
1919,80.6499999999975,0.04999999999999716,209.1831069946289,-117.09030151367188,-967.7428588867188,0.0
1920,80.6499999999975,0.04999999999999716,209.1831069946289,-117.32943725585938,-969.728515625,0.0
1921,80.6999999999975,0.04999999999999716,206.71132049560546,-117.577392578125,-971.7130737304688,0.0
1922,80.7499999999975,0.04999999999999716,204.52097625732424,-117.83419799804688,-973.6964721679688,0.0
1923,80.7499999999975,0.04999999999999716,204.52097625732424,-118.099853515625,-975.6787719726562,0.0
1924,80.7999999999975,0.04999999999999716,202.58275451660157,-118.37432861328125,-977.6598510742188,0.0
1925,80.8499999999975,0.04999999999999716,200.88961029052734,-118.65762329101562,-979.6397094726562,0.0
1926,80.89999999999749,0.04999999999999716,199.4113311767578,-118.94973754882812,-981.6182250976562,0.0
1927,80.94999999999749,0.04999999999999716,198.1381805419922,-119.25064086914062,-983.595458984375,0.0
1928,80.94999999999749,0.04999999999999716,198.1381805419922,-119.56039428710938,-985.5713500976562,0.0
1929,80.99999999999748,0.04999999999999716,197.03529052734376,-119.87890625,-987.5457763671875,0.0
1930,81.04999999999748,0.04999999999999716,196.0800979614258,-120.20623779296875,-989.5188598632812,0.0
1931,81.09999999999748,0.04999999999999716,195.2594467163086,-120.5423583984375,-991.4903564453125,0.0
1932,81.14999999999748,0.04999999999999716,194.53856506347657,-120.89114379882812,-993.459716796875,0.0
1933,81.14999999999748,0.04999999999999716,194.53856506347657,-121.27919006347656,-995.421630859375,0.0
1934,81.19999999999747,0.04999999999999716,193.89361267089845,-121.71135711669922,-997.3743286132812,0.0
1935,81.24999999999747,0.04999999999999716,193.32706146240236,-122.18743896484375,-999.3168334960938,0.0
1936,81.29999999999747,0.04999999999999716,192.78191986083985,-122.70718383789062,-1001.248046875,0.0
1937,81.29999999999747,0.04999999999999716,192.78191986083985,-123.27032470703125,-1003.1671142578125,0.0
1938,81.34999999999746,0.04999999999999716,192.25295562744142,-123.8765869140625,-1005.0729370117188,0.0
1939,81.39999999999746,0.04999999999999716,191.72579040527344,-124.52565002441406,-1006.9646606445312,0.0
1940,81.39999999999746,0.04999999999999716,191.72579040527344,-125.21720123291016,-1008.8412475585938,0.0
1941,81.44999999999746,0.04999999999999716,191.20341796875002,-125.95086669921875,-1010.7017822265625,0.0
1942,81.49999999999746,0.04999999999999716,190.64209899902343,-126.72628784179688,-1012.5452880859375,0.0
1943,81.54999999999745,0.04999999999999716,190.0749984741211,-127.54307556152344,-1014.370849609375,0.0
1944,81.54999999999745,0.04999999999999716,190.0749984741211,-128.40081787109375,-1016.1775512695312,0.0
1945,81.59999999999745,0.04999999999999716,189.4766830444336,-129.29904174804688,-1017.9644165039062,0.0
1946,81.64999999999745,0.04999999999999716,188.86297302246095,-130.23733520507812,-1019.7306518554688,0.0
1947,81.64999999999745,0.04999999999999716,188.86297302246095,-131.21519470214844,-1021.4752197265625,0.0
1948,81.69999999999744,0.04999999999999716,188.2127471923828,-132.2321319580078,-1023.1973266601562,0.0
1949,81.69999999999744,0.04999999999999716,188.2127471923828,-133.28762817382812,-1024.8961181640625,0.0
1950,81.74999999999744,0.04999999999999716,187.52408294677736,-134.38116455078125,-1026.570556640625,0.0
1951,81.79999999999744,0.04999999999999716,186.8184310913086,-135.51214599609375,-1028.2200927734375,0.0
1952,81.79999999999744,0.04999999999999716,186.8184310913086,-136.68003845214844,-1029.8436279296875,0.0
1953,81.84999999999744,0.04999999999999716,186.07281646728515,-137.8842315673828,-1031.4404296875,0.0
1954,81.89999999999743,0.04999999999999716,185.28762359619142,-139.12411499023438,-1033.0096435546875,0.0
1955,81.94999999999743,0.04999999999999716,184.48773651123048,-140.3990478515625,-1034.550537109375,0.0
1956,81.94999999999743,0.04999999999999716,184.48773651123048,-141.70838928222656,-1036.062255859375,0.0
1957,81.99999999999743,0.04999999999999716,183.65199279785156,-143.05148315429688,-1037.544189453125,0.0
1958,82.04999999999742,0.04999999999999716,182.8050979614258,-144.42764282226562,-1038.995361328125,0.0
1959,82.09999999999742,0.04999999999999716,181.92719421386718,-145.83311462402344,-1040.4183349609375,0.0
1960,82.09999999999742,0.04999999999999716,181.92719421386718,-147.24366760253906,-1041.836181640625,0.0
1961,82.14999999999742,0.04999999999999716,181.04088592529297,-148.6542205810547,-1043.2540283203125,0.0
1962,82.19999999999742,0.04999999999999716,180.12698822021486,-150.0647735595703,-1044.671875,0.0
1963,82.19999999999742,0.04999999999999716,180.12698822021486,-151.9115447998047,-1045.4959716796875,-0.7423210073029622
1964,82.29999999999741,0.09999999999999432,178.27965087890627,-153.56297302246094,-1046.8179931640625,-0.7423085332848132
1965,82.29999999999741,0.09999999999999432,178.27965087890627,-155.27511596679688,-1048.03515625,-0.7423096013953909
1966,82.34999999999741,0.04999999999999716,177.3304458618164,-157.0152130126953,-1049.207763671875,-0.7423054432729259
1967,82.3999999999974,0.04999999999999716,176.37764282226564,-158.78709411621094,-1050.357421875,-0.7423200918128714
1968,82.4499999999974,0.04999999999999716,175.42258758544924,-160.56326293945312,-1051.5169677734375,-0.7423218083567917
1969,82.4999999999974,0.04999999999999716,174.46640625,-162.36941528320312,-1052.62744140625,-0.7423082662280649
1970,82.5499999999974,0.04999999999999716,173.49679412841797,-164.17236328125,-1053.70263671875,-0.74231997737661
1971,82.5499999999974,0.04999999999999716,173.49679412841797,-166.06207275390625,-1054.709716796875,-0.7423170019173995
1972,82.5999999999974,0.04999999999999716,172.52855529785157,-167.92999267578125,-1055.629150390625,-0.7423144842032343
1973,82.64999999999739,0.04999999999999716,171.56350250244142,-169.81085205078125,-1056.5367431640625,-0.7423064351314679
1974,82.69999999999739,0.04999999999999716,170.6016632080078,-171.71499633789062,-1057.373291015625,-0.7423194814473391
1975,82.74999999999739,0.04999999999999716,169.64493255615236,-173.6272430419922,-1058.2000732421875,-0.7423196339514107
1976,82.79999999999738,0.04999999999999716,168.69509582519532,-175.54446411132812,-1059.032958984375,-0.7423214650480077
1977,82.84999999999738,0.04999999999999716,167.7540481567383,-177.5172576904297,-1059.7908935546875,-0.7423147893277928
1978,82.89999999999738,0.04999999999999716,166.8240966796875,-179.49436950683594,-1060.45947265625,-0.7423034978564829
1979,82.94999999999737,0.04999999999999716,165.9078094482422,-181.5004119873047,-1061.0311279296875,-0.7423002171562985
1980,82.94999999999737,0.04999999999999716,165.9078094482422,-183.51683044433594,-1061.5489501953125,-0.7423200536286458
1981,82.99999999999737,0.04999999999999716,165.00798797607422,-185.5426788330078,-1062.0693359375,-0.7423139500897378
1982,83.04999999999737,0.04999999999999716,164.12798309326172,-187.5782928466797,-1062.4969482421875,-0.7423190999543294
1983,83.09999999999737,0.04999999999999716,163.27120056152344,-189.625,-1062.8687744140625,-0.7423073888057843
1984,83.14999999999736,0.04999999999999716,162.4411834716797,-191.70413208007812,-1063.192626953125,-0.7423057866981253
1985,83.19999999999736,0.04999999999999716,161.63407287597656,-193.7519073486328,-1063.4056396484375,-0.7423188710818067
1986,83.24999999999736,0.04999999999999716,160.86091003417968,-195.80239868164062,-1063.566162109375,-0.7423141027102247
1987,83.29999999999735,0.04999999999999716,160.1253890991211,-197.89547729492188,-1063.7291259765625,-0.7423218083567917
1988,83.34999999999735,0.04999999999999716,159.43112182617188,-199.98516845703125,-1063.813232421875,-0.7423080754233524
1989,83.39999999999735,0.04999999999999716,158.78161010742187,-202.0535888671875,-1063.8670654296875,-0.7423210454871878
1990,83.44999999999735,0.04999999999999716,158.18024597167968,-204.19088745117188,-1063.8963623046875,-0.7423109364463016
1991,83.49999999999734,0.04999999999999716,157.63006439208985,-206.28028869628906,-1063.8968505859375,-0.7423208166146651
1992,83.54999999999734,0.04999999999999716,157.13392181396486,-208.3740997314453,-1063.825927734375,-0.7423006749013439
1993,83.59999999999734,0.04999999999999716,156.69371337890627,-210.478515625,-1063.6851806640625,-0.7423194814473391
1994,83.64999999999733,0.04999999999999716,156.3109359741211,-212.55540466308594,-1063.4866943359375,-0.7423189855180681
1995,83.69999999999733,0.04999999999999716,155.994873046875,-214.64825439453125,-1063.279296875,-0.742306778440252
1996,83.74999999999733,0.04999999999999716,155.7582000732422,-216.74729919433594,-1062.9940185546875,-0.7423195576993749
1997,83.79999999999733,0.04999999999999716,155.60171356201172,-218.8514862060547,-1062.7254638671875,-0.7423218083567917
1998,83.84999999999732,0.04999999999999716,155.49830474853516,-220.93853759765625,-1062.3858642578125,-0.742312042741105
1999,83.89999999999732,0.04999999999999716,155.4597152709961,-223.02557373046875,-1062.0360107421875,-0.7423208546824753
2000,83.94999999999732,0.04999999999999716,155.48164672851564,-225.13626098632812,-1061.683837890625,-0.7423215032322332
2001,83.99999999999731,0.04999999999999716,155.5557632446289,-227.19061279296875,-1061.266357421875,-0.7423113561235368
2002,84.04999999999731,0.04999999999999716,155.65998229980468,-229.30372619628906,-1060.826171875,-0.7423203587532043
2003,84.09999999999731,0.04999999999999716,155.7886459350586,-231.3948211669922,-1060.3924560546875,-0.7423208928667009
2004,84.1499999999973,0.04999999999999716,155.93286895751953,-233.4798583984375,-1059.936767578125,-0.7423084951005876
2005,84.1999999999973,0.04999999999999716,156.08666381835937,-235.4523162841797,-1059.4605712890625,-0.7423189092660323
2006,84.2499999999973,0.04999999999999716,156.2515411376953,-237.5488739013672,-1058.9588623046875,-0.7423175740987062
2007,84.2999999999973,0.04999999999999716,156.42053833007813,-239.5926513671875,-1058.361328125,-0.7423166966764256
2008,84.3499999999973,0.04999999999999716,156.58773651123047,-241.65032958984375,-1057.7847900390625,-0.7423203206853941
2009,84.39999999999729,0.04999999999999716,156.7510757446289,-243.68374633789062,-1057.1217041015625,-0.7423137212172151
2010,84.44999999999729,0.04999999999999716,156.9100067138672,-245.7034454345703,-1056.4674072265625,-0.7423200154444203
2011,84.49999999999729,0.04999999999999716,157.06389770507812,-247.6038055419922,-1055.828125,-0.7423052144004032
2012,84.54999999999728,0.04999999999999716,157.21707458496095,-249.5917510986328,-1055.078857421875,-0.7423180318437517
2013,84.59999999999728,0.04999999999999716,157.3731903076172,-251.55618286132812,-1054.2960205078125,-0.7423070836812258
2014,84.64999999999728,0.04999999999999716,157.5339340209961,-253.52745056152344,-1053.480712890625,-0.7423192143905908
2015,84.69999999999727,0.04999999999999716,157.70681762695312,-255.447509765625,-1052.600341796875,-0.7423122335458174
2016,84.74999999999727,0.04999999999999716,157.89663391113282,-257.3622741699219,-1051.7066650390625,-0.7423120809253305
2017,84.79999999999727,0.04999999999999716,158.1043716430664,-259.2600402832031,-1050.7177734375,-0.7423179555917159
2018,84.84999999999727,0.04999999999999716,158.33711700439454,-261.1348876953125,-1049.7237548828125,-0.7423009038902819
2019,84.89999999999726,0.04999999999999716,158.59385375976564,-262.9439697265625,-1048.6640625,-0.7423184133367613
2020,84.89999999999726,0.04999999999999716,158.59385375976564,-264.72479248046875,-1047.5242919921875,-0.7423105168854818
2021,84.94999999999726,0.04999999999999716,158.87938842773437,-266.50506591796875,-1046.375244140625,-0.7423201298806816
2022,84.99999999999726,0.04999999999999716,159.19335021972657,-268.2236022949219,-1045.1461181640625,-0.7423166966764256
2023,85.04999999999725,0.04999999999999716,159.53086395263674,-269.9737854003906,-1043.91845703125,-0.7423210454871878
2024,85.09999999999725,0.04999999999999716,159.89252014160158,-271.70428466796875,-1042.7047119140625,-0.7423215032322332
2025,85.14999999999725,0.04999999999999716,160.27157592773438,-273.4604187011719,-1041.4732666015625,-0.7423210454871878
2026,85.19999999999725,0.04999999999999716,160.6666030883789,-275.23358154296875,-1040.2301025390625,-0.7423205495579168
2027,85.24999999999724,0.04999999999999716,161.07057037353516,-276.99444580078125,-1038.9949951171875,-0.7423203206853941
2028,85.29999999999724,0.04999999999999716,161.48177490234374,-278.7636413574219,-1037.754638671875,-0.74231997737661
2029,85.34999999999724,0.04999999999999716,161.89402313232424,-280.3896179199219,-1036.572265625,-0.7423068548087031
2030,85.39999999999723,0.04999999999999716,162.30642242431642,-282.11859130859375,-1035.27490234375,-0.7423182989004999
2031,85.44999999999723,0.04999999999999716,162.71419372558594,-283.78533935546875,-1033.896484375,-0.7423046422190964
2032,85.49999999999723,0.04999999999999716,163.11766662597657,-285.2909851074219,-1032.5750732421875,-0.7423018575645983
2033,85.49999999999723,0.04999999999999716,163.11766662597657,-286.8768005371094,-1031.08203125,-0.7423175359144807
2034,85.54999999999723,0.04999999999999716,163.5133529663086,-288.3553466796875,-1029.71142578125,-0.7423199010081589
2035,85.59999999999722,0.04999999999999716,163.90284576416016,-289.8172912597656,-1028.260498046875,-0.7423160100588575
2036,85.64999999999722,0.04999999999999716,164.28378295898438,-291.26361083984375,-1026.840576171875,-0.7423197103198618
2037,85.69999999999722,0.04999999999999716,164.65906219482423,-292.6814880371094,-1025.375732421875,-0.7423044515307993
2038,85.74999999999721,0.04999999999999716,165.0270767211914,-294.0890197753906,-1023.866943359375,-0.7423183369683102
2039,85.74999999999721,0.04999999999999716,165.0270767211914,-295.4896240234375,-1022.3735961914062,-0.7423200154444203
2040,85.79999999999721,0.04999999999999716,165.39168548583984,-296.89154052734375,-1020.8787841796875,-0.7423198629403487
2041,85.8999999999972,0.09999999999999432,166.11100158691406,-298.3043212890625,-1019.3722534179688,-0.74231997737661
2042,85.9499999999972,0.04999999999999716,166.46808471679688,-299.7312927246094,-1017.8512573242188,-0.7423198629403487
2043,85.9999999999972,0.04999999999999716,166.8235061645508,-301.1484375,-1016.3404541015625,-0.7423193288268521
2044,86.0499999999972,0.04999999999999716,167.18094635009766,-302.5631103515625,-1014.83203125,-0.742319138138555
2045,86.0499999999972,0.04999999999999716,167.18094635009766,-304.00830078125,-1013.2911987304688,-0.7423189092660323
2046,86.0999999999972,0.04999999999999716,167.5372055053711,-305.3985900878906,-1011.7560424804688,-0.7423170019173995
2047,86.14999999999719,0.04999999999999716,167.8957992553711,-306.8076171875,-1010.2120361328125,-0.7423182607162744
2048,86.19999999999719,0.04999999999999716,168.25328063964844,-308.1435546875,-1008.6122436523438,-0.7423105550697073
2049,86.24999999999719,0.04999999999999716,168.61272583007812,-309.4650573730469,-1007.034912109375,-0.7423179174074903
2050,86.29999999999718,0.04999999999999716,168.9709899902344,-310.7599182128906,-1005.4152221679688,-0.742309448774904
2051,86.34999999999718,0.04999999999999716,169.32837524414063,-312.0448303222656,-1003.7866821289062,-0.7423179174074903
2052,86.34999999999718,0.04999999999999716,169.32837524414063,-313.35687255859375,-1002.0647583007812,-0.7423058247659355
2053,86.39999999999718,0.04999999999999716,169.6872985839844,-314.6431579589844,-1000.318359375,-0.7423170781694353
2054,86.44999999999717,0.04999999999999716,170.04521942138672,-315.84625244140625,-998.495361328125,-0.7423141027102247
2055,86.49999999999717,0.04999999999999716,170.40423889160158,-317.00567626953125,-996.7721557617188,-0.7423187566455454
2056,86.54999999999717,0.04999999999999716,170.7619125366211,-318.1661682128906,-995.048583984375,-0.7423192143905908
2057,86.54999999999717,0.04999999999999716,170.7619125366211,-319.29010009765625,-993.3046875,-0.742308609536849
2058,86.59999999999717,0.04999999999999716,171.1134475708008,-320.42156982421875,-991.5107421875,-0.7423179174074903
2059,86.64999999999716,0.04999999999999716,171.45873413085937,-321.5170593261719,-989.7791748046875,-0.7423192525748163
2060,86.69999999999716,0.04999999999999716,171.814306640625,-322.6207275390625,-988.0336303710938,-0.7423190999543294
2061,86.74999999999716,0.04999999999999716,172.16843719482424,-323.74072265625,-986.2623291015625,-0.7423189473338425
2062,86.79999999999715,0.04999999999999716,172.52263641357422,-324.8528747558594,-984.503662109375,-0.7423185658408329
2063,86.84999999999715,0.04999999999999716,172.87842864990236,-325.9626770019531,-982.7481689453125,-0.7423183369683102
2064,86.89999999999715,0.04999999999999716,173.23670654296876,-327.0829772949219,-980.9772338867188,-0.7423183369683102
2065,86.94999999999715,0.04999999999999716,173.5964813232422,-328.20526123046875,-979.2028198242188,-0.7423181080957875
2066,86.99999999999714,0.04999999999999716,173.96015625,-329.3165283203125,-977.4454345703125,-0.7423179555917159
2067,87.04999999999714,0.04999999999999716,174.32815704345703,-330.40240478515625,-975.6320190429688,-0.7423079229192808
2068,87.04999999999714,0.04999999999999716,174.32815704345703,-331.46240234375,-973.8324584960938,-0.742316811112687
2069,87.09999999999714,0.04999999999999716,174.70077209472657,-332.4803466796875,-972.0245361328125,-0.7422968983883038
2070,87.14999999999714,0.04999999999999716,175.0774932861328,-333.4183654785156,-970.1727294921875,-0.74231498001609
2071,87.19999999999713,0.04999999999999716,175.45902099609376,-334.3659973144531,-968.34130859375,-0.7423176121665165
2072,87.19999999999713,0.04999999999999716,175.45902099609376,-335.22174072265625,-966.4569091796875,-0.7423129201633856
2073,87.24999999999713,0.04999999999999716,175.84514923095705,-335.9728088378906,-964.534912109375,-0.7423004460288212
2074,87.24999999999713,0.04999999999999716,175.84514923095705,-336.6628112792969,-962.5734252929688,-0.7423008657060564
2075,87.29999999999713,0.04999999999999716,176.23450469970703,-337.1873779296875,-960.5723876953125,-0.7423132252879441
2076,87.34999999999712,0.04999999999999716,176.62725219726562,-337.7567443847656,-958.5396118164062,-0.7423194432631135
2077,87.39999999999712,0.04999999999999716,177.02348785400392,-338.33160400390625,-956.540771484375,-0.742310211644508
2078,87.44999999999712,0.04999999999999716,177.42255249023438,-338.9640197753906,-954.5684204101562,-0.7423174214782193
2079,87.49999999999712,0.04999999999999716,177.82386932373046,-339.5845947265625,-952.5846557617188,-0.7423196721356362
2080,87.49999999999712,0.04999999999999716,177.82386932373046,-340.2186279296875,-950.5728759765625,-0.7423167729284614
2081,87.54999999999711,0.04999999999999716,178.22649078369142,-340.9141845703125,-948.6129760742188,-0.7423166204243898
2082,87.59999999999711,0.04999999999999716,178.62938690185547,-341.5894470214844,-946.657958984375,-0.7423193288268521
2083,87.6499999999971,0.04999999999999716,179.03313446044922,-342.29095458984375,-944.6427612304688,-0.7423166204243898
2084,87.7499999999971,0.09999999999999432,179.84002532958985,-343.04412841796875,-942.705078125,-0.7423164296196774
2085,87.7499999999971,0.09999999999999432,179.84002532958985,-343.7814636230469,-940.7601928710938,-0.7423193288268521
2086,87.7999999999971,0.04999999999999716,180.24293518066406,-344.5198669433594,-938.810546875,-0.7423194050788879
2087,87.8499999999971,0.04999999999999716,180.6409149169922,-345.26434326171875,-936.8462524414062,-0.742319138138555
2088,87.8499999999971,0.04999999999999716,180.6409149169922,-345.9371032714844,-934.87841796875,-0.7423134160926566
2089,87.94999999999709,0.09999999999999432,181.43378448486328,-346.61956787109375,-932.8984985351562,-0.7423185658408329
2090,87.99999999999709,0.04999999999999716,181.82776794433593,-347.32763671875,-930.9378662109375,-0.7423162389313802
2091,87.99999999999709,0.04999999999999716,181.82776794433593,-348.03289794921875,-928.9797973632812,-0.7423186802770942
2092,88.04999999999708,0.04999999999999716,182.21976013183595,-348.74560546875,-927.00146484375,-0.7423187566455454
2093,88.09999999999708,0.04999999999999716,182.6096374511719,-349.4505920410156,-925.0425415039062,-0.7423186802770942
2094,88.14999999999708,0.04999999999999716,182.99834747314455,-350.1638488769531,-923.0618286132812,-0.7423184895887971
2095,88.19999999999708,0.04999999999999716,183.3858627319336,-350.8594055175781,-921.0194091796875,-0.7423161244951189
2096,88.24999999999707,0.04999999999999716,183.77291107177734,-351.5464782714844,-919.0130004882812,-0.7423176121665165
2097,88.24999999999707,0.04999999999999716,183.77291107177734,-352.1173095703125,-917.0120239257812,-0.7423126149224117
2098,88.29999999999707,0.04999999999999716,184.1599319458008,-352.7115478515625,-914.9974975585938,-0.7423181080957875
2099,88.29999999999707,0.04999999999999716,184.1599319458008,-353.228515625,-912.981201171875,-0.7423139500897378
2100,88.39999999999706,0.09999999999999432,184.93310852050783,-353.7640075683594,-910.939697265625,-0.7423181844642386
2101,88.39999999999706,0.09999999999999432,184.93310852050783,-354.243896484375,-908.8864135742188,-0.7423105931375176
2102,88.44999999999706,0.04999999999999716,185.32113189697267,-354.7211608886719,-906.8106079101562,-0.7423179555917159
2103,88.49999999999706,0.04999999999999716,185.71045989990236,-355.19287109375,-904.762939453125,-0.7423187184613198
2104,88.49999999999706,0.04999999999999716,185.71045989990236,-355.6669921875,-902.7063598632812,-0.7423187184613198
2105,88.59999999999705,0.09999999999999432,186.4922332763672,-356.1466369628906,-900.6213989257812,-0.7423185277730227
2106,88.59999999999705,0.09999999999999432,186.4922332763672,-356.5973815917969,-898.5481567382812,-0.7423047566553578
2107,88.64999999999705,0.04999999999999716,186.8854202270508,-356.99951171875,-896.483154296875,-0.7423163915518671
2108,88.69999999999705,0.04999999999999716,187.2801727294922,-357.4197692871094,-894.3696899414062,-0.7423180700279772
2109,88.69999999999705,0.04999999999999716,187.2801727294922,-357.8175048828125,-892.29833984375,-0.7423088002251461
2110,88.74999999999704,0.04999999999999716,187.67682037353515,-358.1552734375,-890.1978759765625,-0.7423159718746319
2111,88.79999999999704,0.04999999999999716,188.07488250732422,-358.5164489746094,-888.0471801757812,-0.7423184514045715
2112,88.84999999999704,0.04999999999999716,188.47467498779298,-358.8316650390625,-885.93896484375,-0.7423165440559387
2113,88.89999999999704,0.04999999999999716,188.8762939453125,-359.1517639160156,-883.8519287109375,-0.742318146280013
2114,88.89999999999704,0.04999999999999716,188.8762939453125,-359.4435119628906,-881.7196044921875,-0.7423059011343867
2115,88.94999999999703,0.04999999999999716,189.2797393798828,-359.697265625,-879.6254272460938,-0.7423167348606512
2116,88.99999999999703,0.04999999999999716,189.68462677001955,-359.9566650390625,-877.5208129882812,-0.7423182989004999
2117,88.99999999999703,0.04999999999999716,189.68462677001955,-360.05645751953125,-875.3560791015625,0.0
2118,89.04999999999703,0.04999999999999716,190.09129943847657,-360.3080749511719,-873.3719482421875,0.0
2119,89.09999999999702,0.04999999999999716,190.49974365234377,-360.5517578125,-871.3868408203125,0.0
2120,89.14999999999702,0.04999999999999716,190.90987701416017,-360.7875061035156,-869.4008178710938,0.0
2121,89.19999999999702,0.04999999999999716,191.3214111328125,-361.0152893066406,-867.413818359375,0.0
2122,89.19999999999702,0.04999999999999716,191.3214111328125,-361.235107421875,-865.4259643554688,0.0
2123,89.24999999999702,0.04999999999999716,191.73457946777344,-361.447021484375,-863.4371948242188,0.0
2124,89.29999999999701,0.04999999999999716,192.14923095703125,-361.65093994140625,-861.4476318359375,0.0
2125,89.34999999999701,0.04999999999999716,192.5652282714844,-361.846923828125,-859.457275390625,0.0
2126,89.34999999999701,0.04999999999999716,192.5652282714844,-362.034912109375,-857.4661254882812,0.0
2127,89.39999999999701,0.04999999999999716,192.98240661621094,-362.2149658203125,-855.4742431640625,0.0
2128,89.449999999997,0.04999999999999716,193.40072479248047,-362.38702392578125,-853.4816284179688,0.0
2129,89.499999999997,0.04999999999999716,193.81997680664062,-362.5511169433594,-851.4884033203125,0.0
2130,89.499999999997,0.04999999999999716,193.81997680664062,-362.7072448730469,-849.4945068359375,0.0
2131,89.549999999997,0.04999999999999716,194.24003906250002,-362.85540771484375,-847.5,0.0
2132,89.599999999997,0.04999999999999716,194.66076049804687,-362.99639892578125,-845.5049438476562,0.0
2133,89.649999999997,0.04999999999999716,195.08204498291016,-363.13629150390625,-843.5098876953125,0.0
2134,89.649999999997,0.04999999999999716,195.08204498291016,-363.2761535644531,-841.5147705078125,0.0
2135,89.69999999999699,0.04999999999999716,195.50370025634766,-363.416015625,-839.5196533203125,0.0
2136,89.74999999999699,0.04999999999999716,195.92557525634766,-363.5558776855469,-837.5245361328125,0.0
2137,89.79999999999698,0.04999999999999716,196.34758758544922,-363.6957702636719,-835.5294799804688,0.0
2138,89.79999999999698,0.04999999999999716,196.34758758544922,-363.83563232421875,-833.5343627929688,0.0
2139,89.84999999999698,0.04999999999999716,196.76964111328127,-363.9754943847656,-831.5392456054688,0.0
2140,89.89999999999698,0.04999999999999716,197.19166717529296,-364.1153564453125,-829.5441284179688,0.0
2141,89.94999999999698,0.04999999999999716,197.61341857910156,-364.2552490234375,-827.549072265625,0.0
2142,89.94999999999698,0.04999999999999716,197.61341857910156,-364.3951110839844,-825.553955078125,0.0
2143,89.99999999999697,0.04999999999999716,198.03489532470704,-364.53497314453125,-823.558837890625,0.0
2144,90.04999999999697,0.04999999999999716,198.455973815918,-364.6748352050781,-821.563720703125,0.0
2145,90.09999999999697,0.04999999999999716,198.87666778564454,-364.8147277832031,-819.568603515625,0.0
2146,90.09999999999697,0.04999999999999716,198.87666778564454,-364.95458984375,-817.5735473632812,0.0
2147,90.14999999999696,0.04999999999999716,199.29688110351563,-365.0944519042969,-815.5784301757812,0.0
2148,90.19999999999696,0.04999999999999716,199.71651763916017,-365.23431396484375,-813.5833129882812,0.0
2149,90.24999999999696,0.04999999999999716,200.13556365966798,-365.37420654296875,-811.5881958007812,0.0
2150,90.29999999999696,0.04999999999999716,200.55396423339843,-365.5140686035156,-809.5931396484375,0.0
2151,90.29999999999696,0.04999999999999716,200.55396423339843,-365.6539306640625,-807.5980224609375,0.0
2152,90.34999999999695,0.04999999999999716,200.97166442871094,-365.7937927246094,-805.6029052734375,0.0
2153,90.39999999999695,0.04999999999999716,201.38866424560547,-365.9336853027344,-803.6077880859375,0.0
2154,90.39999999999695,0.04999999999999716,201.38866424560547,-366.07354736328125,-801.6126708984375,0.0
2155,90.44999999999695,0.04999999999999716,201.80486755371095,-366.2134094238281,-799.6176147460938,0.0
2156,90.49999999999694,0.04999999999999716,202.22034301757813,-366.353271484375,-797.6224975585938,0.0
2157,90.54999999999694,0.04999999999999716,202.6348434448242,-366.4931640625,-795.6273803710938,0.0
2158,90.54999999999694,0.04999999999999716,202.6348434448242,-366.6330261230469,-793.6322631835938,0.0
2159,90.59999999999694,0.04999999999999716,203.04851989746095,-366.77288818359375,-791.63720703125,0.0
2160,90.64999999999694,0.04999999999999716,203.46137237548828,-366.9127502441406,-789.64208984375,0.0
2161,90.64999999999694,0.04999999999999716,203.46137237548828,-367.0526428222656,-787.64697265625,0.0
2162,90.69999999999693,0.04999999999999716,203.873291015625,-367.1925048828125,-785.65185546875,0.0
2163,90.74999999999693,0.04999999999999716,204.28431701660156,-367.3323669433594,-783.6567993164062,0.0
2164,90.79999999999693,0.04999999999999716,204.6943542480469,-367.47222900390625,-781.6616821289062,0.0
2165,90.79999999999693,0.04999999999999716,204.6943542480469,-367.61212158203125,-779.6665649414062,0.0
2166,90.84999999999692,0.04999999999999716,205.10345764160158,-367.7519836425781,-777.6714477539062,0.0
2167,90.89999999999692,0.04999999999999716,205.51162719726562,-367.891845703125,-775.6763916015625,0.0
2168,90.89999999999692,0.04999999999999716,205.51162719726562,-368.03173828125,-773.6812744140625,0.0
2169,90.94999999999692,0.04999999999999716,205.91884918212892,-368.1716003417969,-771.6861572265625,0.0
2170,90.99999999999692,0.04999999999999716,206.32508239746093,-368.31146240234375,-769.6910400390625,0.0
2171,91.04999999999691,0.04999999999999716,206.73035430908203,-368.4489440917969,-767.69580078125,0.0
2172,91.04999999999691,0.04999999999999716,206.73035430908203,-368.5786437988281,-765.7000122070312,0.0
2173,91.09999999999691,0.04999999999999716,207.1346649169922,-368.70037841796875,-763.7037353515625,0.0
2174,91.14999999999691,0.04999999999999716,207.53805541992188,-368.8141174316406,-761.7069702148438,0.0
2175,91.14999999999691,0.04999999999999716,207.53805541992188,-368.91986083984375,-759.7097778320312,0.0
2176,91.14999999999691,0.04999999999999716,207.53805541992188,-369.01763916015625,-757.712158203125,0.0
2177,91.1999999999969,0.04999999999999716,207.94049835205078,-369.1074523925781,-755.714111328125,0.0
2178,91.2499999999969,0.04999999999999716,208.34200744628907,-369.1940002441406,-753.7160034179688,0.0
2179,91.2499999999969,0.04999999999999716,208.34200744628907,-369.28057861328125,-751.7178955078125,0.0
2180,91.2999999999969,0.04999999999999716,208.74254150390627,-369.36712646484375,-749.7197875976562,0.0
2181,91.3499999999969,0.04999999999999716,209.14214172363282,-369.4537048339844,-747.7216186523438,0.0
2182,91.3999999999969,0.04999999999999716,209.5407943725586,-369.5402526855469,-745.7235107421875,0.0
2183,91.3999999999969,0.04999999999999716,209.5407943725586,-369.6268310546875,-743.7254028320312,0.0
2184,91.44999999999689,0.04999999999999716,209.93852691650392,-369.7134094238281,-741.7272338867188,0.0
2185,91.49999999999689,0.04999999999999716,210.33533935546876,-369.7999572753906,-739.7291259765625,0.0
2186,91.49999999999689,0.04999999999999716,210.33533935546876,-369.88653564453125,-737.7310180664062,0.0
2187,91.54999999999688,0.04999999999999716,210.73120422363283,-369.97308349609375,-735.73291015625,0.0
2188,91.59999999999688,0.04999999999999716,211.12610778808593,-370.0596618652344,-733.7347412109375,0.0
2189,91.59999999999688,0.04999999999999716,211.12610778808593,-370.1462097167969,-731.7366333007812,0.0
2190,91.64999999999688,0.04999999999999716,211.5200912475586,-370.2327880859375,-729.738525390625,0.0
2191,91.69999999999688,0.04999999999999716,211.91314086914062,-370.3193664550781,-727.7403564453125,0.0
2192,91.69999999999688,0.04999999999999716,211.91314086914062,-370.4059143066406,-725.7422485351562,0.0
2193,91.74999999999687,0.04999999999999716,212.30528411865234,-370.49249267578125,-723.744140625,0.0
2194,91.79999999999687,0.04999999999999716,212.69649353027344,-370.57904052734375,-721.7459716796875,0.0
2195,91.79999999999687,0.04999999999999716,212.69649353027344,-370.6656188964844,-719.7478637695312,0.0
2196,91.84999999999687,0.04999999999999716,213.0867691040039,-370.7521667480469,-717.749755859375,0.0
2197,91.89999999999687,0.04999999999999716,213.47612457275392,-370.8387451171875,-715.7516479492188,0.0
2198,91.89999999999687,0.04999999999999716,213.47612457275392,-370.92529296875,-713.7534790039062,0.0
2199,91.94999999999686,0.04999999999999716,213.8645462036133,-371.0118713378906,-711.75537109375,0.0
2200,91.99999999999686,0.04999999999999716,214.25200653076172,-371.09844970703125,-709.7572631835938,0.0
2201,92.04999999999686,0.04999999999999716,214.63857421875,-371.18499755859375,-707.7590942382812,0.0
2202,92.09999999999685,0.04999999999999716,215.02420806884766,-371.2715759277344,-705.760986328125,0.0
2203,92.09999999999685,0.04999999999999716,215.02420806884766,-371.3581237792969,-703.7628784179688,0.0
2204,92.14999999999685,0.04999999999999716,215.40892181396484,-371.4447021484375,-701.7647705078125,0.0
2205,92.19999999999685,0.04999999999999716,215.79275665283203,-371.53125,-699.7666015625,0.0
2206,92.19999999999685,0.04999999999999716,215.79275665283203,-371.6178283691406,-697.7684936523438,0.0
2207,92.24999999999685,0.04999999999999716,216.17563018798828,-371.70440673828125,-695.7703857421875,0.0
2208,92.29999999999684,0.04999999999999716,216.55761108398437,-371.79095458984375,-693.772216796875,0.0
2209,92.29999999999684,0.04999999999999716,216.55761108398437,-371.8775329589844,-691.7741088867188,0.0
2210,92.34999999999684,0.04999999999999716,216.938671875,-371.9640808105469,-689.7760009765625,0.0
2211,92.39999999999684,0.04999999999999716,217.31884002685547,-372.0506591796875,-687.77783203125,0.0
2212,92.39999999999684,0.04999999999999716,217.31884002685547,-372.13568115234375,-685.7796630859375,0.0
2213,92.44999999999683,0.04999999999999716,217.69808807373047,-372.2132568359375,-683.7811889648438,0.0
2214,92.44999999999683,0.04999999999999716,217.69808807373047,-372.2828674316406,-681.7824096679688,0.0
2215,92.49999999999683,0.04999999999999716,218.07647094726562,-372.3444519042969,-679.7833251953125,0.0
2216,92.49999999999683,0.04999999999999716,218.07647094726562,-372.3980407714844,-677.7840576171875,0.0
2217,92.54999999999683,0.04999999999999716,218.45396118164064,-372.4436340332031,-675.7846069335938,0.0
2218,92.59999999999683,0.04999999999999716,218.83050384521485,-372.48126220703125,-673.7849731445312,0.0
2219,92.59999999999683,0.04999999999999716,218.83050384521485,-372.5108642578125,-671.78515625,0.0
2220,92.64999999999682,0.04999999999999716,219.2061950683594,-372.5324401855469,-669.7852783203125,0.0
2221,92.69999999999682,0.04999999999999716,219.58096618652345,-372.5460510253906,-667.7853393554688,0.0
2222,92.69999999999682,0.04999999999999716,219.58096618652345,-372.5516662597656,-665.7853393554688,0.0
2223,92.74999999999682,0.04999999999999716,219.95488586425782,-372.54925537109375,-663.7853393554688,0.0
2224,92.79999999999681,0.04999999999999716,220.3278991699219,-372.5388488769531,-661.785400390625,0.0
2225,92.79999999999681,0.04999999999999716,220.3278991699219,-372.5204772949219,-659.7854614257812,0.0
2226,92.84999999999681,0.04999999999999716,220.7000747680664,-372.49407958984375,-657.78564453125,0.0
2227,92.84999999999681,0.04999999999999716,220.7000747680664,-372.4596862792969,-655.7859497070312,0.0
2228,92.89999999999681,0.04999999999999716,221.07135772705078,-372.4172668457031,-653.786376953125,0.0
2229,92.9499999999968,0.04999999999999716,221.44177551269533,-372.36688232421875,-651.7870483398438,0.0
2230,92.9499999999968,0.04999999999999716,221.44177551269533,-372.3085021972656,-649.7879028320312,0.0
2231,92.9999999999968,0.04999999999999716,221.8113006591797,-372.24212646484375,-647.7890014648438,0.0
2232,93.0499999999968,0.04999999999999716,222.17994689941406,-372.167724609375,-645.7903442382812,0.0
2233,93.0499999999968,0.04999999999999716,222.17994689941406,-372.0853576660156,-643.7920532226562,0.0
2234,93.0999999999968,0.04999999999999716,222.54776916503906,-371.9949951171875,-641.7941284179688,0.0
2235,93.1499999999968,0.04999999999999716,222.91473999023438,-371.9012145996094,-639.7963256835938,0.0
2236,93.1499999999968,0.04999999999999716,222.91473999023438,-371.80743408203125,-637.7985229492188,0.0
2237,93.19999999999679,0.04999999999999716,223.28083190917968,-371.713623046875,-635.8007202148438,0.0
2238,93.24999999999679,0.04999999999999716,223.6460723876953,-371.6198425292969,-633.8029174804688,0.0
2239,93.24999999999679,0.04999999999999716,223.6460723876953,-371.52606201171875,-631.8051147460938,0.0
2240,93.29999999999679,0.04999999999999716,224.01046142578124,-371.4322814941406,-629.8073120117188,0.0
2241,93.34999999999678,0.04999999999999716,224.37393035888672,-371.3384704589844,-627.8095092773438,0.0
2242,93.34999999999678,0.04999999999999716,224.37393035888672,-371.24468994140625,-625.8117065429688,0.0
2243,93.39999999999678,0.04999999999999716,224.73660278320312,-371.1509094238281,-623.8139038085938,0.0
2244,93.39999999999678,0.04999999999999716,224.73660278320312,-371.05712890625,-621.8161010742188,0.0
2245,93.44999999999678,0.04999999999999716,225.09842376708986,-370.96331787109375,-619.8182983398438,0.0
2246,93.49999999999677,0.04999999999999716,225.4593521118164,-370.8695373535156,-617.8204956054688,0.0
2247,93.49999999999677,0.04999999999999716,225.4593521118164,-370.7757568359375,-615.8226928710938,0.0
2248,93.54999999999677,0.04999999999999716,225.81942901611328,-370.6819763183594,-613.8248901367188,0.0
2249,93.59999999999677,0.04999999999999716,226.17866821289064,-370.58819580078125,-611.8271484375,0.0
2250,93.59999999999677,0.04999999999999716,226.17866821289064,-370.494384765625,-609.829345703125,0.0
2251,93.64999999999677,0.04999999999999716,226.53704223632812,-370.4006042480469,-607.83154296875,0.0
2252,93.69999999999676,0.04999999999999716,226.89453735351563,-370.30682373046875,-605.833740234375,0.0
2253,93.74999999999676,0.04999999999999716,227.25124969482422,-370.2130432128906,-603.8359375,0.0
2254,93.74999999999676,0.04999999999999716,227.25124969482422,-370.1192321777344,-601.838134765625,0.0
2255,93.79999999999676,0.04999999999999716,227.60704193115234,-370.02545166015625,-599.84033203125,0.0
2256,93.84999999999675,0.04999999999999716,227.9620101928711,-369.9316711425781,-597.842529296875,0.0
2257,93.84999999999675,0.04999999999999716,227.9620101928711,-369.837890625,-595.8447265625,0.0
2258,93.89999999999675,0.04999999999999716,228.3160583496094,-369.74407958984375,-593.846923828125,0.0
2259,93.94999999999675,0.04999999999999716,228.66929626464844,-369.6502990722656,-591.84912109375,0.0
2260,93.94999999999675,0.04999999999999716,228.66929626464844,-369.5565185546875,-589.851318359375,0.0
2261,93.99999999999675,0.04999999999999716,229.0216827392578,-369.4627380371094,-587.853515625,0.0
2262,94.04999999999674,0.04999999999999716,229.37320404052736,-369.36895751953125,-585.855712890625,0.0
2263,94.04999999999674,0.04999999999999716,229.37320404052736,-369.275146484375,-583.85791015625,0.0
2264,94.09999999999674,0.04999999999999716,229.7238327026367,-369.1813659667969,-581.860107421875,0.0
2265,94.09999999999674,0.04999999999999716,229.7238327026367,-369.08758544921875,-579.8623046875,0.0
2266,94.14999999999674,0.04999999999999716,230.07359619140627,-368.9938049316406,-577.864501953125,0.0
2267,94.19999999999673,0.04999999999999716,230.42249450683593,-368.8999938964844,-575.86669921875,0.0
2268,94.19999999999673,0.04999999999999716,230.42249450683593,-368.80621337890625,-573.868896484375,0.0
2269,94.24999999999673,0.04999999999999716,230.77059631347657,-368.7124328613281,-571.87109375,0.0
2270,94.29999999999673,0.04999999999999716,231.11773681640625,-368.61865234375,-569.873291015625,0.0
2271,94.29999999999673,0.04999999999999716,231.11773681640625,-368.52484130859375,-567.8755493164062,0.0
2272,94.34999999999673,0.04999999999999716,231.4641082763672,-368.4310607910156,-565.8777465820312,0.0
2273,94.34999999999673,0.04999999999999716,231.4641082763672,-368.3372802734375,-563.8799438476562,0.0
2274,94.39999999999672,0.04999999999999716,231.8095458984375,-368.2434997558594,-561.8821411132812,0.0
2275,94.44999999999672,0.04999999999999716,232.15418701171876,-368.14971923828125,-559.8843383789062,0.0
2276,94.44999999999672,0.04999999999999716,232.15418701171876,-368.055908203125,-557.8865356445312,0.0
2277,94.49999999999672,0.04999999999999716,232.49794921875,-367.9621276855469,-555.8887329101562,0.0
2278,94.54999999999671,0.04999999999999716,232.8409149169922,-367.86834716796875,-553.8909301757812,0.0
2279,94.54999999999671,0.04999999999999716,232.8409149169922,-367.7745666503906,-551.8931274414062,0.0
2280,94.59999999999671,0.04999999999999716,233.18297424316407,-367.6807556152344,-549.8953247070312,0.0
2281,94.59999999999671,0.04999999999999716,233.18297424316407,-367.58697509765625,-547.8975219726562,0.0
2282,94.64999999999671,0.04999999999999716,233.5242919921875,-367.4931945800781,-545.8997192382812,0.0
2283,94.6999999999967,0.04999999999999716,233.86475830078126,-367.3994140625,-543.9019165039062,0.0
2284,94.6999999999967,0.04999999999999716,233.86475830078126,-367.30560302734375,-541.9041137695312,0.0
2285,94.7499999999967,0.04999999999999716,234.20448303222656,-367.2118225097656,-539.9063110351562,0.0
2286,94.7999999999967,0.04999999999999716,234.54343872070314,-367.1180419921875,-537.9085083007812,0.0
2287,94.7999999999967,0.04999999999999716,234.54343872070314,-367.0242614746094,-535.9107055664062,0.0
2288,94.8499999999967,0.04999999999999716,234.88162536621095,-366.9304504394531,-533.9129028320312,0.0
2289,94.8499999999967,0.04999999999999716,234.88162536621095,-366.836669921875,-531.9151611328125,0.0
2290,94.8999999999967,0.04999999999999716,235.21912536621093,-366.7428894042969,-529.9173583984375,0.0
2291,94.94999999999669,0.04999999999999716,235.55585632324218,-366.64910888671875,-527.9195556640625,0.0
2292,94.94999999999669,0.04999999999999716,235.55585632324218,-366.5553283691406,-525.9217529296875,0.0
2293,94.99999999999669,0.04999999999999716,235.89195556640627,-366.4615173339844,-523.9239501953125,0.0
2294,94.99999999999669,0.04999999999999716,235.89195556640627,-366.36773681640625,-521.9261474609375,0.0
2295,95.04999999999669,0.04999999999999716,236.2273681640625,-366.2739562988281,-519.9283447265625,0.0
2296,95.09999999999668,0.04999999999999716,236.56220397949218,-366.18017578125,-517.9305419921875,0.0
2297,95.09999999999668,0.04999999999999716,236.56220397949218,-366.08636474609375,-515.9327392578125,0.0
2298,95.14999999999668,0.04999999999999716,236.89632568359374,-365.9925842285156,-513.9349365234375,0.0
2299,95.14999999999668,0.04999999999999716,236.89632568359374,-365.8988037109375,-511.9371337890625,0.0
2300,95.19999999999668,0.04999999999999716,237.22992553710938,-365.8050231933594,-509.9393310546875,0.0
2301,95.24999999999667,0.04999999999999716,237.56292114257812,-365.7112121582031,-507.9415283203125,0.0
2302,95.24999999999667,0.04999999999999716,237.56292114257812,-365.617431640625,-505.9437255859375,0.0
2303,95.29999999999667,0.04999999999999716,237.89531250000002,-365.5236511230469,-503.9459228515625,0.0
2304,95.29999999999667,0.04999999999999716,237.89531250000002,-365.42987060546875,-501.9481201171875,0.0
2305,95.34999999999667,0.04999999999999716,238.22720947265626,-365.3360900878906,-499.9503173828125,0.0
2306,95.39999999999667,0.04999999999999716,238.558447265625,-365.2422790527344,-497.9525146484375,0.0
2307,95.39999999999667,0.04999999999999716,238.558447265625,-365.14849853515625,-495.9547119140625,0.0
2308,95.44999999999666,0.04999999999999716,238.88921813964845,-365.0547180175781,-493.9569091796875,0.0
2309,95.44999999999666,0.04999999999999716,238.88921813964845,-364.9609375,-491.9591369628906,0.0
2310,95.49999999999666,0.04999999999999716,239.21941223144532,-364.86712646484375,-489.9613342285156,0.0
2311,95.54999999999666,0.04999999999999716,239.54902954101564,-364.7733459472656,-487.9635314941406,0.0
2312,95.54999999999666,0.04999999999999716,239.54902954101564,-364.6795654296875,-485.9657287597656,0.0
2313,95.59999999999665,0.04999999999999716,239.878125,-364.5857849121094,-483.9679260253906,0.0
2314,95.59999999999665,0.04999999999999716,239.878125,-364.4919738769531,-481.97015380859375,0.0
2315,95.64999999999665,0.04999999999999716,240.2066162109375,-364.398193359375,-479.97235107421875,0.0
2316,95.69999999999665,0.04999999999999716,240.53453063964844,-364.3044128417969,-477.97454833984375,0.0
2317,95.69999999999665,0.04999999999999716,240.53453063964844,-364.21063232421875,-475.97674560546875,0.0
2318,95.74999999999665,0.04999999999999716,240.8618133544922,-364.1168212890625,-473.97894287109375,0.0
2319,95.74999999999665,0.04999999999999716,240.8618133544922,-364.0230407714844,-471.98114013671875,0.0
2320,95.79999999999664,0.04999999999999716,241.18857421875,-363.92926025390625,-469.98333740234375,0.0
2321,95.84999999999664,0.04999999999999716,241.51467590332032,-363.8354797363281,-467.98553466796875,0.0
2322,95.84999999999664,0.04999999999999716,241.51467590332032,-363.74169921875,-465.98773193359375,0.0
2323,95.89999999999664,0.04999999999999716,241.8400634765625,-363.64788818359375,-463.98992919921875,0.0
2324,95.89999999999664,0.04999999999999716,241.8400634765625,-363.5541076660156,-461.99212646484375,0.0
2325,95.94999999999663,0.04999999999999716,242.16487426757814,-363.4603271484375,-459.99432373046875,0.0
2326,95.99999999999663,0.04999999999999716,242.48899841308594,-363.3665466308594,-457.99652099609375,0.0
2327,95.99999999999663,0.04999999999999716,242.48899841308594,-363.2727355957031,-455.99871826171875,0.0
2328,96.04999999999663,0.04999999999999716,242.8125732421875,-363.178955078125,-454.00091552734375,0.0
2329,96.04999999999663,0.04999999999999716,242.8125732421875,-363.0851745605469,-452.0031433105469,0.0
2330,96.09999999999663,0.04999999999999716,243.13526916503906,-362.99139404296875,-450.0053405761719,0.0
2331,96.14999999999662,0.04999999999999716,243.45733337402345,-362.8975830078125,-448.0075378417969,0.0
2332,96.14999999999662,0.04999999999999716,243.45733337402345,-362.8038024902344,-446.0097351074219,0.0
2333,96.19999999999662,0.04999999999999716,243.77876586914064,-362.71002197265625,-444.0119323730469,0.0
2334,96.19999999999662,0.04999999999999716,243.77876586914064,-362.6162414550781,-442.01416015625,0.0
2335,96.24999999999662,0.04999999999999716,244.09940185546876,-362.5224609375,-440.016357421875,0.0
2336,96.24999999999662,0.04999999999999716,244.09940185546876,-362.42864990234375,-438.0185546875,0.0
2337,96.29999999999661,0.04999999999999716,244.4194061279297,-362.3348693847656,-436.020751953125,0.0
2338,96.29999999999661,0.04999999999999716,244.4194061279297,-362.2410888671875,-434.02294921875,0.0
2339,96.34999999999661,0.04999999999999716,244.73858642578125,-362.1473083496094,-432.025146484375,0.0
2340,96.34999999999661,0.04999999999999716,244.73858642578125,-362.0534973144531,-430.02734375,0.0
2341,96.39999999999661,0.04999999999999716,245.057080078125,-361.959716796875,-428.029541015625,0.0
2342,96.4499999999966,0.04999999999999716,245.37485961914064,-361.8659362792969,-426.03173828125,0.0
2343,96.4499999999966,0.04999999999999716,245.37485961914064,-361.77215576171875,-424.033935546875,0.0
2344,96.4999999999966,0.04999999999999716,245.6918701171875,-361.6783447265625,-422.0361328125,0.0
2345,96.4999999999966,0.04999999999999716,245.6918701171875,-361.5845642089844,-420.038330078125,0.0
2346,96.5499999999966,0.04999999999999716,246.00816650390627,-361.49078369140625,-418.04052734375,0.0
2347,96.5499999999966,0.04999999999999716,246.00816650390627,-361.3970031738281,-416.042724609375,0.0
2348,96.5999999999966,0.04999999999999716,246.32372131347657,-361.30322265625,-414.044921875,0.0
2349,96.6499999999966,0.04999999999999716,246.63858947753906,-361.20941162109375,-412.047119140625,0.0
2350,96.6499999999966,0.04999999999999716,246.63858947753906,-361.1156311035156,-410.0493469238281,0.0
2351,96.69999999999659,0.04999999999999716,246.9526611328125,-361.0218505859375,-408.0515441894531,0.0
2352,96.69999999999659,0.04999999999999716,246.9526611328125,-360.9280700683594,-406.0537414550781,0.0
2353,96.74999999999659,0.04999999999999716,247.2659912109375,-360.8342590332031,-404.0559387207031,0.0
2354,96.79999999999659,0.04999999999999716,247.5786346435547,-360.740478515625,-402.0581359863281,0.0
2355,96.79999999999659,0.04999999999999716,247.5786346435547,-360.6466979980469,-400.06036376953125,0.0
2356,96.84999999999658,0.04999999999999716,247.8904815673828,-360.55291748046875,-398.06256103515625,0.0
2357,96.84999999999658,0.04999999999999716,247.8904815673828,-360.4591064453125,-396.06475830078125,0.0
2358,96.89999999999658,0.04999999999999716,248.19859313964844,-360.3653259277344,-394.06695556640625,0.0
2359,96.89999999999658,0.04999999999999716,248.19859313964844,-360.27154541015625,-392.06915283203125,0.0
2360,96.94999999999658,0.04999999999999716,248.49728393554688,-360.1777648925781,-390.07135009765625,0.0
2361,96.99999999999658,0.04999999999999716,248.78660888671877,-360.0839538574219,-388.07354736328125,0.0
2362,96.99999999999658,0.04999999999999716,248.78660888671877,-359.99017333984375,-386.07574462890625,0.0
2363,97.04999999999657,0.04999999999999716,249.0668151855469,-359.8963928222656,-384.07794189453125,0.0
2364,97.04999999999657,0.04999999999999716,249.0668151855469,-359.8026123046875,-382.08013916015625,0.0
2365,97.09999999999657,0.04999999999999716,249.33820495605468,-359.7088317871094,-380.08233642578125,0.0
2366,97.09999999999657,0.04999999999999716,249.33820495605468,-359.6150207519531,-378.08453369140625,0.0
2367,97.14999999999657,0.04999999999999716,249.60110778808595,-359.521240234375,-376.08673095703125,0.0
2368,97.19999999999656,0.04999999999999716,249.8556335449219,-359.4274597167969,-374.0889587402344,0.0
2369,97.19999999999656,0.04999999999999716,249.8556335449219,-359.33367919921875,-372.0911560058594,0.0
2370,97.24999999999656,0.04999999999999716,250.10216674804687,-359.2398681640625,-370.0933532714844,0.0
2371,97.24999999999656,0.04999999999999716,250.10216674804687,-359.1460876464844,-368.0955505371094,0.0
2372,97.29999999999656,0.04999999999999716,250.34092712402344,-359.05230712890625,-366.0977478027344,0.0
2373,97.29999999999656,0.04999999999999716,250.34092712402344,-358.9585266113281,-364.0999450683594,0.0
2374,97.34999999999656,0.04999999999999716,250.5721893310547,-358.8647155761719,-362.1021423339844,0.0
2375,97.39999999999655,0.04999999999999716,250.79617309570312,-358.77093505859375,-360.1043395996094,0.0
2376,97.39999999999655,0.04999999999999716,250.79617309570312,-358.6771545410156,-358.1065368652344,0.0
2377,97.44999999999655,0.04999999999999716,251.01298828125002,-358.5833740234375,-356.1087341308594,0.0
2378,97.44999999999655,0.04999999999999716,251.01298828125002,-358.48956298828125,-354.1109619140625,0.0
2379,97.49999999999655,0.04999999999999716,251.22296447753908,-358.3957824707031,-352.1131591796875,0.0
2380,97.54999999999654,0.04999999999999716,251.42632141113282,-358.302001953125,-350.1153564453125,0.0
2381,97.54999999999654,0.04999999999999716,251.42632141113282,-358.2082214355469,-348.1175537109375,0.0
2382,97.59999999999654,0.04999999999999716,251.62327880859377,-358.11444091796875,-346.1197509765625,0.0
2383,97.59999999999654,0.04999999999999716,251.62327880859377,-358.0206298828125,-344.1219482421875,0.0
2384,97.64999999999654,0.04999999999999716,251.8139190673828,-357.9268493652344,-342.1241455078125,0.0
2385,97.64999999999654,0.04999999999999716,251.8139190673828,-357.83306884765625,-340.1263427734375,0.0
2386,97.69999999999654,0.04999999999999716,251.99857177734376,-357.7392883300781,-338.1285400390625,0.0
2387,97.74999999999653,0.04999999999999716,252.17740173339845,-357.6454772949219,-336.1307373046875,0.0
2388,97.74999999999653,0.04999999999999716,252.17740173339845,-357.55169677734375,-334.1329650878906,0.0
2389,97.79999999999653,0.04999999999999716,252.35051879882812,-357.4579162597656,-332.1351623535156,0.0
2390,97.79999999999653,0.04999999999999716,252.35051879882812,-357.3641357421875,-330.1373596191406,0.0
2391,97.84999999999653,0.04999999999999716,252.51817016601564,-357.27032470703125,-328.1395568847656,0.0
2392,97.84999999999653,0.04999999999999716,252.51817016601564,-357.1765441894531,-326.1417541503906,0.0
2393,97.89999999999652,0.04999999999999716,252.6804931640625,-357.082763671875,-324.1439514160156,0.0
2394,97.94999999999652,0.04999999999999716,252.83768005371095,-356.9889831542969,-322.1461486816406,0.0
2395,97.94999999999652,0.04999999999999716,252.83768005371095,-356.89520263671875,-320.1483459472656,0.0
2396,97.99999999999652,0.04999999999999716,252.9898681640625,-356.8013916015625,-318.1505432128906,0.0
2397,97.99999999999652,0.04999999999999716,252.9898681640625,-356.7076110839844,-316.1527404785156,0.0
2398,98.04999999999652,0.04999999999999716,253.13722229003906,-356.61383056640625,-314.15496826171875,0.0
2399,98.04999999999652,0.04999999999999716,253.13722229003906,-356.5200500488281,-312.15716552734375,0.0
2400,98.09999999999651,0.04999999999999716,253.27985229492188,-356.4262390136719,-310.15936279296875,0.0
2401,98.09999999999651,0.04999999999999716,253.27985229492188,-356.33245849609375,-308.16156005859375,0.0
2402,98.14999999999651,0.04999999999999716,253.41795043945314,-356.2386779785156,-306.16375732421875,0.0
2403,98.1999999999965,0.04999999999999716,253.551708984375,-356.1448974609375,-304.16595458984375,0.0
2404,98.1999999999965,0.04999999999999716,253.551708984375,-356.05108642578125,-302.16815185546875,0.0
2405,98.2499999999965,0.04999999999999716,253.68110046386718,-355.9573059082031,-300.17034912109375,0.0
2406,98.2499999999965,0.04999999999999716,253.68110046386718,-355.863525390625,-298.17254638671875,0.0
2407,98.2999999999965,0.04999999999999716,253.80639953613283,-355.7697448730469,-296.17474365234375,0.0
2408,98.2999999999965,0.04999999999999716,253.80639953613283,-355.67596435546875,-294.17694091796875,0.0
2409,98.3499999999965,0.04999999999999716,253.92766113281252,-355.5821533203125,-292.1791687011719,0.0
2410,98.3999999999965,0.04999999999999716,254.0449951171875,-355.4883728027344,-290.1813659667969,0.0
2411,98.3999999999965,0.04999999999999716,254.0449951171875,-355.39459228515625,-288.1835632324219,0.0
2412,98.44999999999649,0.04999999999999716,254.15862121582032,-355.3008117675781,-286.1857604980469,0.0
2413,98.44999999999649,0.04999999999999716,254.15862121582032,-355.2070007324219,-284.1879577636719,0.0
2414,98.49999999999649,0.04999999999999716,254.26859436035156,-355.11322021484375,-282.1901550292969,0.0
2415,98.49999999999649,0.04999999999999716,254.26859436035156,-355.0194396972656,-280.1923522949219,0.0
2416,98.54999999999649,0.04999999999999716,254.37496948242188,-354.9256591796875,-278.1945495605469,0.0
2417,98.59999999999648,0.04999999999999716,254.47793884277345,-354.83184814453125,-276.1967468261719,0.0
2418,98.59999999999648,0.04999999999999716,254.47793884277345,-354.7380676269531,-274.1989440917969,0.0
2419,98.64999999999648,0.04999999999999716,254.57750244140627,-354.644287109375,-272.201171875,0.0
2420,98.64999999999648,0.04999999999999716,254.57750244140627,-354.5505065917969,-270.203369140625,0.0
2421,98.69999999999648,0.04999999999999716,254.67390747070314,-354.45672607421875,-268.20556640625,0.0
2422,98.69999999999648,0.04999999999999716,254.67390747070314,-354.3629150390625,-266.207763671875,0.0
2423,98.74999999999648,0.04999999999999716,254.76712646484376,-354.2691345214844,-264.2099609375,0.0
2424,98.79999999999647,0.04999999999999716,254.85737915039064,-354.17535400390625,-262.212158203125,0.0
2425,98.79999999999647,0.04999999999999716,254.85737915039064,-354.0815734863281,-260.21435546875,0.0
2426,98.84999999999647,0.04999999999999716,254.94461059570312,-353.9877624511719,-258.216552734375,0.0
2427,98.89999999999647,0.04999999999999716,255.02906799316406,-353.89398193359375,-256.21875,0.0
2428,98.89999999999647,0.04999999999999716,255.02906799316406,-353.8002014160156,-254.220947265625,0.0
2429,98.94999999999646,0.04999999999999716,255.11075134277345,-353.7064208984375,-252.22317504882812,0.0
2430,98.94999999999646,0.04999999999999716,255.11075134277345,-353.61260986328125,-250.22537231445312,0.0
2431,98.99999999999646,0.04999999999999716,255.18982543945313,-353.5188293457031,-248.22756958007812,0.0
2432,99.04999999999646,0.04999999999999716,255.26629028320312,-353.4251708984375,-246.229736328125,0.0
2433,99.04999999999646,0.04999999999999716,255.26629028320312,-353.3365478515625,-244.23170471191406,0.0
2434,99.04999999999646,0.04999999999999716,255.26629028320312,-353.25592041015625,-242.23333740234375,0.0
2435,99.09999999999646,0.04999999999999716,255.3402557373047,-353.18328857421875,-240.23464965820312,0.0
2436,99.09999999999646,0.04999999999999716,255.3402557373047,-353.1163024902344,-238.23577880859375,0.0
2437,99.14999999999645,0.04999999999999716,255.41191406250002,-353.0495910644531,-236.2368927001953,0.0
2438,99.14999999999645,0.04999999999999716,255.41191406250002,-352.9828796386719,-234.23800659179688,0.0
2439,99.19999999999645,0.04999999999999716,255.48118286132814,-352.9161682128906,-232.23912048339844,0.0
2440,99.19999999999645,0.04999999999999716,255.48118286132814,-352.8494567871094,-230.240234375,0.0
2441,99.24999999999645,0.04999999999999716,255.54822692871093,-352.7827453613281,-228.24134826660156,0.0
2442,99.29999999999644,0.04999999999999716,255.61318359375,-352.7160339355469,-226.24246215820312,0.0
2443,99.29999999999644,0.04999999999999716,255.61318359375,-352.6493225097656,-224.2435760498047,0.0
2444,99.34999999999644,0.04999999999999716,255.6759979248047,-352.5826110839844,-222.24468994140625,0.0
2445,99.34999999999644,0.04999999999999716,255.6759979248047,-352.515869140625,-220.2458038330078,0.0
2446,99.39999999999644,0.04999999999999716,255.73677978515624,-352.44915771484375,-218.24691772460938,0.0
2447,99.39999999999644,0.04999999999999716,255.73677978515624,-352.3824462890625,-216.24803161621094,0.0
2448,99.44999999999644,0.04999999999999716,255.79569396972656,-352.31573486328125,-214.2491455078125,0.0
2449,99.49999999999643,0.04999999999999716,255.85257568359376,-352.2490234375,-212.250244140625,0.0
2450,99.49999999999643,0.04999999999999716,255.85257568359376,-352.18231201171875,-210.25137329101562,0.0
2451,99.54999999999643,0.04999999999999716,255.90772705078126,-352.1156005859375,-208.25247192382812,0.0
2452,99.54999999999643,0.04999999999999716,255.90772705078126,-352.04888916015625,-206.25360107421875,0.0
2453,99.59999999999643,0.04999999999999716,255.96123046875002,-351.982177734375,-204.25469970703125,0.0
2454,99.59999999999643,0.04999999999999716,255.96123046875002,-351.9154357910156,-202.2558135986328,0.0
2455,99.64999999999642,0.04999999999999716,256.01292114257814,-351.8487243652344,-200.25692749023438,0.0
2456,99.69999999999642,0.04999999999999716,256.06285400390624,-351.7820129394531,-198.25804138183594,0.0
2457,99.69999999999642,0.04999999999999716,256.06285400390624,-351.7153015136719,-196.2591552734375,0.0
2458,99.74999999999642,0.04999999999999716,256.1113586425781,-351.6485900878906,-194.26026916503906,0.0
2459,99.74999999999642,0.04999999999999716,256.1113586425781,-351.5818786621094,-192.26138305664062,0.0
2460,99.79999999999642,0.04999999999999716,256.1583251953125,-351.5151672363281,-190.2624969482422,0.0
2461,99.79999999999642,0.04999999999999716,256.1583251953125,-351.4484558105469,-188.26361083984375,0.0
2462,99.84999999999641,0.04999999999999716,256.20367126464845,-351.3817443847656,-186.2647247314453,0.0
2463,99.84999999999641,0.04999999999999716,256.20367126464845,-351.31500244140625,-184.26583862304688,0.0
2464,99.89999999999641,0.04999999999999716,256.2476440429688,-351.248291015625,-182.26695251464844,0.0
2465,99.94999999999641,0.04999999999999716,256.29027099609374,-351.18157958984375,-180.26806640625,0.0
2466,99.94999999999641,0.04999999999999716,256.29027099609374,-351.1148681640625,-178.2691650390625,0.0
2467,99.9999999999964,0.04999999999999716,256.3316345214844,-351.04815673828125,-176.27029418945312,0.0
2468,99.9999999999964,0.04999999999999716,256.3316345214844,-350.9814453125,-174.27139282226562,0.0
2469,100.0499999999964,0.04999999999999716,256.37156982421874,-350.91473388671875,-172.27252197265625,0.0
2470,100.0499999999964,0.04999999999999716,256.37156982421874,-350.8480224609375,-170.27362060546875,0.0
2471,100.0999999999964,0.04999999999999716,256.4103240966797,-350.78131103515625,-168.27474975585938,0.0
2472,100.1499999999964,0.04999999999999716,256.4478973388672,-350.7145690917969,-166.27584838867188,0.0
2473,100.1999999999964,0.04999999999999716,256.4843444824219,-350.6478576660156,-164.27696228027344,0.0
2474,100.1999999999964,0.04999999999999716,256.4843444824219,-350.5811462402344,-162.278076171875,0.0
2475,100.24999999999639,0.04999999999999716,256.5197479248047,-350.5144348144531,-160.27919006347656,0.0
2476,100.24999999999639,0.04999999999999716,256.5197479248047,-350.4477233886719,-158.28030395507812,0.0
2477,100.29999999999639,0.04999999999999716,256.55397033691406,-350.3810119628906,-156.2814178466797,0.0
2478,100.29999999999639,0.04999999999999716,256.55397033691406,-350.3143005371094,-154.28253173828125,0.0
2479,100.34999999999638,0.04999999999999716,256.5871215820313,-350.2475891113281,-152.2836456298828,0.0
2480,100.39999999999638,0.04999999999999716,256.6193389892578,-350.1808776855469,-150.28475952148438,0.0
2481,100.39999999999638,0.04999999999999716,256.6193389892578,-350.1141357421875,-148.28585815429688,0.0
2482,100.44999999999638,0.04999999999999716,256.65062255859374,-350.04742431640625,-146.2869873046875,0.0
2483,100.44999999999638,0.04999999999999716,256.65062255859374,-349.980712890625,-144.2880859375,0.0
2484,100.49999999999638,0.04999999999999716,256.68097229003905,-349.91400146484375,-142.28921508789062,0.0
2485,100.49999999999638,0.04999999999999716,256.68097229003905,-349.8472900390625,-140.29031372070312,0.0
2486,100.54999999999637,0.04999999999999716,256.7104705810547,-349.78057861328125,-138.29144287109375,0.0
2487,100.59999999999637,0.04999999999999716,256.73895263671875,-349.7138671875,-136.29254150390625,0.0
2488,100.59999999999637,0.04999999999999716,256.73895263671875,-349.64715576171875,-134.29367065429688,0.0
2489,100.64999999999637,0.04999999999999716,256.7665557861328,-349.5804443359375,-132.29476928710938,0.0
2490,100.64999999999637,0.04999999999999716,256.7665557861328,-349.5137023925781,-130.29588317871094,0.0
2491,100.69999999999636,0.04999999999999716,256.7933349609375,-349.4469909667969,-128.2969970703125,0.0
2492,100.69999999999636,0.04999999999999716,256.7933349609375,-349.3802795410156,-126.29811096191406,0.0
2493,100.74999999999636,0.04999999999999716,256.8192901611328,-349.3135681152344,-124.29922485351562,0.0
2494,100.74999999999636,0.04999999999999716,256.8192901611328,-349.2468566894531,-122.30033874511719,0.0
2495,100.79999999999636,0.04999999999999716,256.8445037841797,-349.1801452636719,-120.30145263671875,0.0
2496,100.84999999999636,0.04999999999999716,256.86894836425785,-349.1134338378906,-118.30256652832031,0.0
2497,100.84999999999636,0.04999999999999716,256.86894836425785,-349.0467224121094,-116.30368041992188,0.0
2498,100.89999999999635,0.04999999999999716,256.89259643554686,-348.9800109863281,-114.30479431152344,0.0
2499,100.89999999999635,0.04999999999999716,256.89259643554686,-348.91326904296875,-112.30590057373047,0.0
2500,100.94999999999635,0.04999999999999716,256.9154754638672,-348.8465576171875,-110.30702209472656,0.0
2501,100.94999999999635,0.04999999999999716,256.9154754638672,-348.77984619140625,-108.30813598632812,0.0
2502,100.99999999999635,0.04999999999999716,256.93755798339845,-348.713134765625,-106.30924987792969,0.0
2503,100.99999999999635,0.04999999999999716,256.93755798339845,-348.64642333984375,-104.31036376953125,0.0
2504,101.04999999999634,0.04999999999999716,256.9589538574219,-348.5797119140625,-102.31146240234375,0.0
2505,101.09999999999634,0.04999999999999716,256.9796630859375,-348.51300048828125,-100.31257629394531,0.0
2506,101.09999999999634,0.04999999999999716,256.9796630859375,-348.4462890625,-98.31369018554688,0.0
2507,101.14999999999634,0.04999999999999716,256.99976806640626,-348.37957763671875,-96.31480407714844,0.0
2508,101.14999999999634,0.04999999999999716,256.99976806640626,-348.3128356933594,-94.31591796875,0.0
2509,101.19999999999634,0.04999999999999716,257.0192413330078,-348.2461242675781,-92.31703186035156,0.0
2510,101.19999999999634,0.04999999999999716,257.0192413330078,-348.1794128417969,-90.31814575195312,0.0
2511,101.24999999999633,0.04999999999999716,257.0380828857422,-348.1127014160156,-88.31925964355469,0.0
2512,101.29999999999633,0.04999999999999716,257.05634765625,-348.0459899902344,-86.32037353515625,0.0
2513,101.29999999999633,0.04999999999999716,257.05634765625,-347.9792785644531,-84.32148742675781,0.0
2514,101.34999999999633,0.04999999999999716,257.07403564453125,-347.9125671386719,-82.32260131835938,0.0
2515,101.34999999999633,0.04999999999999716,257.07403564453125,-347.8458557128906,-80.32371520996094,0.0
2516,101.39999999999633,0.04999999999999716,257.09117431640624,-347.7791442871094,-78.3248291015625,0.0
2517,101.39999999999633,0.04999999999999716,257.09117431640624,-347.71240234375,-76.32594299316406,0.0
2518,101.44999999999632,0.04999999999999716,257.1077087402344,-347.64569091796875,-74.32705688476562,0.0
2519,101.44999999999632,0.04999999999999716,257.1077087402344,-347.5789794921875,-72.32817077636719,0.0
2520,101.49999999999632,0.04999999999999716,257.123583984375,-347.51226806640625,-70.32928466796875,0.0
2521,101.54999999999632,0.04999999999999716,257.0617309570313,-347.445556640625,-68.33038330078125,0.0
2522,101.54999999999632,0.04999999999999716,257.0617309570313,-347.37884521484375,-66.33149719238281,0.0
2523,101.59999999999631,0.04999999999999716,257.0656311035156,-347.3121337890625,-64.33261108398438,0.0
2524,101.59999999999631,0.04999999999999716,257.0656311035156,-347.24542236328125,-62.33372497558594,0.0
2525,101.64999999999631,0.04999999999999716,257.0766998291016,-347.1787109375,-60.3348388671875,0.0
2526,101.64999999999631,0.04999999999999716,257.0766998291016,-347.1119689941406,-58.33595275878906,0.0
2527,101.64999999999631,0.04999999999999716,257.0766998291016,-347.0452575683594,-56.337066650390625,0.0
2528,101.69999999999631,0.04999999999999716,257.083154296875,-346.9785461425781,-54.33818054199219,0.0
2529,101.69999999999631,0.04999999999999716,257.083154296875,-346.9118347167969,-52.33929443359375,0.0
2530,101.7499999999963,0.04999999999999716,257.08623046875,-346.8451232910156,-50.34040832519531,0.0
2531,101.7999999999963,0.04999999999999716,257.0880981445313,-346.7784118652344,-48.341522216796875,0.0
2532,101.7999999999963,0.04999999999999716,257.0880981445313,-346.7117004394531,-46.34263610839844,0.0
2533,101.8499999999963,0.04999999999999716,257.0912567138672,-346.6449890136719,-44.34375,0.0
2534,101.8499999999963,0.04999999999999716,257.0912567138672,-346.5782470703125,-42.34486389160156,0.0
2535,101.8999999999963,0.04999999999999716,257.09677734375003,-346.51153564453125,-40.345977783203125,0.0
2536,101.8999999999963,0.04999999999999716,257.09677734375003,-346.44482421875,-38.34709167480469,0.0
2537,101.9499999999963,0.04999999999999716,257.1055114746094,-346.37811279296875,-36.34820556640625,0.0
2538,101.9499999999963,0.04999999999999716,257.1055114746094,-346.3114013671875,-34.34931945800781,0.0
2539,101.99999999999629,0.04999999999999716,257.1175964355469,-346.24468994140625,-32.35041809082031,0.0
2540,102.04999999999629,0.04999999999999716,257.1319061279297,-346.177978515625,-30.351531982421875,0.0
2541,102.04999999999629,0.04999999999999716,257.1319061279297,-346.11126708984375,-28.352645874023438,0.0
2542,102.09999999999629,0.04999999999999716,257.14671020507814,-346.0445556640625,-26.353759765625,0.0
2543,102.09999999999629,0.04999999999999716,257.14671020507814,-345.9778137207031,-24.354873657226562,0.0
2544,102.14999999999628,0.04999999999999716,257.16005859375,-345.9111022949219,-22.355987548828125,0.0
2545,102.14999999999628,0.04999999999999716,257.16005859375,-345.8443908691406,-20.357101440429688,0.0
2546,102.19999999999628,0.04999999999999716,257.17066040039066,-345.7776794433594,-18.35821533203125,0.0
2547,102.24999999999628,0.04999999999999716,257.1779388427735,-345.7109680175781,-16.359329223632812,0.0
2548,102.24999999999628,0.04999999999999716,257.1779388427735,-345.6442565917969,-14.360443115234375,0.0
2549,102.29999999999627,0.04999999999999716,257.1820861816406,-345.5775451660156,-12.361557006835938,0.0
2550,102.29999999999627,0.04999999999999716,257.1820861816406,-345.5108337402344,-10.3626708984375,0.0
2551,102.34999999999627,0.04999999999999716,257.1837615966797,-345.4441223144531,-8.363784790039062,0.0
2552,102.34999999999627,0.04999999999999716,257.1837615966797,-345.37738037109375,-6.364898681640625,0.0
2553,102.39999999999627,0.04999999999999716,257.1839813232422,-345.3106689453125,-4.3660125732421875,0.0
2554,102.39999999999627,0.04999999999999716,257.1839813232422,-345.24395751953125,-2.36712646484375,0.0
2555,102.44999999999627,0.04999999999999716,257.1836791992188,-345.17724609375,-0.3682403564453125,0.0
2556,102.49999999999626,0.04999999999999716,257.18406372070314,-345.11053466796875,1.630645751953125,0.0
2557,102.49999999999626,0.04999999999999716,257.18406372070314,-345.0438232421875,3.629547119140625,0.0
2558,102.54999999999626,0.04999999999999716,257.1858764648438,-344.97711181640625,5.6284332275390625,0.0
2559,102.54999999999626,0.04999999999999716,257.1858764648438,-344.910400390625,7.6273193359375,0.0
2560,102.59999999999626,0.04999999999999716,257.1897766113281,-344.84368896484375,9.626205444335938,0.0
2561,102.64999999999625,0.04999999999999716,257.19598388671875,-344.7769470214844,11.625091552734375,0.0
2562,102.69999999999625,0.04999999999999716,257.2044158935547,-344.7102355957031,13.623977661132812,0.0
2563,102.69999999999625,0.04999999999999716,257.2044158935547,-344.6435241699219,15.62286376953125,0.0
2564,102.74999999999625,0.04999999999999716,257.21460571289066,-344.5768127441406,17.621749877929688,0.0
2565,102.74999999999625,0.04999999999999716,257.21460571289066,-344.5101013183594,19.620651245117188,0.0
2566,102.79999999999625,0.04999999999999716,257.2261138916016,-344.4433898925781,21.619522094726562,0.0
2567,102.79999999999625,0.04999999999999716,257.2261138916016,-344.3766784667969,23.618423461914062,0.0
2568,102.84999999999624,0.04999999999999716,257.23814392089844,-344.3099670410156,25.617294311523438,0.0
2569,102.84999999999624,0.04999999999999716,257.23814392089844,-344.2432556152344,27.616195678710938,0.0
2570,102.89999999999624,0.04999999999999716,257.24998168945314,-344.176513671875,29.615066528320312,0.0
2571,102.94999999999624,0.04999999999999716,257.2610229492188,-344.10980224609375,31.613967895507812,0.0
2572,102.94999999999624,0.04999999999999716,257.2610229492188,-344.0430908203125,33.61283874511719,0.0
2573,102.99999999999623,0.04999999999999716,257.2710754394531,-343.97637939453125,35.61174011230469,0.0
2574,102.99999999999623,0.04999999999999716,257.2710754394531,-343.90966796875,37.61061096191406,0.0
2575,103.04999999999623,0.04999999999999716,257.2799468994141,-343.84295654296875,39.60951232910156,0.0
2576,103.04999999999623,0.04999999999999716,257.2799468994141,-343.7762451171875,41.60838317871094,0.0
2577,103.09999999999623,0.04999999999999716,257.2882965087891,-343.70953369140625,43.60728454589844,0.0
2578,103.09999999999623,0.04999999999999716,257.2882965087891,-343.642822265625,45.60615539550781,0.0
2579,103.14999999999623,0.04999999999999716,257.2960693359375,-343.5760803222656,47.60505676269531,0.0
2580,103.19999999999622,0.04999999999999716,257.30359497070316,-343.5093688964844,49.60392761230469,0.0
2581,103.19999999999622,0.04999999999999716,257.30359497070316,-343.4426574707031,51.60282897949219,0.0
2582,103.24999999999622,0.04999999999999716,257.3111206054688,-343.3759460449219,53.60169982910156,0.0
2583,103.24999999999622,0.04999999999999716,257.3111206054688,-343.3092346191406,55.60060119628906,0.0
2584,103.29999999999622,0.04999999999999716,257.3188934326172,-343.2425231933594,57.59950256347656,0.0
2585,103.29999999999622,0.04999999999999716,257.3188934326172,-343.1758117675781,59.59837341308594,0.0
2586,103.34999999999621,0.04999999999999716,257.32691345214846,-343.1091003417969,61.59727478027344,0.0
2587,103.34999999999621,0.04999999999999716,257.32691345214846,-343.0423889160156,63.59614562988281,0.0
2588,103.39999999999621,0.04999999999999716,257.33518066406253,-342.97564697265625,65.59504699707031,0.0
2589,103.39999999999621,0.04999999999999716,257.33518066406253,-342.908935546875,67.59391784667969,0.0
2590,103.44999999999621,0.04999999999999716,257.3435852050781,-342.84222412109375,69.59281921386719,0.0
2591,103.44999999999621,0.04999999999999716,257.3435852050781,-342.7755126953125,71.59169006347656,0.0
2592,103.4999999999962,0.04999999999999716,257.35182495117186,-342.70880126953125,73.59059143066406,0.0
2593,103.4999999999962,0.04999999999999716,257.35182495117186,-342.64208984375,75.58946228027344,0.0
2594,103.5499999999962,0.04999999999999716,257.3599548339844,-342.57537841796875,77.58836364746094,0.0
2595,103.5499999999962,0.04999999999999716,257.3599548339844,-342.5086669921875,79.58723449707031,0.0
2596,103.5999999999962,0.04999999999999716,257.3676727294922,-342.44195556640625,81.58613586425781,0.0
2597,103.6499999999962,0.04999999999999716,257.37500610351566,-342.3752136230469,83.58500671386719,0.0
2598,103.6499999999962,0.04999999999999716,257.37500610351566,-342.3085021972656,85.58390808105469,0.0
2599,103.6999999999962,0.04999999999999716,257.3818725585938,-342.2417907714844,87.58277893066406,0.0
2600,103.6999999999962,0.04999999999999716,257.3818725585938,-342.1750793457031,89.58168029785156,0.0
2601,103.74999999999619,0.04999999999999716,257.3882995605469,-342.1083679199219,91.58058166503906,0.0
2602,103.79999999999619,0.04999999999999716,257.3943145751953,-342.0416564941406,93.57945251464844,0.0
2603,103.79999999999619,0.04999999999999716,257.3943145751953,-341.9749450683594,95.57835388183594,0.0
2604,103.84999999999619,0.04999999999999716,257.4001373291016,-341.9082336425781,97.57722473144531,0.0
2605,103.89999999999618,0.04999999999999716,257.4058502197266,-341.8415222167969,99.57612609863281,0.0
2606,103.89999999999618,0.04999999999999716,257.4058502197266,-341.7747802734375,101.57499694824219,0.0
2607,103.94999999999618,0.04999999999999716,257.41148071289064,-341.70806884765625,103.57389831542969,0.0
2608,103.94999999999618,0.04999999999999716,257.41148071289064,-341.641357421875,105.57276916503906,0.0
2609,103.99999999999618,0.04999999999999716,257.4170837402344,-341.57464599609375,107.57167053222656,0.0
2610,103.99999999999618,0.04999999999999716,257.4170837402344,-341.5079345703125,109.57054138183594,0.0
2611,104.04999999999617,0.04999999999999716,257.4226318359375,-341.44122314453125,111.56944274902344,0.0
2612,104.09999999999617,0.04999999999999716,257.42823486328126,-341.37451171875,113.56831359863281,0.0
2613,104.09999999999617,0.04999999999999716,257.42823486328126,-341.30780029296875,115.56721496582031,0.0
2614,104.14999999999617,0.04999999999999716,257.433837890625,-341.2410888671875,117.56608581542969,0.0
2615,104.14999999999617,0.04999999999999716,257.433837890625,-341.1743469238281,119.56498718261719,0.0
2616,104.19999999999617,0.04999999999999716,257.4393310546875,-341.1076354980469,121.56385803222656,0.0
2617,104.19999999999617,0.04999999999999716,257.4393310546875,-341.0409240722656,123.56275939941406,0.0
2618,104.24999999999616,0.04999999999999716,257.4447692871094,-340.9742126464844,125.56166076660156,0.0
2619,104.24999999999616,0.04999999999999716,257.4447692871094,-340.9075012207031,127.56053161621094,0.0
2620,104.29999999999616,0.04999999999999716,257.4500427246094,-340.8407897949219,129.55943298339844,0.0
2621,104.34999999999616,0.04999999999999716,257.45509643554686,-340.7740783691406,131.5583038330078,0.0
2622,104.34999999999616,0.04999999999999716,257.45509643554686,-340.7073669433594,133.5572052001953,0.0
2623,104.39999999999615,0.04999999999999716,257.4599578857422,-340.640625,135.5560760498047,0.0
2624,104.39999999999615,0.04999999999999716,257.4599578857422,-340.57391357421875,137.5549774169922,0.0
2625,104.44999999999615,0.04999999999999716,257.464682006836,-340.5072021484375,139.55384826660156,0.0
2626,104.44999999999615,0.04999999999999716,257.464682006836,-340.44049072265625,141.55274963378906,0.0
2627,104.49999999999615,0.04999999999999716,257.4691589355469,-340.373779296875,143.55162048339844,0.0
2628,104.49999999999615,0.04999999999999716,257.4691589355469,-340.30706787109375,145.55052185058594,0.0
2629,104.54999999999615,0.04999999999999716,257.47352600097656,-340.2403564453125,147.5493927001953,0.0
2630,104.59999999999614,0.04999999999999716,257.4777282714844,-340.17364501953125,149.5482940673828,0.0
2631,104.59999999999614,0.04999999999999716,257.4777282714844,-340.10693359375,151.5471649169922,0.0
2632,104.64999999999614,0.04999999999999716,257.48179321289064,-340.0401916503906,153.5460662841797,0.0
2633,104.64999999999614,0.04999999999999716,257.48179321289064,-339.9734802246094,155.54493713378906,0.0
2634,104.69999999999614,0.04999999999999716,257.48577575683595,-339.9067687988281,157.54383850097656,0.0
2635,104.69999999999614,0.04999999999999716,257.48577575683595,-339.8400573730469,159.54270935058594,0.0
2636,104.74999999999613,0.04999999999999716,257.48967590332035,-339.7733459472656,161.54161071777344,0.0
2637,104.74999999999613,0.04999999999999716,257.48967590332035,-339.7066345214844,163.54051208496094,0.0
2638,104.79999999999613,0.04999999999999716,257.49346618652345,-339.6399230957031,165.5393829345703,0.0
2639,104.84999999999613,0.04999999999999716,257.49720153808596,-339.5732116699219,167.5382843017578,0.0
2640,104.84999999999613,0.04999999999999716,257.49720153808596,-339.5065002441406,169.5371551513672,0.0
2641,104.89999999999613,0.04999999999999716,257.5006072998047,-339.43975830078125,171.5360565185547,0.0
2642,104.89999999999613,0.04999999999999716,257.5006072998047,-339.373046875,173.53492736816406,0.0
2643,104.94999999999612,0.04999999999999716,257.5039306640625,-339.30633544921875,175.53382873535156,0.0
2644,104.94999999999612,0.04999999999999716,257.5039306640625,-339.2396240234375,177.53269958496094,0.0
2645,104.99999999999612,0.04999999999999716,257.50708923339846,-339.17291259765625,179.53160095214844,0.0
2646,105.04999999999612,0.04999999999999716,257.4203796386719,-339.106201171875,181.5304718017578,0.0
2647,105.04999999999612,0.04999999999999716,257.4203796386719,-339.03948974609375,183.5293731689453,0.0
2648,105.09999999999611,0.04999999999999716,256.8785888671875,-338.9727783203125,185.5282440185547,0.0
2649,105.09999999999611,0.04999999999999716,256.8785888671875,-338.90606689453125,187.5271453857422,0.0
2650,105.14999999999611,0.04999999999999716,255.64216003417968,-338.8393249511719,189.52601623535156,0.0
2651,105.14999999999611,0.04999999999999716,255.64216003417968,-338.7726135253906,191.52491760253906,0.0
2652,105.19999999999611,0.04999999999999716,253.79728088378906,-338.7059020996094,193.52378845214844,0.0
2653,105.19999999999611,0.04999999999999716,253.79728088378906,-338.6391906738281,195.52268981933594,0.0
2654,105.2499999999961,0.04999999999999716,251.54349060058595,-338.5724792480469,197.52159118652344,0.0
2655,105.2999999999961,0.04999999999999716,248.99309692382812,-338.5057678222656,199.5204620361328,0.0
2656,105.2999999999961,0.04999999999999716,248.99309692382812,-338.4390563964844,201.5193634033203,0.0
2657,105.3499999999961,0.04999999999999716,246.21803283691406,-338.3723449707031,203.5182342529297,0.0
2658,105.3499999999961,0.04999999999999716,246.21803283691406,-338.3056335449219,205.5171356201172,0.0
2659,105.3999999999961,0.04999999999999716,243.2708953857422,-338.2388916015625,207.51600646972656,0.0
2660,105.3999999999961,0.04999999999999716,243.2708953857422,-338.17218017578125,209.51490783691406,0.0
2661,105.4499999999961,0.04999999999999716,240.19085083007812,-338.10546875,211.51377868652344,0.0
2662,105.49999999999609,0.04999999999999716,237.0076446533203,-338.03875732421875,213.51268005371094,0.0
2663,105.49999999999609,0.04999999999999716,237.0076446533203,-337.9720458984375,215.5115509033203,0.0
2664,105.54999999999609,0.04999999999999716,233.74421081542968,-337.90533447265625,217.5104522705078,0.0
2665,105.54999999999609,0.04999999999999716,233.74421081542968,-337.838623046875,219.5093231201172,0.0
2666,105.59999999999609,0.04999999999999716,230.4182373046875,-337.77191162109375,221.5082244873047,0.0
2667,105.64999999999608,0.04999999999999716,227.04373168945312,-337.7052001953125,223.50709533691406,0.0
2668,105.64999999999608,0.04999999999999716,227.04373168945312,-337.6384582519531,225.50599670410156,0.0
2669,105.69999999999608,0.04999999999999716,223.6355392456055,-337.5717468261719,227.50486755371094,0.0
2670,105.74999999999608,0.04999999999999716,220.2179397583008,-337.5050354003906,229.50376892089844,0.0
2671,105.74999999999608,0.04999999999999716,220.2179397583008,-337.4383239746094,231.50267028808594,0.0
2672,105.79999999999607,0.04999999999999716,216.8170394897461,-337.3716125488281,233.5015411376953,0.0
2673,105.84999999999607,0.04999999999999716,213.45563507080078,-337.3049011230469,235.5004425048828,0.0
2674,105.84999999999607,0.04999999999999716,213.45563507080078,-337.2381896972656,237.4993133544922,0.0
2675,105.89999999999607,0.04999999999999716,210.14703369140625,-337.1714782714844,239.4982147216797,0.0
2676,105.89999999999607,0.04999999999999716,210.14703369140625,-337.1047668457031,241.49708557128906,0.0
2677,105.94999999999607,0.04999999999999716,206.89661865234376,-337.03802490234375,243.49598693847656,0.0
2678,105.99999999999606,0.04999999999999716,203.77744903564454,-336.9713134765625,245.49485778808594,0.0
2679,105.99999999999606,0.04999999999999716,203.77744903564454,-336.90460205078125,247.49375915527344,0.0
2680,106.04999999999606,0.04999999999999716,200.95760192871094,-336.837890625,249.4926300048828,0.0
2681,106.09999999999606,0.04999999999999716,198.4204055786133,-336.77117919921875,251.4915313720703,0.0
2682,106.09999999999606,0.04999999999999716,198.4204055786133,-336.7044677734375,253.4904022216797,0.0
2683,106.14999999999606,0.04999999999999716,196.03997039794922,-336.63775634765625,255.4893035888672,0.0
2684,106.19999999999605,0.04999999999999716,193.90860900878906,-336.571044921875,257.4881591796875,0.0
2685,106.24999999999605,0.04999999999999716,192.11206970214843,-336.50433349609375,259.487060546875,0.0
2686,106.24999999999605,0.04999999999999716,192.11206970214843,-336.4375915527344,261.4859619140625,0.0
2687,106.29999999999605,0.04999999999999716,190.55251922607422,-336.3708801269531,263.48486328125,0.0
2688,106.34999999999604,0.04999999999999716,188.87787322998048,-336.3041687011719,265.48370361328125,0.0
2689,106.39999999999604,0.04999999999999716,186.84283447265625,-336.2374572753906,267.48260498046875,0.0
2690,106.39999999999604,0.04999999999999716,186.84283447265625,-336.1707458496094,269.48150634765625,0.0
2691,106.44999999999604,0.04999999999999716,184.45211334228517,-336.1040344238281,271.48040771484375,0.0
2692,106.49999999999604,0.04999999999999716,181.84045715332033,-336.0373229980469,273.479248046875,0.0
2693,106.54999999999603,0.04999999999999716,179.06771392822267,-335.9706115722656,275.4781494140625,0.0
2694,106.59999999999603,0.04999999999999716,176.18341827392578,-335.90386962890625,277.47705078125,0.0
2695,106.59999999999603,0.04999999999999716,176.18341827392578,-335.837158203125,279.4759521484375,0.0
2696,106.64999999999603,0.04999999999999716,173.20698852539064,-335.77044677734375,281.47479248046875,0.0
2697,106.69999999999602,0.04999999999999716,170.15410766601562,-335.7037353515625,283.47369384765625,0.0
2698,106.74999999999602,0.04999999999999716,167.03087310791017,-335.63702392578125,285.47259521484375,0.0
2699,106.79999999999602,0.04999999999999716,163.8491226196289,-335.5699462890625,287.4714660644531,0.0
2700,106.84999999999602,0.04999999999999716,160.6147201538086,-335.48626708984375,289.4696960449219,0.0
2701,106.89999999999601,0.04999999999999716,157.3293685913086,-335.377685546875,291.46673583984375,0.0
2702,106.94999999999601,0.04999999999999716,154.05288848876953,-335.24420166015625,293.4622802734375,0.0
2703,106.999999999996,0.04999999999999716,150.74851684570314,-335.0858154296875,295.4559631347656,0.0
2704,107.049999999996,0.04999999999999716,147.40109252929688,-334.902587890625,297.4475402832031,0.0
2705,107.099999999996,0.04999999999999716,144.00639953613282,-334.6944580078125,299.4366760253906,0.0
2706,107.149999999996,0.04999999999999716,140.55567626953126,-334.4615478515625,301.4230651855469,0.0
2707,107.199999999996,0.04999999999999716,137.04244079589844,-334.203857421875,303.4063720703125,0.0
2708,107.24999999999599,0.04999999999999716,133.45867309570312,-333.92144775390625,305.3863220214844,0.0
2709,107.29999999999599,0.04999999999999716,129.811198425293,-333.61431884765625,307.3625793457031,0.0
2710,107.34999999999599,0.04999999999999716,126.31247863769532,-333.2825927734375,309.3348693847656,0.0
2711,107.39999999999598,0.04999999999999716,122.93565216064454,-332.92626953125,311.3028564453125,0.0
2712,107.49999999999598,0.09999999999999432,117.05136108398438,-332.5453796386719,313.2662353515625,0.0
2713,107.54999999999598,0.04999999999999716,114.4936408996582,-332.1400146484375,315.2247314453125,0.0
2714,107.64999999999597,0.09999999999999432,109.8045249938965,-331.71026611328125,317.177978515625,0.0
2715,107.69999999999597,0.04999999999999716,107.88958740234375,-331.25616455078125,319.125732421875,0.0
2716,107.74999999999596,0.04999999999999716,106.1213996887207,-330.76397705078125,321.0640563964844,0.0
2717,107.84999999999596,0.09999999999999432,102.94652252197265,-330.0990295410156,322.94921875,0.0
2718,107.89999999999596,0.04999999999999716,101.34140625,-329.2337341308594,324.7512512207031,0.0
2719,107.94999999999595,0.04999999999999716,99.86361465454102,-328.1782531738281,326.44891357421875,0.0
2720,107.99999999999595,0.04999999999999716,98.36268997192383,-326.9450378417969,328.022216796875,0.0
2721,108.04999999999595,0.04999999999999716,96.8783546447754,-325.548583984375,329.4526062011719,0.0
2722,108.09999999999594,0.04999999999999716,95.4495346069336,-324.00537109375,330.7232360839844,0.0
2723,108.14999999999594,0.04999999999999716,94.12374572753906,-322.3335266113281,331.8191833496094,0.0
2724,108.19999999999594,0.04999999999999716,92.90242309570313,-320.55279541015625,332.7275085449219,0.0
2725,108.29999999999593,0.09999999999999432,90.87339248657227,-318.68414306640625,333.4375305175781,0.0
2726,108.34999999999593,0.04999999999999716,90.0945442199707,-316.74951171875,333.94085693359375,0.0
2727,108.39999999999593,0.04999999999999716,89.47317123413086,-314.7717590332031,334.2315979003906,0.0
2728,108.49999999999592,0.09999999999999432,88.62777328491211,-312.7741394042969,334.30633544921875,0.0
2729,108.54999999999592,0.04999999999999716,88.51960601806641,-310.7801818847656,334.16412353515625,0.0
2730,108.64999999999591,0.09999999999999432,88.95056533813477,-308.80279541015625,333.8643798828125,0.0
2731,108.69999999999591,0.04999999999999716,89.4486785888672,-307.814697265625,333.7107238769531,0.0
2732,108.74999999999591,0.04999999999999716,90.06223754882812,-306.8265686035156,333.55706787109375,0.0
2733,108.7999999999959,0.04999999999999716,90.70398330688477,-305.83843994140625,333.4034423828125,0.0
2734,108.7999999999959,0.04999999999999716,90.70398330688477,-304.8503112792969,333.2497863769531,0.0
2735,108.8499999999959,0.04999999999999716,91.24192199707032,-303.8621826171875,333.09613037109375,0.0
2736,108.9499999999959,0.09999999999999432,92.14443511962891,-301.877197265625,332.8551025390625,0.0
2737,108.9999999999959,0.04999999999999716,92.37249069213867,-299.88006591796875,332.75640869140625,0.0
2738,109.09999999999589,0.09999999999999432,92.49619674682617,-297.8809814453125,332.80072021484375,0.0
2739,109.19999999999588,0.09999999999999432,92.19177932739258,-295.8901672363281,332.98773193359375,0.0
2740,109.24999999999588,0.04999999999999716,92.00463409423828,-293.9178161621094,333.3164978027344,0.0
2741,109.34999999999587,0.09999999999999432,91.28292846679688,-291.9739990234375,333.7853698730469,0.0
2742,109.39999999999587,0.04999999999999716,90.94706268310547,-290.0686340332031,334.3919372558594,0.0
2743,109.49999999999586,0.09999999999999432,90.01417236328125,-288.21148681640625,335.13311767578125,0.0
2744,109.54999999999586,0.04999999999999716,89.47332916259766,-286.41204833984375,336.00506591796875,0.0
2745,109.64999999999586,0.09999999999999432,89.19613037109376,-284.6795349121094,337.0033874511719,0.0
2746,109.69999999999585,0.04999999999999716,89.186572265625,-283.0273742675781,338.1293029785156,0.0
2747,109.79999999999585,0.09999999999999432,88.9801528930664,-281.5013427734375,339.4205322265625,0.0
2748,109.84999999999584,0.04999999999999716,89.00009307861329,-280.12591552734375,340.87109375,0.0
2749,109.89999999999584,0.04999999999999716,89.01125106811524,-278.9176025390625,342.4635925292969,0.0
2750,109.94999999999584,0.04999999999999716,89.01930541992188,-277.8909912109375,344.1788330078125,0.0
2751,109.99999999999584,0.04999999999999716,89.11856689453126,-277.0583801269531,345.9961853027344,0.0
2752,110.04999999999583,0.04999999999999716,89.23059310913087,-276.4298400878906,347.8937683105469,0.0
2753,110.09999999999583,0.04999999999999716,89.41626205444337,-276.01287841796875,349.84881591796875,0.0
2754,110.19999999999582,0.09999999999999432,89.81527862548829,-275.8125305175781,351.8377380371094,0.0
2755,110.24999999999582,0.04999999999999716,90.0803581237793,-275.83123779296875,353.8366394042969,0.0
2756,110.34999999999582,0.09999999999999432,90.60071182250977,-276.0382080078125,355.8256530761719,0.0
2757,110.39999999999581,0.04999999999999716,90.91021041870117,-276.2694091796875,357.812255859375,0.0
2758,110.49999999999581,0.09999999999999432,91.65703353881837,-276.5009765625,359.7987976074219,0.0
2759,110.5999999999958,0.09999999999999432,92.51757202148438,-276.7503662109375,361.7831726074219,0.0
2760,110.6999999999958,0.09999999999999432,93.45694427490234,-277.02667236328125,363.76397705078125,0.0
2761,110.7499999999958,0.04999999999999716,93.97790908813477,-277.329833984375,365.7408447265625,0.0
2762,110.84999999999579,0.09999999999999432,95.03502731323242,-277.65985107421875,367.7134094238281,0.0
2763,110.89999999999579,0.04999999999999716,95.56367568969726,-278.0165710449219,369.68133544921875,0.0
2764,110.99999999999578,0.09999999999999432,96.62476959228516,-278.39996337890625,371.64422607421875,0.0
2765,111.04999999999578,0.04999999999999716,97.1571258544922,-278.80999755859375,373.6017150878906,0.0
2766,111.14999999999577,0.09999999999999432,98.08749618530274,-279.24658203125,375.553466796875,0.0
2767,111.19999999999577,0.04999999999999716,98.63938751220704,-279.7095947265625,377.4991455078125,0.0
2768,111.29999999999576,0.09999999999999432,99.70458068847657,-280.198974609375,379.4383239746094,0.0
2769,111.34999999999576,0.04999999999999716,100.23606491088867,-280.71466064453125,381.37066650390625,0.0
2770,111.44999999999575,0.09999999999999432,101.3580436706543,-281.25653076171875,383.2958679199219,0.0
2771,111.49999999999575,0.04999999999999716,101.9312141418457,-281.824462890625,385.2135009765625,0.0
2772,111.59999999999575,0.09999999999999432,103.10993728637696,-282.41839599609375,387.1232604980469,0.0
2773,111.64999999999574,0.04999999999999716,103.71298370361329,-283.0381774902344,389.0247802734375,0.0
2774,111.74999999999574,0.09999999999999432,104.93716278076172,-283.79998779296875,391.6999816894531,0.5999999642372131
2775,111.79999999999573,0.04999999999999716,105.55422363281251,-284.6494140625,393.758056640625,0.0
2776,112.09999999999572,0.29999999999998295,109.25229034423829,-289.4931335449219,407.9544677734375,0.0
2777,112.3499999999957,0.2499999999999858,112.28739395141602,-290.13897705078125,409.8473205566406,0.0
2778,112.4499999999957,0.09999999999999432,113.48934631347656,-290.7847900390625,411.74017333984375,0.0
2779,112.4999999999957,0.04999999999999716,114.08803253173828,-291.4306335449219,413.633056640625,0.0
2780,112.54999999999569,0.04999999999999716,114.6852424621582,-292.0764465332031,415.5259094238281,0.0
2781,112.64999999999569,0.09999999999999432,115.87556304931641,-292.7222900390625,417.41876220703125,0.0
2782,112.69999999999568,0.04999999999999716,116.46871490478516,-293.36810302734375,419.3116149902344,0.0
2783,112.74999999999568,0.04999999999999716,117.06054840087891,-294.0139465332031,421.2044677734375,0.0
2784,112.79999999999568,0.04999999999999716,117.65111846923828,-294.6597595214844,423.0973205566406,0.0
2785,112.84999999999567,0.04999999999999716,118.24049377441406,-295.30560302734375,424.99017333984375,0.0
2786,112.94999999999567,0.09999999999999432,119.41556396484376,-295.951416015625,426.883056640625,0.0
2787,112.99999999999567,0.04999999999999716,120.00132751464844,-296.5972595214844,428.7759094238281,0.0
2788,113.04999999999566,0.04999999999999716,120.5859375,-297.2430725097656,430.66876220703125,0.0
2789,113.09999999999566,0.04999999999999716,121.16936645507813,-297.888916015625,432.5616149902344,0.0
2790,113.14999999999566,0.04999999999999716,121.75166931152344,-298.53472900390625,434.4544677734375,0.0
2791,113.24999999999565,0.09999999999999432,122.91289672851563,-299.1805725097656,436.3473205566406,0.0
2792,113.29999999999565,0.04999999999999716,123.49183502197266,-299.8263854980469,438.24017333984375,0.0
2793,113.34999999999565,0.04999999999999716,124.06966094970703,-300.41998291015625,439.97998046875,0.0
2794,113.39999999999564,0.04999999999999716,124.64625091552735,-301.0658264160156,441.8728332519531,0.0
2795,113.44999999999564,0.04999999999999716,125.22176971435547,-301.7116394042969,443.76568603515625,0.0
2796,113.49999999999564,0.04999999999999716,125.79613494873047,-302.35748291015625,445.6585388183594,0.0
2797,113.59999999999563,0.09999999999999432,126.9415283203125,-303.0032958984375,447.5513916015625,0.0
2798,113.64999999999563,0.04999999999999716,127.51257019042968,-303.6491394042969,449.44427490234375,0.0
2799,113.69999999999563,0.04999999999999716,128.08245849609375,-304.2949523925781,451.3371276855469,0.0
2800,113.74999999999562,0.04999999999999716,128.65126190185546,-304.9407958984375,453.22998046875,0.0
2801,113.79999999999562,0.04999999999999716,129.21892547607422,-305.58660888671875,455.1228332519531,0.0
2802,113.84999999999562,0.04999999999999716,129.7855178833008,-306.2324523925781,457.01568603515625,0.0
2803,113.89999999999561,0.04999999999999716,130.3509979248047,-306.8782653808594,458.9085388183594,0.0
2804,113.94999999999561,0.04999999999999716,130.91414337158204,-307.52410888671875,460.8013916015625,0.0
2805,114.0499999999956,0.09999999999999432,132.0369873046875,-308.169921875,462.6942443847656,0.0
2806,114.0999999999956,0.04999999999999716,132.5959442138672,-308.8157653808594,464.5871276855469,0.0
2807,114.1499999999956,0.04999999999999716,133.15334930419922,-309.4615783691406,466.47998046875,0.0
2808,114.1999999999956,0.04999999999999716,133.70859832763674,-310.10736083984375,468.37286376953125,0.0
2809,114.2499999999956,0.04999999999999716,134.26162261962892,-310.746337890625,470.26800537109375,0.0
2810,114.29999999999559,0.04999999999999716,134.8122573852539,-311.374267578125,472.1669006347656,0.0
2811,114.34999999999559,0.04999999999999716,135.36042022705078,-311.9910583496094,474.06939697265625,0.0
2812,114.39999999999559,0.04999999999999716,135.9060287475586,-312.5967712402344,475.9754638671875,0.0
2813,114.44999999999558,0.04999999999999716,136.4489730834961,-313.1913146972656,477.88507080078125,0.0
2814,114.49999999999558,0.04999999999999716,136.98917083740236,-313.7746887207031,479.798095703125,0.0
2815,114.54999999999558,0.04999999999999716,137.5273635864258,-314.3468933105469,481.7144775390625,0.0
2816,114.59999999999557,0.04999999999999716,138.0628646850586,-314.90789794921875,483.6341857910156,0.0
2817,114.64999999999557,0.04999999999999716,138.5957977294922,-315.4576721191406,485.55712890625,0.0
2818,114.69999999999557,0.04999999999999716,139.12630004882814,-315.9962158203125,487.4832458496094,0.0
2819,114.74999999999557,0.04999999999999716,139.65446777343752,-316.52349853515625,489.4124755859375,0.0
2820,114.79999999999556,0.04999999999999716,140.1803970336914,-317.03948974609375,491.34478759765625,0.0
2821,114.84999999999556,0.04999999999999716,140.70415649414062,-317.544189453125,493.280029296875,0.0
2822,114.89999999999556,0.04999999999999716,141.2258285522461,-318.03759765625,495.2182312011719,0.0
2823,114.94999999999555,0.04999999999999716,141.74546813964844,-318.5196533203125,497.1592712402344,0.0
2824,114.99999999999555,0.04999999999999716,142.26311645507812,-318.9903869628906,499.10308837890625,0.0
2825,115.04999999999555,0.04999999999999716,142.77874603271485,-319.4497375488281,501.0495910644531,0.0
2826,115.09999999999555,0.04999999999999716,143.29243927001954,-319.8977355957031,502.998779296875,0.0
2827,115.14999999999554,0.04999999999999716,143.8041961669922,-320.3343200683594,504.9505615234375,0.0
2828,115.19999999999554,0.04999999999999716,144.31394805908204,-320.759521484375,506.9048156738281,0.0
2829,115.24999999999554,0.04999999999999716,144.82170867919922,-321.17327880859375,508.8615417480469,0.0
2830,115.29999999999553,0.04999999999999716,145.32745056152345,-321.57562255859375,510.8206787109375,0.0
2831,115.34999999999553,0.04999999999999716,145.8311325073242,-321.96649169921875,512.7821044921875,0.0
2832,115.39999999999553,0.04999999999999716,146.33275451660157,-322.3459167480469,514.7457885742188,0.0
2833,115.44999999999553,0.04999999999999716,146.83226165771484,-322.7138671875,516.7116088867188,0.0
2834,115.49999999999552,0.04999999999999716,147.3296676635742,-323.0703125,518.6796264648438,0.0
2835,115.54999999999552,0.04999999999999716,147.82500000000002,-323.4152526855469,520.649658203125,0.0
2836,115.59999999999552,0.04999999999999716,148.31832733154297,-323.74871826171875,522.6216430664062,0.0
2837,115.64999999999552,0.04999999999999716,148.80967712402344,-324.07061767578125,524.5955810546875,0.0
2838,115.69999999999551,0.04999999999999716,149.2992141723633,-324.3810119628906,526.5712890625,0.0
2839,115.74999999999551,0.04999999999999716,149.78699340820313,-324.678466796875,528.549072265625,0.0
2840,115.7999999999955,0.04999999999999716,150.27315216064454,-324.96136474609375,530.5289916992188,0.0
2841,115.8499999999955,0.04999999999999716,150.75782775878906,-325.22967529296875,532.5109252929688,0.0
2842,115.8999999999955,0.04999999999999716,151.2411849975586,-325.4833984375,534.4947509765625,0.0
2843,115.9499999999955,0.04999999999999716,151.72330627441406,-325.7225036621094,536.4804077148438,0.0
2844,115.9999999999955,0.04999999999999716,152.20442504882814,-325.947021484375,538.4677124023438,0.0
2845,116.04999999999549,0.04999999999999716,152.6845687866211,-326.1568908691406,540.4566650390625,0.0
2846,116.09999999999549,0.04999999999999716,153.16395721435546,-326.3521423339844,542.4471435546875,0.0
2847,116.14999999999549,0.04999999999999716,153.64259033203126,-326.53271484375,544.43896484375,0.0
2848,116.14999999999549,0.04999999999999716,153.64259033203126,-326.6986389160156,546.4320678710938,0.0
2849,116.19999999999548,0.04999999999999716,154.12061920166016,-326.84991455078125,548.4263305664062,0.0
2850,116.24999999999548,0.04999999999999716,154.5981399536133,-326.9864807128906,550.421630859375,0.0
2851,116.29999999999548,0.04999999999999716,155.07523498535156,-327.1083679199219,552.4179077148438,0.0
2852,116.34999999999548,0.04999999999999716,155.5520004272461,-327.215576171875,554.4150390625,0.0
2853,116.39999999999547,0.04999999999999716,156.02845001220703,-327.30810546875,556.4129028320312,0.0
2854,116.44999999999547,0.04999999999999716,156.5047348022461,-327.3858947753906,558.411376953125,0.0
2855,116.49999999999547,0.04999999999999716,156.9808822631836,-327.4490051269531,560.410400390625,0.0
2856,116.54999999999546,0.04999999999999716,157.45698852539064,-327.49737548828125,562.4097900390625,0.0
2857,116.54999999999546,0.04999999999999716,157.45698852539064,-327.53106689453125,564.4094848632812,0.0
2858,116.59999999999546,0.04999999999999716,157.93312225341796,-327.550048828125,566.409423828125,0.0
2859,116.64999999999546,0.04999999999999716,158.40936584472658,-327.5542907714844,568.409423828125,0.0
2860,116.69999999999546,0.04999999999999716,158.88570556640624,-327.5438232421875,570.4093627929688,0.0
2861,116.74999999999545,0.04999999999999716,159.36163330078125,-327.5186462402344,572.4092407226562,0.0
2862,116.79999999999545,0.04999999999999716,159.83773956298828,-327.478759765625,574.4088134765625,0.0
2863,116.84999999999545,0.04999999999999716,160.31392822265624,-327.42413330078125,576.4080810546875,0.0
2864,116.89999999999544,0.04999999999999716,160.7858871459961,-327.3548278808594,578.4068603515625,0.0
2865,116.89999999999544,0.04999999999999716,160.7858871459961,-327.27081298828125,580.4050903320312,0.0
2866,116.94999999999544,0.04999999999999716,161.25769500732423,-327.1720886230469,582.4026489257812,0.0
2867,116.99999999999544,0.04999999999999716,161.72866516113282,-327.0586853027344,584.3994140625,0.0
2868,117.04999999999544,0.04999999999999716,162.19837188720703,-326.93060302734375,586.3953247070312,0.0
2869,117.09999999999543,0.04999999999999716,162.666650390625,-326.7931823730469,588.3905639648438,0.0
2870,117.14999999999543,0.04999999999999716,163.13343200683593,-326.6556701660156,590.3858032226562,0.0
2871,117.19999999999543,0.04999999999999716,163.59884033203124,-326.51812744140625,592.381103515625,0.0
2872,117.24999999999542,0.04999999999999716,164.0629852294922,-326.3805847167969,594.3763427734375,0.0
2873,117.29999999999542,0.04999999999999716,164.52593536376955,-326.2430725097656,596.37158203125,0.0
2874,117.34999999999542,0.04999999999999716,164.98792419433593,-326.10552978515625,598.3668823242188,0.0
2875,117.39999999999542,0.04999999999999716,165.44906158447267,-325.9679870605469,600.3621215820312,0.0
2876,117.44999999999541,0.04999999999999716,165.90853729248047,-325.8304748535156,602.357421875,0.0
2877,117.49999999999541,0.04999999999999716,166.36734008789062,-325.6914367675781,604.3526000976562,0.0
2878,117.49999999999541,0.04999999999999716,166.36734008789062,-325.54193115234375,606.3469848632812,0.0
2879,117.5499999999954,0.04999999999999716,166.8251953125,-325.3805236816406,608.3404541015625,0.0
2880,117.5999999999954,0.04999999999999716,167.28207550048828,-325.2071838378906,610.3329467773438,0.0
2881,117.6499999999954,0.04999999999999716,167.7378158569336,-325.02197265625,612.3243408203125,0.0
2882,117.6999999999954,0.04999999999999716,168.19222412109374,-324.8248291015625,614.3145751953125,0.0
2883,117.7499999999954,0.04999999999999716,168.64512176513674,-324.6158447265625,616.3036499023438,0.0
2884,117.7499999999954,0.04999999999999716,168.64512176513674,-324.3949279785156,618.2913818359375,0.0
2885,117.79999999999539,0.04999999999999716,169.09620666503906,-324.16217041015625,620.27783203125,0.0
2886,117.84999999999539,0.04999999999999716,169.5452865600586,-323.91754150390625,622.2628173828125,0.0
2887,117.89999999999539,0.04999999999999716,169.99054870605468,-323.6610412597656,624.2462768554688,0.0
2888,117.94999999999538,0.04999999999999716,170.43302307128906,-323.3927001953125,626.2282104492188,0.0
2889,117.99999999999538,0.04999999999999716,170.87225646972658,-323.112548828125,628.2084350585938,0.0
2890,117.99999999999538,0.04999999999999716,170.87225646972658,-322.8205261230469,630.18701171875,0.0
2891,118.04999999999538,0.04999999999999716,171.30768585205078,-322.5167236328125,632.163818359375,0.0
2892,118.09999999999538,0.04999999999999716,171.73889923095703,-322.2010803222656,634.1387329101562,0.0
2893,118.14999999999537,0.04999999999999716,172.16558074951172,-321.8736572265625,636.1117553710938,0.0
2894,118.19999999999537,0.04999999999999716,172.58737335205078,-321.5344543457031,638.082763671875,0.0
2895,118.24999999999537,0.04999999999999716,173.0020248413086,-321.1834716796875,640.0517578125,0.0
2896,118.24999999999537,0.04999999999999716,173.0020248413086,-320.82073974609375,642.0185546875,0.0
2897,118.29999999999536,0.04999999999999716,173.41111450195314,-320.4462585449219,643.9832153320312,0.0
2898,118.34999999999536,0.04999999999999716,173.81421661376953,-320.06005859375,645.945556640625,0.0
2899,118.39999999999536,0.04999999999999716,174.21097412109376,-319.662109375,647.9055786132812,0.0
2900,118.44999999999536,0.04999999999999716,174.60111236572266,-319.2524719238281,649.8631591796875,0.0
2901,118.49999999999535,0.04999999999999716,174.98456268310548,-318.8311462402344,651.8182373046875,0.0
2902,118.49999999999535,0.04999999999999716,174.98456268310548,-318.3981628417969,653.7708129882812,0.0
2903,118.54999999999535,0.04999999999999716,175.3612289428711,-317.9534912109375,655.7207641601562,0.0
2904,118.59999999999535,0.04999999999999716,175.72862548828127,-317.4971923828125,657.6680297851562,0.0
2905,118.64999999999534,0.04999999999999716,176.08936157226563,-317.029052734375,659.6124877929688,0.0
2906,118.69999999999534,0.04999999999999716,176.4433547973633,-316.5418395996094,661.5521850585938,0.0
2907,118.69999999999534,0.04999999999999716,176.4433547973633,-316.03179931640625,663.486083984375,0.0
2908,118.74999999999534,0.04999999999999716,176.7906051635742,-315.4990234375,665.4137573242188,0.0
2909,118.79999999999534,0.04999999999999716,177.13131866455078,-314.943603515625,667.3350830078125,0.0
2910,118.84999999999533,0.04999999999999716,177.46590728759767,-314.36553955078125,669.2496948242188,0.0
2911,118.84999999999533,0.04999999999999716,177.46590728759767,-313.7650146484375,671.1574096679688,0.0
2912,118.89999999999533,0.04999999999999716,177.79240722656252,-313.14202880859375,673.0579223632812,0.0
2913,118.94999999999533,0.04999999999999716,178.11382598876955,-312.4966735839844,674.950927734375,0.0
2914,118.94999999999533,0.04999999999999716,178.11382598876955,-311.8291015625,676.836181640625,0.0
2915,118.99999999999532,0.04999999999999716,178.43053436279297,-311.13934326171875,678.7135009765625,0.0
2916,119.04999999999532,0.04999999999999716,178.74305419921876,-310.42755126953125,680.58251953125,0.0
2917,119.09999999999532,0.04999999999999716,179.05208587646484,-309.69378662109375,682.4430541992188,0.0
2918,119.14999999999532,0.04999999999999716,179.35633850097656,-308.9381103515625,684.2947998046875,0.0
2919,119.14999999999532,0.04999999999999716,179.35633850097656,-308.16070556640625,686.1375122070312,0.0
2920,119.19999999999531,0.04999999999999716,179.6587097167969,-307.3616638183594,687.970947265625,0.0
2921,119.24999999999531,0.04999999999999716,179.9599136352539,-306.54107666015625,689.7947998046875,0.0
2922,119.29999999999531,0.04999999999999716,180.26073303222657,-305.69903564453125,691.60888671875,0.0
2923,119.29999999999531,0.04999999999999716,180.26073303222657,-304.835693359375,693.4129638671875,0.0
2924,119.3499999999953,0.04999999999999716,180.55513916015624,-303.951171875,695.2067260742188,0.0
2925,119.3999999999953,0.04999999999999716,180.8510971069336,-303.04559326171875,696.9899291992188,0.0
2926,119.4499999999953,0.04999999999999716,181.14831848144533,-302.1190490722656,698.7623291015625,0.0
2927,119.4499999999953,0.04999999999999716,181.14831848144533,-301.17169189453125,700.5237426757812,0.0
2928,119.4999999999953,0.04999999999999716,181.44773712158204,-300.20367431640625,702.2738647460938,0.0
2929,119.5499999999953,0.04999999999999716,181.75006713867188,-299.215087890625,704.012451171875,0.0
2930,119.59999999999529,0.04999999999999716,182.0560775756836,-298.2060852050781,705.7392578125,0.0
2931,119.64999999999529,0.04999999999999716,182.3667434692383,-297.17681884765625,707.4540405273438,0.0
2932,119.64999999999529,0.04999999999999716,182.3667434692383,-296.12744140625,709.1566162109375,0.0
2933,119.69999999999528,0.04999999999999716,182.68242187500002,-295.0580749511719,710.8466796875,0.0
2934,119.74999999999528,0.04999999999999716,183.00469207763672,-293.9797668457031,712.5310668945312,0.0
2935,119.79999999999528,0.04999999999999716,183.33433685302734,-292.9014587402344,714.2155151367188,0.0
2936,119.84999999999528,0.04999999999999716,183.6719741821289,-291.8224182128906,715.8994140625,0.0
2937,119.84999999999528,0.04999999999999716,183.6719741821289,-290.7375793457031,717.5797119140625,0.0
2938,119.89999999999527,0.04999999999999716,184.0182083129883,-289.6460266113281,719.2554931640625,0.0
2939,119.94999999999527,0.04999999999999716,184.3725997924805,-288.54779052734375,720.927001953125,0.0
2940,119.99999999999527,0.04999999999999716,184.73589019775392,-287.44287109375,722.5941162109375,0.0
2941,119.99999999999527,0.04999999999999716,184.73589019775392,-286.331298828125,724.2567138671875,0.0
2942,120.04999999999526,0.04999999999999716,185.1078598022461,-285.21307373046875,725.9149169921875,0.0
2943,120.09999999999526,0.04999999999999716,185.48806915283203,-284.0882568359375,727.568603515625,0.0
2944,120.14999999999526,0.04999999999999716,185.87518615722658,-282.956787109375,729.2178344726562,0.0
2945,120.19999999999526,0.04999999999999716,186.26925201416017,-281.8187561035156,730.8624877929688,0.0
2946,120.19999999999526,0.04999999999999716,186.26925201416017,-280.6741638183594,732.5025634765625,0.0
2947,120.24999999999525,0.04999999999999716,186.66930541992187,-279.52301025390625,734.1380615234375,0.0
2948,120.29999999999525,0.04999999999999716,187.07445373535157,-278.3653259277344,735.7689208984375,0.0
2949,120.34999999999525,0.04999999999999716,187.48365325927736,-277.20111083984375,737.3951416015625,0.0
2950,120.34999999999525,0.04999999999999716,187.48365325927736,-276.0304260253906,739.0167236328125,0.0
2951,120.44999999999524,0.09999999999999432,188.30953674316407,-274.8532409667969,740.633544921875,0.0
2952,120.44999999999524,0.09999999999999432,188.30953674316407,-273.66961669921875,742.2457275390625,0.0
2953,120.49999999999524,0.04999999999999716,188.7250534057617,-272.47955322265625,743.8531494140625,0.0
2954,120.54999999999524,0.04999999999999716,189.14122924804687,-271.2830505371094,745.4557495117188,0.0
2955,120.59999999999523,0.04999999999999716,189.5567184448242,-270.0801696777344,747.0535888671875,0.0
2956,120.59999999999523,0.04999999999999716,189.5567184448242,-268.8708801269531,748.6466064453125,0.0
2957,120.64999999999523,0.04999999999999716,189.9715759277344,-267.6552429199219,750.2347412109375,0.0
2958,120.69999999999523,0.04999999999999716,190.38515625,-266.4332580566406,751.8179931640625,0.0
2959,120.74999999999523,0.04999999999999716,190.7969924926758,-265.2049560546875,753.3963623046875,0.0
2960,120.74999999999523,0.04999999999999716,190.7969924926758,-263.9703674316406,754.9698486328125,0.0
2961,120.79999999999522,0.04999999999999716,191.20588989257814,-262.7294616699219,756.538330078125,0.0
2962,120.84999999999522,0.04999999999999716,191.61221923828126,-261.48297119140625,758.1024169921875,0.0
2963,120.89999999999522,0.04999999999999716,192.01565093994142,-260.2355041503906,759.6657104492188,0.0
2964,120.89999999999522,0.04999999999999716,192.01565093994142,-258.9880676269531,761.2289428710938,0.0
2965,120.94999999999521,0.04999999999999716,192.4159378051758,-257.7406005859375,762.792236328125,0.0
2966,120.99999999999521,0.04999999999999716,192.81176147460937,-256.4931640625,764.3555297851562,0.0
2967,121.04999999999521,0.04999999999999716,193.20397338867187,-255.24571228027344,765.9188232421875,0.0
2968,121.0999999999952,0.04999999999999716,193.5923812866211,-253.99826049804688,767.4821166992188,0.0
2969,121.0999999999952,0.04999999999999716,193.5923812866211,-252.7508087158203,769.04541015625,0.0
2970,121.1499999999952,0.04999999999999716,193.97563934326172,-251.49908447265625,770.605224609375,0.0
2971,121.1999999999952,0.04999999999999716,194.35484619140627,-250.23558044433594,772.1555786132812,0.0
2972,121.1999999999952,0.04999999999999716,194.35484619140627,-248.960205078125,773.6961669921875,0.0
2973,121.2499999999952,0.04999999999999716,194.7298095703125,-247.67303466796875,775.2269287109375,0.0
2974,121.2999999999952,0.04999999999999716,195.10055694580078,-246.37416076660156,776.7477416992188,0.0
2975,121.34999999999519,0.04999999999999716,195.4658386230469,-245.0636444091797,778.258544921875,0.0
2976,121.34999999999519,0.04999999999999716,195.4658386230469,-243.74156188964844,779.7592163085938,0.0
2977,121.39999999999519,0.04999999999999716,195.82708282470705,-242.40798950195312,781.249755859375,0.0
2978,121.44999999999519,0.04999999999999716,196.18426208496095,-241.06301879882812,782.7299194335938,0.0
2979,121.49999999999518,0.04999999999999716,196.53601684570313,-239.70672607421875,784.1997680664062,0.0
2980,121.49999999999518,0.04999999999999716,196.53601684570313,-238.3391876220703,785.6591796875,0.0
2981,121.54999999999518,0.04999999999999716,196.8839126586914,-236.96047973632812,787.1080322265625,0.0
2982,121.59999999999518,0.04999999999999716,197.22799072265624,-235.57069396972656,788.5462036132812,0.0
2983,121.59999999999518,0.04999999999999716,197.22799072265624,-234.16989135742188,789.9737548828125,0.0
2984,121.64999999999517,0.04999999999999716,197.56669921875002,-232.75819396972656,791.3904418945312,0.0
2985,121.64999999999517,0.04999999999999716,197.56669921875002,-231.33563232421875,792.7962646484375,0.0
2986,121.69999999999517,0.04999999999999716,197.90176849365236,-229.90234375,794.1911010742188,0.0
2987,121.74999999999517,0.04999999999999716,198.23315734863283,-228.4583740234375,795.574951171875,0.0
2988,121.74999999999517,0.04999999999999716,198.23315734863283,-227.00381469726562,796.9476318359375,0.0
2989,121.79999999999517,0.04999999999999716,198.55914916992188,-225.5387725830078,798.30908203125,0.0
2990,121.84999999999516,0.04999999999999716,198.88154296875,-224.0633087158203,799.6593017578125,0.0
2991,121.89999999999516,0.04999999999999716,199.2003387451172,-222.57752990722656,800.9981079101562,0.0
2992,121.89999999999516,0.04999999999999716,199.2003387451172,-221.08151245117188,802.325439453125,0.0
2993,121.94999999999516,0.04999999999999716,199.5154541015625,-219.57534790039062,803.6412963867188,0.0
2994,121.99999999999515,0.04999999999999716,199.8251174926758,-218.05911254882812,804.945556640625,0.0
2995,121.99999999999515,0.04999999999999716,199.8251174926758,-216.53292846679688,806.2380981445312,0.0
2996,122.04999999999515,0.04999999999999716,200.13127899169922,-214.99685668945312,807.5189208984375,0.0
2997,122.09999999999515,0.04999999999999716,200.42244415283204,-213.45098876953125,808.787841796875,0.0
2998,122.09999999999515,0.04999999999999716,200.42244415283204,-211.8954315185547,810.044921875,0.0
2999,122.14999999999515,0.04999999999999716,200.7077865600586,-210.33026123046875,811.2900390625,0.0
3000,122.19999999999514,0.04999999999999716,200.98721008300782,-208.75558471679688,812.5230712890625,0.0
3001,122.24999999999514,0.04999999999999716,201.25967102050782,-207.17147827148438,813.7439575195312,0.0
3002,122.24999999999514,0.04999999999999716,201.25967102050782,-205.5780487060547,814.95263671875,0.0
3003,122.29999999999514,0.04999999999999716,201.52321929931642,-203.9753875732422,816.1490478515625,0.0
3004,122.34999999999513,0.04999999999999716,201.77896728515626,-202.3635711669922,817.3331909179688,0.0
3005,122.34999999999513,0.04999999999999716,201.77896728515626,-200.7427215576172,818.5048828125,0.0
3006,122.39999999999513,0.04999999999999716,202.02706604003907,-199.11293029785156,819.6640625,0.0
3007,122.44999999999513,0.04999999999999716,202.26634826660157,-197.4742889404297,820.8106689453125,0.0
3008,122.44999999999513,0.04999999999999716,202.26634826660157,-195.82687377929688,821.9447021484375,0.0
3009,122.49999999999513,0.04999999999999716,202.49905242919922,-194.17440795898438,823.0714111328125,0.0
3010,122.54999999999512,0.04999999999999716,202.72361297607424,-192.52188110351562,824.197998046875,0.0
3011,122.59999999999512,0.04999999999999716,202.94412231445312,-190.86936950683594,825.3245239257812,0.0
3012,122.59999999999512,0.04999999999999716,202.94412231445312,-189.2168426513672,826.4511108398438,0.0
3013,122.69999999999511,0.09999999999999432,203.37496490478517,-187.5643310546875,827.5776977539062,0.0
3014,122.69999999999511,0.09999999999999432,203.37496490478517,-185.91180419921875,828.7042846679688,0.0
3015,122.74999999999511,0.04999999999999716,203.58592987060547,-184.25848388671875,829.8297119140625,0.0
3016,122.79999999999511,0.04999999999999716,203.79690856933595,-182.59414672851562,830.938720703125,0.0
3017,122.79999999999511,0.04999999999999716,203.79690856933595,-180.91592407226562,832.026611328125,0.0
3018,122.8499999999951,0.04999999999999716,204.00901336669924,-179.22402954101562,833.0931396484375,0.0
3019,122.8999999999951,0.04999999999999716,204.22140655517578,-177.51876831054688,834.1381225585938,0.0
3020,122.8999999999951,0.04999999999999716,204.22140655517578,-175.80039978027344,835.1614379882812,0.0
3021,122.9499999999951,0.04999999999999716,204.43690338134766,-174.0692138671875,836.1629028320312,0.0
3022,122.9499999999951,0.04999999999999716,204.43690338134766,-172.32546997070312,837.142333984375,0.0
3023,122.9999999999951,0.04999999999999716,204.65625915527343,-170.5694580078125,838.099609375,0.0
3024,123.0499999999951,0.04999999999999716,204.87838897705078,-168.80148315429688,839.0346069335938,0.0
3025,123.0499999999951,0.04999999999999716,204.87838897705078,-167.02178955078125,839.9470825195312,0.0
3026,123.09999999999509,0.04999999999999716,205.1054901123047,-165.23068237304688,840.8369750976562,0.0
3027,123.14999999999509,0.04999999999999716,205.33639526367188,-163.42843627929688,841.7041015625,0.0
3028,123.14999999999509,0.04999999999999716,205.33639526367188,-161.6153564453125,842.5482788085938,0.0
3029,123.19999999999509,0.04999999999999716,205.57279357910156,-159.79171752929688,843.3694458007812,0.0
3030,123.24999999999508,0.04999999999999716,205.81465759277344,-157.9578399658203,844.16748046875,0.0
3031,123.24999999999508,0.04999999999999716,205.81465759277344,-156.11399841308594,844.9421997070312,0.0
3032,123.34999999999508,0.09999999999999432,206.3123794555664,-154.36795043945312,846.057373046875,-0.7423192906426266
3033,123.39999999999507,0.04999999999999716,206.56929473876954,-152.55679321289062,846.9325561523438,-0.7423192143905908
3034,123.39999999999507,0.04999999999999716,206.56929473876954,-150.7034454345703,847.7677001953125,-0.7423105550697073
3035,123.39999999999507,0.04999999999999716,206.56929473876954,-148.8768310546875,848.5831909179688,-0.7423179936595261
3036,123.44999999999507,0.04999999999999716,206.83048095703126,-147.03807067871094,849.3896484375,-0.7423135685967281
3037,123.49999999999507,0.04999999999999716,207.0968032836914,-145.18508911132812,850.1881103515625,-0.742318146280013
3038,123.54999999999507,0.04999999999999716,207.36806945800782,-143.33547973632812,850.983154296875,-0.7423159718746319
3039,123.54999999999507,0.04999999999999716,207.36806945800782,-141.43858337402344,851.7215576171875,-0.7423157811863348
3040,123.59999999999506,0.04999999999999716,207.64356536865236,-139.54708862304688,852.4189453125,-0.7423103642649949
3041,123.59999999999506,0.04999999999999716,207.64356536865236,-137.62425231933594,853.1213989257812,-0.742317802971229
3042,123.64999999999506,0.04999999999999716,207.92396392822266,-135.679443359375,853.7489624023438,-0.7423150563845411
3043,123.69999999999506,0.04999999999999716,208.2091827392578,-133.767578125,854.356201171875,-0.742315819254145
3044,123.69999999999506,0.04999999999999716,208.2091827392578,-131.83816528320312,854.968505859375,-0.7423190617701039
3045,123.74999999999505,0.04999999999999716,208.49876861572267,-129.7726287841797,855.6014404296875,-0.7423067403724417
3046,123.79999999999505,0.04999999999999716,208.79322967529296,-127.6743392944336,856.1951293945312,-0.7423175740987062
3047,123.84999999999505,0.04999999999999716,209.09231872558595,-125.72252655029297,856.756103515625,-0.7423189092660323
3048,123.84999999999505,0.04999999999999716,209.09231872558595,-123.79461669921875,857.3106079101562,-0.7423189855180681
3049,123.89999999999505,0.04999999999999716,209.39642028808595,-121.84640502929688,857.8703002929688,-0.7423187184613198
3050,123.94999999999504,0.04999999999999716,209.7055618286133,-119.86144256591797,858.4368286132812,-0.7423176121665165
3051,123.94999999999504,0.04999999999999716,209.7055618286133,-117.91573333740234,858.9888305664062,-0.7423183369683102
3052,123.99999999999504,0.04999999999999716,210.01968841552736,-115.96150207519531,859.5438232421875,-0.7423184514045715
3053,124.04999999999504,0.04999999999999716,210.33904724121095,-113.98946380615234,860.1044311523438,-0.7423180318437517
3054,124.04999999999504,0.04999999999999716,210.33904724121095,-112.03289031982422,860.659423828125,-0.7423180318437517
3055,124.09999999999503,0.04999999999999716,210.663720703125,-110.06941223144531,861.21630859375,-0.7423178410390392
3056,124.14999999999503,0.04999999999999716,210.99364013671877,-108.09536743164062,861.7774047851562,-0.7423177647870034
3057,124.19999999999503,0.04999999999999716,211.32886047363283,-106.0878677368164,862.3458251953125,-0.7423171544214711
3058,124.19999999999503,0.04999999999999716,211.32886047363283,-104.08751678466797,862.8329467773438,-0.7423136067809537
3059,124.24999999999503,0.04999999999999716,211.66927185058594,-102.11485290527344,863.329833984375,-0.7423172688577324
3060,124.29999999999502,0.04999999999999716,212.01481933593752,-100.10910034179688,863.835693359375,-0.7423175740987062
3061,124.29999999999502,0.04999999999999716,212.01481933593752,-98.1087875366211,864.339111328125,-0.7423175740987062
3062,124.34999999999502,0.04999999999999716,212.36528320312502,-96.12859344482422,864.83740234375,-0.7423174977302551
3063,124.39999999999502,0.04999999999999716,212.72044372558594,-94.10589599609375,865.25390625,-0.742308952845633
3064,124.39999999999502,0.04999999999999716,212.72044372558594,-92.1097412109375,865.667236328125,-0.742316811112687
3065,124.44999999999501,0.04999999999999716,213.07994384765627,-90.1331787109375,866.0759887695312,-0.7423177266027778
3066,124.49999999999501,0.04999999999999716,213.44339904785156,-88.09532165527344,866.4987182617188,-0.7423176885349676
3067,124.54999999999501,0.04999999999999716,213.81043853759766,-86.10646057128906,866.9581298828125,-0.7423080754233524
3068,124.54999999999501,0.04999999999999716,213.81043853759766,-84.1097412109375,867.43359375,-0.7423166204243898
3069,124.599999999995,0.04999999999999716,214.18056793212892,-82.13143157958984,867.9024047851562,-0.7423173452261835
3070,124.649999999995,0.04999999999999716,214.5532241821289,-80.10454559326172,868.3023071289062,-0.7423136830329895
3071,124.649999999995,0.04999999999999716,214.5532241821289,-78.0959701538086,868.7196044921875,-0.7423147893277928
3072,124.749999999995,0.09999999999999432,215.30445556640626,-76.13871765136719,869.1990356445312,-0.7423147893277928
3073,124.749999999995,0.09999999999999432,215.30445556640626,-74.13933563232422,869.6703491210938,-0.7423178410390392
3074,124.749999999995,0.09999999999999432,215.30445556640626,-72.14686584472656,870.1027221679688,-0.7423162771156058
3075,124.799999999995,0.04999999999999716,215.6820831298828,-70.16342163085938,870.5419311523438,-0.7423180318437517
3076,124.84999999999499,0.04999999999999716,216.06036987304688,-68.16283416748047,870.9840698242188,-0.7423182607162744
3077,124.89999999999499,0.04999999999999716,216.43902740478515,-66.17866516113281,871.4223022460938,-0.7423179936595261
3078,124.94999999999499,0.04999999999999716,216.81768493652345,-64.20767211914062,871.8572998046875,-0.7423177647870034
3079,124.94999999999499,0.04999999999999716,216.81768493652345,-62.19183349609375,872.3031005859375,-0.742317650350742
3080,124.99999999999498,0.04999999999999716,217.19597167968752,-60.19862747192383,872.7432861328125,-0.7423175359144807
3081,125.04999999999498,0.04999999999999716,217.5737503051758,-58.2325553894043,873.1782836914062,-0.7423173832939938
3082,125.04999999999498,0.04999999999999716,217.5737503051758,-56.2407112121582,873.618408203125,-0.7423173452261835
3083,125.09999999999498,0.04999999999999716,217.95065002441407,-54.22637939453125,874.0639038085938,-0.7423172307899222
3084,125.14999999999498,0.04999999999999716,218.32660217285158,-52.24134063720703,874.5026245117188,-0.7423171544214711
3085,125.14999999999498,0.04999999999999716,218.32660217285158,-50.24821853637695,874.9442138671875,-0.7423170399852097
3086,125.19999999999497,0.04999999999999716,218.70130462646486,-48.21564865112305,875.392822265625,-0.7423169637331739
3087,125.24999999999497,0.04999999999999716,219.07479858398438,-46.21809387207031,875.8348388671875,-0.7423168492969126
3088,125.24999999999497,0.04999999999999716,219.07479858398438,-44.22169876098633,876.2759399414062,-0.7423167729284614
3089,125.29999999999497,0.04999999999999716,219.4469741821289,-42.18745040893555,876.7252807617188,-0.7423166966764256
3090,125.34999999999496,0.04999999999999716,219.81765289306642,-40.175777435302734,877.169677734375,-0.7423166204243898
3091,125.34999999999496,0.04999999999999716,219.81765289306642,-38.16870880126953,877.6128540039062,-0.7423165059881285
3092,125.39999999999496,0.04999999999999716,220.1868896484375,-36.15973663330078,878.0563354492188,-0.7423164296196774
3093,125.44999999999496,0.04999999999999716,220.5544647216797,-34.128963470458984,878.5047607421875,-0.7423163533676416
3094,125.44999999999496,0.04999999999999716,220.5544647216797,-32.10663604736328,878.952880859375,-0.7423162771156058
3095,125.49999999999496,0.04999999999999716,220.920556640625,-30.08648681640625,879.3995971679688,-0.7423162389313802
3096,125.54999999999495,0.04999999999999716,221.2849319458008,-28.04209327697754,879.8510131835938,-0.7423161626793444
3097,125.59999999999495,0.04999999999999716,221.64779663085938,-25.999967575073242,880.3024291992188,-0.7423161244951189
3098,125.59999999999495,0.04999999999999716,221.64779663085938,-23.959491729736328,880.7537841796875,-0.7423160863108933
3099,125.64999999999495,0.04999999999999716,222.00913696289064,-21.892118453979492,881.1619873046875,-0.7423063206952065
3100,125.64999999999495,0.04999999999999716,222.00913696289064,-19.84028434753418,881.5512084960938,-0.7423151708208025
3101,125.69999999999494,0.04999999999999716,222.36873321533204,-17.792442321777344,881.9407348632812,-0.742316315183416
3102,125.74999999999494,0.04999999999999716,222.72686004638672,-15.7233247756958,882.3345336914062,-0.7423163915518671
3103,125.79999999999494,0.04999999999999716,223.0833526611328,-13.661931037902832,882.727294921875,-0.742316315183416
3104,125.79999999999494,0.04999999999999716,223.0833526611328,-11.620858192443848,883.1163940429688,-0.7423162771156058
3105,125.84999999999494,0.04999999999999716,223.4384719848633,-9.57780933380127,883.5059204101562,-0.7423162007471547
3106,125.89999999999493,0.04999999999999716,223.7920394897461,-7.529439926147461,883.8958129882812,-0.7423161626793444
3107,125.89999999999493,0.04999999999999716,223.7920394897461,-5.476761341094971,884.2868041992188,-0.7423161244951189
3108,125.94999999999493,0.04999999999999716,224.14437103271484,-3.431509017944336,884.6767578125,-0.7423160482430831
3109,125.94999999999493,0.04999999999999716,224.14437103271484,-1.378775715827942,884.9990234375,-0.7423099827719852
3110,125.99999999999493,0.04999999999999716,224.4952606201172,0.6551559567451477,885.3225708007812,-0.7423157048178837
3111,126.04999999999492,0.04999999999999716,224.84510650634766,2.6909375190734863,885.646484375,-0.7423164296196774
3112,126.04999999999492,0.04999999999999716,224.84510650634766,4.768572807312012,885.9769287109375,-0.7423163915518671
3113,126.09999999999492,0.04999999999999716,225.19373016357423,6.819311141967773,886.3031616210938,-0.7423163915518671
3114,126.14999999999492,0.04999999999999716,225.54144744873048,8.851128578186035,886.6261596679688,-0.742316315183416
3115,126.14999999999492,0.04999999999999716,225.54144744873048,10.952326774597168,886.9524536132812,-0.742315819254145
3116,126.19999999999492,0.04999999999999716,225.88824462890625,13.005718231201172,887.271728515625,-0.7423162007471547
3117,126.19999999999492,0.04999999999999716,225.88824462890625,15.052348136901855,887.508544921875,-0.7423058247659355
3118,126.24999999999491,0.04999999999999716,226.2343963623047,17.09379768371582,887.7367553710938,-0.7423153996933252
3119,126.24999999999491,0.04999999999999716,226.2343963623047,19.140380859375,887.9671630859375,-0.7423166584922001
3120,126.29999999999491,0.04999999999999716,226.57994384765627,21.152267456054688,888.193603515625,-0.7423167729284614
3121,126.3499999999949,0.04999999999999716,226.92513427734374,23.175113677978516,888.4609375,-0.7423059011343867
3122,126.3999999999949,0.04999999999999716,227.26995391845705,25.21249771118164,888.751220703125,-0.7423153615090996
3123,126.4499999999949,0.04999999999999716,227.61467742919922,27.22637367248535,889.0358276367188,-0.7423168492969126
3124,126.4499999999949,0.04999999999999716,227.61467742919922,29.2480411529541,889.3212890625,-0.7423169637331739
3125,126.4999999999949,0.04999999999999716,227.9593734741211,31.306772232055664,889.6118774414062,-0.7423168873647228
3126,126.5499999999949,0.04999999999999716,228.30419311523437,33.31977081298828,889.8853149414062,-0.7423121953615919
3127,126.5499999999949,0.04999999999999716,228.30419311523437,35.34669494628906,890.1417236328125,-0.7423159718746319
3128,126.59999999999489,0.04999999999999716,228.64917755126953,37.383201599121094,890.4027709960938,-0.7423167729284614
3129,126.59999999999489,0.04999999999999716,228.64917755126953,39.406494140625,890.631103515625,-0.7423145604552701
3130,126.64999999999489,0.04999999999999716,228.99445037841798,41.43008804321289,890.8630981445312,-0.7423166584922001
3131,126.64999999999489,0.04999999999999716,228.99445037841798,43.449344635009766,891.0764770507812,-0.7423128057271242
3132,126.69999999999489,0.04999999999999716,229.34005279541017,45.5091552734375,891.288330078125,-0.7423162389313802
3133,126.74999999999488,0.04999999999999716,229.6860122680664,47.542938232421875,891.4973754882812,-0.7423167729284614
3134,126.74999999999488,0.04999999999999716,229.6860122680664,49.56647491455078,891.7055053710938,-0.742316811112687
3135,126.79999999999488,0.04999999999999716,230.0323013305664,51.62203598022461,891.9166259765625,-0.7423167348606512
3136,126.79999999999488,0.04999999999999716,230.0323013305664,53.65696334838867,892.1266479492188,-0.7423166584922001
3137,126.84999999999488,0.04999999999999716,230.37893371582032,55.68870162963867,892.334716796875,-0.7423165822401643
3138,126.89999999999488,0.04999999999999716,230.7258270263672,57.75621032714844,892.5472412109375,-0.7423165059881285
3139,126.89999999999488,0.04999999999999716,230.7258270263672,59.80052185058594,892.7576904296875,-0.7423164296196774
3140,126.94999999999487,0.04999999999999716,231.07288513183593,61.83844757080078,892.966796875,-0.7423163533676416
3141,126.99999999999487,0.04999999999999716,231.42008056640626,63.88750457763672,893.17724609375,-0.742316315183416
3142,127.04999999999487,0.04999999999999716,231.76727600097658,66.03363800048828,893.397216796875,-0.7423160100588575
3143,127.04999999999487,0.04999999999999716,231.76727600097658,68.09015655517578,893.5742797851562,-0.7423148275120184
3144,127.09999999999488,0.05000000000001137,232.11441650390626,70.14085388183594,893.7584838867188,-0.7423161626793444
3145,127.09999999999488,0.05000000000001137,232.11441650390626,72.21057891845703,893.9450073242188,-0.7423162389313802
3146,127.14999999999489,0.05000000000001137,232.46136474609375,74.23670196533203,894.1272583007812,-0.7423162007471547
3147,127.1999999999949,0.05000000000001137,232.8079559326172,76.30012512207031,894.3133544921875,-0.7423161626793444
3148,127.1999999999949,0.05000000000001137,232.8079559326172,78.36811065673828,894.498779296875,-0.7423161244951189
3149,127.24999999999491,0.05000000000001137,233.1542175292969,80.4090347290039,894.6820678710938,-0.7423160863108933
3150,127.24999999999491,0.05000000000001137,233.1542175292969,82.47021484375,894.8667602539062,-0.7423160100588575
3151,127.29999999999492,0.05000000000001137,233.49995727539064,84.5287857055664,895.0514526367188,-0.7423159718746319
3152,127.34999999999494,0.05000000000001137,233.84512023925782,86.59842681884766,895.2374877929688,-0.7423159336904064
3153,127.34999999999494,0.05000000000001137,233.84512023925782,88.65918731689453,895.422607421875,-0.7423158574383706
3154,127.39999999999495,0.05000000000001137,234.1895965576172,90.73540496826172,895.6096801757812,-0.742315819254145
3155,127.44999999999496,0.05000000000001137,234.53338623046875,92.8222427368164,895.7975463867188,-0.7423157811863348
3156,127.44999999999496,0.05000000000001137,234.53338623046875,94.88494110107422,895.9780883789062,-0.7423147511435673
3157,127.49999999999497,0.05000000000001137,234.87640686035158,96.94379425048828,896.1558227539062,-0.7423156667500734
3158,127.54999999999498,0.05000000000001137,235.21863098144533,99.0518569946289,896.3374633789062,-0.7423157811863348
3159,127.54999999999498,0.05000000000001137,235.21863098144533,101.16486358642578,896.5202026367188,-0.7423157811863348
3160,127.59999999999499,0.05000000000001137,235.56000366210938,103.25045013427734,896.7001953125,-0.7423157811863348
3161,127.59999999999499,0.05000000000001137,235.56000366210938,105.3270492553711,896.8787841796875,-0.7423157430021092
3162,127.649999999995,0.05000000000001137,235.90052490234376,107.39311981201172,897.0569458007812,-0.7423157048178837
3163,127.69999999999501,0.05000000000001137,236.24024963378906,109.43415069580078,897.2980346679688,-0.7423097538994625
3164,127.74999999999503,0.05000000000001137,236.5789581298828,111.48505401611328,897.5369873046875,-0.7423153234412894
3165,127.79999999999504,0.05000000000001137,236.91689758300782,113.56121826171875,897.7686767578125,-0.7423111272510141
3166,127.79999999999504,0.05000000000001137,236.91689758300782,115.57569122314453,897.9718627929688,-0.7423152470728382
3167,127.84999999999505,0.05000000000001137,237.2539306640625,117.64411163330078,898.1856079101562,-0.7423161244951189
3168,127.84999999999505,0.05000000000001137,237.2539306640625,119.71046447753906,898.3984375,-0.7423162007471547
3169,127.89999999999506,0.05000000000001137,237.5900848388672,121.75749969482422,898.60888671875,-0.7423162771156058
3170,127.94999999999507,0.05000000000001137,237.9253875732422,123.7805404663086,898.8175048828125,-0.7423162389313802
3171,127.94999999999507,0.05000000000001137,237.9253875732422,125.84166717529297,899.0296020507812,-0.7423161626793444
3172,127.99999999999508,0.05000000000001137,238.2598663330078,127.8831787109375,899.2391357421875,-0.7423161244951189
3173,128.0499999999951,0.05000000000001137,238.59346618652344,129.91355895996094,899.447265625,-0.7423160863108933
3174,128.0499999999951,0.05000000000001137,238.59346618652344,131.96983337402344,899.6586303710938,-0.7423160482430831
3175,128.0999999999951,0.05000000000001137,238.92626953125,134.02664184570312,899.8472290039062,-0.7423122716136277
3176,128.0999999999951,0.05000000000001137,238.92626953125,136.06422424316406,900.0293579101562,-0.7423155523138121
3177,128.0999999999951,0.05000000000001137,238.92626953125,138.10646057128906,900.2003173828125,-0.7423074651742354
3178,128.14999999999512,0.05000000000001137,239.25824890136718,140.15354919433594,900.3108520507812,-0.7423135305289179
3179,128.19999999999513,0.05000000000001137,239.5894317626953,142.194091796875,900.4359741210938,-0.7423161626793444
3180,128.19999999999513,0.05000000000001137,239.5894317626953,144.2500457763672,900.5611572265625,-0.7423164678039029
3181,128.24999999999514,0.05000000000001137,239.9198181152344,146.3067169189453,900.6873168945312,-0.7423162007471547
3182,128.29999999999515,0.05000000000001137,240.24938049316407,148.31723022460938,900.8815307617188,-0.7423126149224117
3183,128.34999999999516,0.05000000000001137,240.5781463623047,150.36607360839844,901.0647583007812,-0.7423162771156058
3184,128.34999999999516,0.05000000000001137,240.5781463623047,152.4544219970703,901.2508544921875,-0.7423166966764256
3185,128.39999999999517,0.05000000000001137,240.90619812011718,154.4845428466797,901.4322509765625,-0.7423166966764256
3186,128.44999999999519,0.05000000000001137,241.23345336914062,156.53749084472656,901.6155395507812,-0.7423166204243898
3187,128.44999999999519,0.05000000000001137,241.23345336914062,158.59957885742188,901.8002319335938,-0.7423165440559387
3188,128.4999999999952,0.05000000000001137,241.559912109375,160.70826721191406,901.988037109375,-0.7423164678039029
3189,128.4999999999952,0.05000000000001137,241.559912109375,162.77243041992188,902.1731567382812,-0.7423163915518671
3190,128.5499999999952,0.05000000000001137,241.88560180664064,164.83778381347656,902.357421875,-0.742316315183416
3191,128.59999999999522,0.05000000000001137,242.2105499267578,166.93478393554688,902.5439453125,-0.7423162389313802
3192,128.59999999999522,0.05000000000001137,242.2105499267578,168.99411010742188,902.7282104492188,-0.7423161626793444
3193,128.64999999999523,0.05000000000001137,242.53472900390625,171.06224060058594,902.912841796875,-0.7423161244951189
3194,128.64999999999523,0.05000000000001137,242.53472900390625,173.15652465820312,903.098876953125,-0.7423160482430831
3195,128.69999999999524,0.05000000000001137,242.85816650390626,175.2406005859375,903.2854614257812,-0.7423160100588575
3196,128.74999999999525,0.05000000000001137,243.18083496093752,177.31634521484375,903.4715576171875,-0.7423159718746319
3197,128.74999999999525,0.05000000000001137,243.18083496093752,179.3948974609375,903.6566772460938,-0.7423159336904064
3198,128.79999999999526,0.05000000000001137,243.5027618408203,181.45333862304688,903.8409423828125,-0.7423158956225961
3199,128.84999999999528,0.05000000000001137,243.8239471435547,183.51150512695312,904.024658203125,-0.7423158956225961
3200,128.84999999999528,0.05000000000001137,243.8239471435547,185.58314514160156,904.2107543945312,-0.7423158574383706
3201,128.8999999999953,0.05000000000001137,244.1443634033203,187.66824340820312,904.3971557617188,-0.742315819254145
3202,128.8999999999953,0.05000000000001137,244.1443634033203,189.7214813232422,904.5804443359375,-0.7423157811863348
3203,128.9499999999953,0.05000000000001137,244.4640655517578,191.79025268554688,904.765625,-0.7423157430021092
3204,128.9999999999953,0.05000000000001137,244.78299865722656,193.89498901367188,904.9530029296875,-0.7423157430021092
3205,128.9999999999953,0.05000000000001137,244.78299865722656,195.96109008789062,905.1376953125,-0.7423157048178837
3206,129.04999999999532,0.05000000000001137,245.10119018554687,198.01527404785156,905.320556640625,-0.7423156667500734
3207,129.04999999999532,0.05000000000001137,245.10119018554687,200.11485290527344,905.5079345703125,-0.7423156667500734
3208,129.09999999999533,0.05000000000001137,245.41864013671875,202.16903686523438,905.6912231445312,-0.7423156285658479
3209,129.14999999999534,0.05000000000001137,245.73532104492188,204.2289581298828,905.8754272460938,-0.7423156285658479
3210,129.14999999999534,0.05000000000001137,245.73532104492188,206.29896545410156,906.0601196289062,-0.7423155903816223
3211,129.19999999999536,0.05000000000001137,246.05126037597657,208.37692260742188,906.2457885742188,-0.7423155903816223
3212,129.19999999999536,0.05000000000001137,246.05126037597657,210.42477416992188,906.4281005859375,-0.7423155523138121
3213,129.24999999999537,0.05000000000001137,246.2679656982422,212.47146606445312,906.6109008789062,-0.7423155523138121
3214,129.24999999999537,0.05000000000001137,246.2679656982422,214.60096740722656,906.72412109375,-0.7423033070517704
3215,129.29999999999538,0.05000000000001137,245.97943725585938,216.66427612304688,906.814208984375,-0.7423145604552701
3216,129.29999999999538,0.05000000000001137,245.97943725585938,218.69488525390625,906.905029296875,-0.7423160100588575
3217,129.3499999999954,0.05000000000001137,244.93032531738282,220.74569702148438,906.9963989257812,-0.7423162007471547
3218,129.3499999999954,0.05000000000001137,244.93032531738282,222.7841796875,907.09912109375,-0.7423079609870911
3219,129.4499999999954,0.10000000000002274,241.08502807617188,224.8072052001953,907.3267211914062,-0.7423109746305272
3220,129.4499999999954,0.10000000000002274,241.08502807617188,226.85801696777344,907.53076171875,-0.7423159718746319
3221,129.49999999999542,0.05000000000001137,238.62834777832032,228.88645935058594,907.7318725585938,-0.7423167729284614
3222,129.54999999999544,0.05000000000001137,235.93384094238283,230.90478515625,907.9320068359375,-0.7423167729284614
3223,129.54999999999544,0.05000000000001137,235.93384094238283,232.9270782470703,908.1321411132812,-0.7423167729284614
3224,129.59999999999545,0.05000000000001137,233.05792236328125,234.9722442626953,908.334716796875,-0.7423166966764256
3225,129.64999999999546,0.05000000000001137,230.04253234863282,237.0029296875,908.5358276367188,-0.7423166204243898
3226,129.64999999999546,0.05000000000001137,230.04253234863282,239.03378295898438,908.7378540039062,-0.7423165440559387
3227,129.69999999999547,0.05000000000001137,226.91921539306642,241.09353637695312,908.9423217773438,-0.7423164678039029
3228,129.69999999999547,0.05000000000001137,226.91921539306642,243.1121826171875,909.1424560546875,-0.7423164296196774
3229,129.74999999999548,0.05000000000001137,223.71210021972658,245.1516571044922,909.344482421875,-0.7423163533676416
3230,129.74999999999548,0.05000000000001137,223.71210021972658,247.22909545898438,909.5241088867188,-0.7423025441821665
3231,129.7999999999955,0.05000000000001137,220.4398635864258,249.25840759277344,909.6548461914062,-0.7423141027102247
3232,129.7999999999955,0.05000000000001137,220.4398635864258,251.3125457763672,909.7962036132812,-0.7423162771156058
3233,129.8499999999955,0.05000000000001137,217.11713104248048,253.35560607910156,909.9359130859375,-0.7423165059881285
3234,129.89999999999552,0.05000000000001137,213.75545196533204,255.4447784423828,910.0792236328125,-0.7423165059881285
3235,129.94999999999553,0.05000000000001137,210.3674743652344,257.47869873046875,910.2188720703125,-0.7423164678039029
3236,129.94999999999553,0.05000000000001137,210.3674743652344,259.53973388671875,910.3604736328125,-0.7423164678039029
3237,129.99999999999554,0.05000000000001137,206.97278137207033,261.6141357421875,910.5031127929688,-0.7423163915518671
3238,130.04999999999555,0.05000000000001137,203.59114837646484,263.6501770019531,910.6432495117188,-0.742316315183416
3239,130.04999999999555,0.05000000000001137,203.59114837646484,265.69793701171875,910.7942504882812,-0.7423159336904064
3240,130.09999999999556,0.05000000000001137,200.3024871826172,267.78594970703125,910.9456787109375,-0.7423162389313802
3241,130.14999999999557,0.05000000000001137,197.29683380126954,269.8420104980469,911.140869140625,-0.7423065877519548
3242,130.19999999999558,0.05000000000001137,194.59827575683593,271.8592224121094,911.3466186523438,-0.7423151326365769
3243,130.2499999999956,0.05000000000001137,192.09884490966797,273.8828430175781,911.5508422851562,-0.7423163915518671
3244,130.2499999999956,0.05000000000001137,192.09884490966797,275.9330749511719,911.7582397460938,-0.7423165440559387
3245,130.2999999999956,0.05000000000001137,189.87061157226563,277.9701843261719,911.9645385742188,-0.7423164678039029
3246,130.34999999999562,0.05000000000001137,187.9809768676758,280.00048828125,912.1693725585938,-0.7423164678039029
3247,130.39999999999563,0.05000000000001137,186.41679840087892,282.0760803222656,912.3792114257812,-0.7423163915518671
3248,130.39999999999563,0.05000000000001137,186.41679840087892,284.1090087890625,912.5840454101562,-0.742316315183416
3249,130.44999999999564,0.05000000000001137,185.1465591430664,286.1311950683594,912.789794921875,-0.7423162771156058
3250,130.49999999999565,0.05000000000001137,184.09312133789064,288.1921081542969,912.9985961914062,-0.7423162007471547
3251,130.54999999999566,0.05000000000001137,183.1294418334961,290.2184143066406,913.204345703125,-0.7423161626793444
3252,130.59999999999567,0.05000000000001137,181.88890686035157,292.23944091796875,913.4135131835938,-0.7423136067809537
3253,130.64999999999569,0.05000000000001137,180.1367385864258,294.2854309082031,913.6978759765625,-0.7423130726674572
3254,130.64999999999569,0.05000000000001137,180.1367385864258,296.32049560546875,913.963623046875,-0.7423159336904064
3255,130.6999999999957,0.05000000000001137,177.94241180419922,298.34033203125,914.2282104492188,-0.7423160100588575
3256,130.7499999999957,0.05000000000001137,175.48309478759765,300.35986328125,914.5670776367188,-0.7423126531066373
3257,130.79999999999572,0.05000000000001137,172.81448822021486,302.39361572265625,914.893310546875,-0.7423163915518671
3258,130.84999999999573,0.05000000000001137,169.98126525878908,304.4005126953125,915.2149047851562,-0.7423167348606512
3259,130.89999999999574,0.05000000000001137,167.01661834716796,306.41229248046875,915.5369873046875,-0.7423167348606512
3260,130.89999999999574,0.05000000000001137,167.01661834716796,308.4471435546875,915.8638305664062,-0.7423166584922001
3261,130.94999999999575,0.05000000000001137,163.94425048828126,310.4346618652344,916.2388916015625,-0.7423097538994625
3262,130.99999999999577,0.05000000000001137,160.76578216552736,312.4259948730469,916.6160888671875,-0.7423159336904064
3263,131.04999999999578,0.05000000000001137,157.5052047729492,314.45330810546875,916.9998168945312,-0.7423167729284614
3264,131.0999999999958,0.05000000000001137,154.22957611083984,316.4488220214844,917.376708984375,-0.7423168873647228
3265,131.1499999999958,0.05000000000001137,150.91207580566407,318.43701171875,917.7531127929688,-0.7423168492969126
3266,131.1999999999958,0.05000000000001137,147.65068817138672,320.4090270996094,918.1710815429688,-0.7423077321145684
3267,131.24999999999582,0.05000000000001137,144.62240295410157,322.3974609375,918.60546875,-0.7423158574383706
3268,131.34999999999584,0.10000000000002274,139.39623413085937,324.38427734375,919.038330078125,-0.7423164296196774
3269,131.39999999999586,0.05000000000001137,137.1600357055664,326.32696533203125,919.53515625,-0.7423130345996469
3270,131.44999999999587,0.05000000000001137,135.15110321044924,328.265380859375,920.089599609375,-0.7423048330238089
3271,131.49999999999588,0.05000000000001137,133.3414489746094,330.2064514160156,920.68505859375,-0.7423124242341146
3272,131.5499999999959,0.05000000000001137,131.70662841796874,332.12152099609375,921.335205078125,-0.7423030781792477
3273,131.5999999999959,0.05000000000001137,130.24493865966798,334.0133972167969,922.1041259765625,-0.7423039937857538
3274,131.6499999999959,0.05000000000001137,128.9180648803711,335.8881530761719,923.1626586914062,-0.7422999502159655
3275,131.69999999999592,0.05000000000001137,127.81744079589843,337.70257568359375,924.3040161132812,-0.7423073125537485
3276,131.79999999999595,0.10000000000002274,125.90796203613282,339.39117431640625,925.3854370117188,-0.742309448774904
3277,131.84999999999596,0.05000000000001137,125.09325714111328,341.1343688964844,926.63232421875,-0.7423093343386427
3278,131.84999999999596,0.05000000000001137,125.09325714111328,342.74029541015625,928.0257568359375,-0.7423048330238089
3279,131.89999999999597,0.05000000000001137,124.36697845458984,344.21875,929.5775756835938,-0.7423113561235368
3280,131.999999999996,0.10000000000002274,123.23027801513672,345.6282653808594,931.1237182617188,-0.7423108601942658
3281,132.049999999996,0.05000000000001137,122.8268325805664,346.9608154296875,932.741943359375,-0.7422999502159655
3282,132.09999999999602,0.05000000000001137,122.5291030883789,348.2108154296875,934.452392578125,-0.7423052144004032
3283,132.14999999999603,0.05000000000001137,122.34075622558593,349.3708801269531,936.1747436523438,-0.7422987294849008
3284,132.19999999999604,0.05000000000001137,122.25988311767578,350.2872619628906,938.0270385742188,-0.7423114705597982
3285,132.24999999999605,0.05000000000001137,122.28428649902344,351.1484375,939.9030151367188,-0.7423100591404364
3286,132.29999999999606,0.05000000000001137,122.39736328125001,351.9280090332031,941.8198852539062,-0.7423054432729259
3287,132.39999999999608,0.10000000000002274,122.90760955810548,352.60736083984375,943.7799072265625,-0.7423082280438393
3288,132.4499999999961,0.05000000000001137,123.29936828613282,353.03924560546875,945.7901611328125,-0.7423109364463016
3289,132.4999999999961,0.05000000000001137,123.76598510742188,353.5901794433594,948.256591796875,0.0
3290,132.59999999999613,0.10000000000002274,124.85953674316407,353.8815612792969,950.2350463867188,0.0
3291,132.64999999999614,0.05000000000001137,125.47008819580078,354.2611389160156,952.1985473632812,0.0
3292,132.69999999999615,0.05000000000001137,126.09396057128906,354.7281494140625,954.14306640625,0.0
3293,132.79999999999617,0.10000000000002274,127.27341156005859,355.28167724609375,956.0647583007812,0.0
3294,132.8499999999962,0.05000000000001137,127.78906860351563,355.9206237792969,957.9597778320312,0.0
3295,132.8999999999962,0.05000000000001137,128.2412521362305,356.6436767578125,959.8243408203125,0.0
3296,132.9499999999962,0.05000000000001137,128.62470245361328,357.44940185546875,961.6546630859375,0.0
3297,132.99999999999622,0.05000000000001137,128.9473434448242,358.3362121582031,963.4471435546875,0.0
3298,132.99999999999622,0.05000000000001137,128.9473434448242,359.3022766113281,965.1981811523438,0.0
3299,133.04999999999623,0.05000000000001137,129.19898529052736,360.345703125,966.9041748046875,0.0
3300,133.09999999999624,0.05000000000001137,129.38013610839843,361.46441650390625,968.5618286132812,0.0
3301,133.14999999999625,0.05000000000001137,129.50132904052734,362.6561279296875,970.1678466796875,0.0
3302,133.19999999999627,0.05000000000001137,129.56936187744142,363.91851806640625,971.7188720703125,0.0
3303,133.2999999999963,0.10000000000002274,129.57751922607423,365.2489929199219,973.2119140625,0.0
3304,133.3499999999963,0.05000000000001137,129.53564758300783,366.6449279785156,974.6439208984375,0.0
3305,133.3999999999963,0.05000000000001137,129.4742614746094,368.103515625,976.0120849609375,0.0
3306,133.44999999999632,0.05000000000001137,129.40201263427736,369.621826171875,977.3136596679688,0.0
3307,133.49999999999633,0.05000000000001137,129.3274154663086,371.19683837890625,978.5459594726562,0.0
3308,133.54999999999634,0.05000000000001137,129.2576110839844,372.8254089355469,979.7066040039062,0.0
3309,133.59999999999636,0.05000000000001137,129.202734375,374.5042724609375,980.7932739257812,0.0
3310,133.69999999999638,0.10000000000002274,129.17003631591797,376.23004150390625,981.8037109375,0.0
3311,133.7499999999964,0.05000000000001137,129.2099578857422,377.9992980957031,982.7359619140625,0.0
3312,133.7999999999964,0.05000000000001137,129.29429168701174,379.8084716796875,983.5881958007812,0.0
3313,133.8499999999964,0.05000000000001137,129.4275146484375,381.6539306640625,984.3585815429688,0.0
3314,133.94999999999644,0.10000000000002274,129.8468490600586,383.52581787109375,985.0628051757812,0.0
3315,133.99999999999645,0.05000000000001137,130.13307037353516,385.3998107910156,985.7615356445312,0.0
3316,134.04999999999646,0.05000000000001137,130.45844421386718,387.2738037109375,986.460205078125,0.0
3317,134.09999999999647,0.05000000000001137,130.8337371826172,389.1477966308594,987.1588745117188,0.0
3318,134.14999999999648,0.05000000000001137,131.2510940551758,391.02178955078125,987.8576049804688,0.0
3319,134.1999999999965,0.05000000000001137,131.7042251586914,392.8957824707031,988.5562744140625,0.0
3320,134.2499999999965,0.05000000000001137,132.18689575195313,394.769775390625,989.2549438476562,0.0
3321,134.29999999999652,0.05000000000001137,132.69313201904296,396.6437683105469,989.9536743164062,0.0
3322,134.34999999999653,0.05000000000001137,133.21756439208986,398.5177307128906,990.65234375,0.0
3323,134.44999999999655,0.10000000000002274,134.3028350830078,400.3917236328125,991.3510131835938,0.0
3324,134.49999999999656,0.05000000000001137,134.85666961669924,402.2657165527344,992.0497436523438,0.0
3325,134.54999999999657,0.05000000000001137,135.41441802978517,404.13970947265625,992.7484130859375,0.0
3326,134.59999999999658,0.05000000000001137,135.97421264648438,406.0137023925781,993.4470825195312,0.0
3327,134.6499999999966,0.05000000000001137,136.53473510742188,407.8876953125,994.145751953125,0.0
3328,134.6999999999966,0.05000000000001137,137.09502410888672,409.7616882324219,994.844482421875,0.0
3329,134.74999999999662,0.05000000000001137,137.65413208007814,411.63568115234375,995.5431518554688,0.0
3330,134.79999999999663,0.05000000000001137,138.21216888427736,413.5096435546875,996.2418212890625,0.0
3331,134.84999999999664,0.05000000000001137,138.76870880126953,415.3836364746094,996.9405517578125,0.0
3332,134.89999999999665,0.05000000000001137,139.32364196777345,417.25762939453125,997.6392211914062,0.0
3333,134.94999999999666,0.05000000000001137,139.87691345214844,419.13214111328125,998.3365478515625,0.0
3334,134.99999999999667,0.05000000000001137,140.42853698730468,421.00885009765625,999.0278930664062,0.0
3335,135.0499999999967,0.05000000000001137,140.97858123779298,422.8858642578125,999.7183837890625,0.0
3336,135.0999999999967,0.05000000000001137,141.527018737793,424.7629089355469,1000.4088134765625,0.0
3337,135.1499999999967,0.05000000000001137,142.0738494873047,426.63995361328125,1001.0993041992188,0.0
3338,135.19999999999672,0.05000000000001137,142.6191146850586,428.5169677734375,1001.789794921875,0.0
3339,135.24999999999673,0.05000000000001137,143.1628143310547,430.3940124511719,1002.480224609375,0.0
3340,135.29999999999674,0.05000000000001137,143.7049346923828,432.27105712890625,1003.1707153320312,0.0
3341,135.34999999999675,0.05000000000001137,144.24547576904297,434.1480712890625,1003.8611450195312,0.0
3342,135.39999999999677,0.05000000000001137,144.78447875976562,436.0251159667969,1004.5516357421875,0.0
3343,135.44999999999678,0.05000000000001137,145.3219436645508,437.90216064453125,1005.2420654296875,0.0
3344,135.4999999999968,0.05000000000001137,145.8578842163086,439.7791748046875,1005.9325561523438,0.0
3345,135.5499999999968,0.05000000000001137,146.39238281250002,441.6562194824219,1006.6229858398438,0.0
3346,135.5999999999968,0.05000000000001137,146.925439453125,443.53326416015625,1007.3134765625,0.0
3347,135.64999999999682,0.05000000000001137,147.4571090698242,445.4102783203125,1008.0039672851562,0.0
3348,135.69999999999683,0.05000000000001137,147.98746032714845,447.2873229980469,1008.6943969726562,0.0
3349,135.74999999999685,0.05000000000001137,148.51654815673828,449.16436767578125,1009.3848876953125,0.0
3350,135.74999999999685,0.05000000000001137,148.51654815673828,451.0413818359375,1010.0753173828125,0.0
3351,135.79999999999686,0.05000000000001137,149.04441375732424,452.9184265136719,1010.7658081054688,0.0
3352,135.84999999999687,0.05000000000001137,149.57108459472656,454.79547119140625,1011.4562377929688,0.0
3353,135.89999999999688,0.05000000000001137,150.09664306640624,456.6724853515625,1012.146728515625,0.0
3354,135.9499999999969,0.05000000000001137,150.62110290527343,458.5495300292969,1012.837158203125,0.0
3355,135.9999999999969,0.05000000000001137,151.14447784423828,460.42657470703125,1013.5276489257812,0.0
3356,136.0499999999969,0.05000000000001137,151.66678161621095,462.3035888671875,1014.2181396484375,0.0
3357,136.09999999999692,0.05000000000001137,152.18804168701172,464.1806335449219,1014.9085693359375,0.0
3358,136.14999999999694,0.05000000000001137,152.70824432373047,466.05767822265625,1015.5990600585938,0.0
3359,136.19999999999695,0.05000000000001137,153.2274169921875,467.9347229003906,1016.2894897460938,0.0
3360,136.24999999999696,0.05000000000001137,153.74551849365236,469.8117370605469,1016.97998046875,0.0
3361,136.29999999999697,0.05000000000001137,154.26257629394533,471.68878173828125,1017.67041015625,0.0
3362,136.34999999999698,0.05000000000001137,154.77854919433594,473.5658264160156,1018.3609008789062,0.0
3363,136.399999999997,0.05000000000001137,155.29346466064453,475.4428405761719,1019.0513916015625,0.0
3364,136.449999999997,0.05000000000001137,155.8073226928711,477.31988525390625,1019.7418212890625,0.0
3365,136.49999999999702,0.05000000000001137,156.3201095581055,479.1969299316406,1020.432373046875,0.0
3366,136.54999999999703,0.05000000000001137,156.83182525634766,481.0739440917969,1021.122802734375,0.0
3367,136.59999999999704,0.05000000000001137,157.34251098632814,482.95098876953125,1021.813232421875,0.0
3368,136.59999999999704,0.05000000000001137,157.34251098632814,484.8280334472656,1022.503662109375,0.0
3369,136.64999999999705,0.05000000000001137,157.8520980834961,486.7050476074219,1023.1942138671875,0.0
3370,136.69999999999706,0.05000000000001137,158.36058654785157,488.58209228515625,1023.8846435546875,0.0
3371,136.74999999999707,0.05000000000001137,158.8680862426758,490.4591369628906,1024.5750732421875,0.0
3372,136.79999999999708,0.05000000000001137,159.37447357177734,492.3361511230469,1025.2655029296875,0.0
3373,136.8499999999971,0.05000000000001137,159.87983093261718,494.21319580078125,1025.9560546875,0.0
3374,136.8999999999971,0.05000000000001137,160.38410339355468,496.0902404785156,1026.646484375,0.0
3375,136.94999999999712,0.05000000000001137,160.88735961914062,497.96728515625,1027.3369140625,0.0
3376,136.99999999999713,0.05000000000001137,161.3895446777344,499.84429931640625,1028.02734375,0.0
3377,137.04999999999714,0.05000000000001137,161.89071350097657,501.7213439941406,1028.7178955078125,0.0
3378,137.09999999999715,0.05000000000001137,162.39078369140626,503.598388671875,1029.4083251953125,0.0
3379,137.14999999999716,0.05000000000001137,162.88983764648438,505.47540283203125,1030.0987548828125,0.0
3380,137.14999999999716,0.05000000000001137,162.88983764648438,507.3524475097656,1030.789306640625,0.0
3381,137.19999999999717,0.05000000000001137,163.3878616333008,509.2294921875,1031.479736328125,0.0
3382,137.2499999999972,0.05000000000001137,163.88486938476564,511.10650634765625,1032.170166015625,0.0
3383,137.2999999999972,0.05000000000001137,164.38084716796877,512.9835205078125,1032.860595703125,0.0
3384,137.3499999999972,0.05000000000001137,164.87571258544924,514.860595703125,1033.5511474609375,0.0
3385,137.39999999999722,0.05000000000001137,165.36958923339844,516.7376098632812,1034.2415771484375,0.0
3386,137.44999999999723,0.05000000000001137,165.86236724853515,518.6146240234375,1034.9320068359375,0.0
3387,137.49999999999724,0.05000000000001137,166.35411529541017,520.49169921875,1035.6224365234375,0.0
3388,137.49999999999724,0.05000000000001137,166.35411529541017,522.3687133789062,1036.31298828125,0.0
3389,137.54999999999725,0.05000000000001137,166.84481964111328,524.2457275390625,1037.00341796875,0.0
3390,137.59999999999727,0.05000000000001137,167.33445281982424,526.122802734375,1037.69384765625,0.0
3391,137.64999999999728,0.05000000000001137,167.82300109863283,527.9998168945312,1038.3843994140625,0.0
3392,137.6999999999973,0.05000000000001137,168.31047821044922,529.8768310546875,1039.0748291015625,0.0
3393,137.7499999999973,0.05000000000001137,168.79688415527343,531.75390625,1039.7652587890625,0.0
3394,137.7499999999973,0.05000000000001137,168.79688415527343,533.6309204101562,1040.4556884765625,0.0
3395,137.7999999999973,0.05000000000001137,169.28221893310547,535.5079345703125,1041.146240234375,0.0
3396,137.84999999999732,0.05000000000001137,169.76648254394533,537.385009765625,1041.836669921875,0.0
3397,137.89999999999733,0.05000000000001137,170.24966125488282,539.2620239257812,1042.527099609375,0.0
3398,137.94999999999735,0.05000000000001137,170.73178253173828,541.1390380859375,1043.2176513671875,0.0
3399,137.99999999999736,0.05000000000001137,171.2127914428711,543.01611328125,1043.9080810546875,0.0
3400,137.99999999999736,0.05000000000001137,171.2127914428711,544.8931274414062,1044.5985107421875,0.0
3401,138.04999999999737,0.05000000000001137,171.69272918701174,546.7701416015625,1045.2889404296875,0.0
3402,138.09999999999738,0.05000000000001137,172.1715270996094,548.647216796875,1045.9794921875,0.0
3403,138.1499999999974,0.05000000000001137,172.64922637939455,550.5242309570312,1046.669921875,0.0
3404,138.1999999999974,0.05000000000001137,173.1258270263672,552.4012451171875,1047.3603515625,0.0
3405,138.2499999999974,0.05000000000001137,173.60128784179688,554.2783203125,1048.05078125,0.0
3406,138.2499999999974,0.05000000000001137,173.60128784179688,556.1553344726562,1048.7413330078125,0.0
3407,138.29999999999742,0.05000000000001137,174.07556762695313,558.0323486328125,1049.4317626953125,0.0
3408,138.34999999999744,0.05000000000001137,174.54841918945314,559.909423828125,1050.1221923828125,0.0
3409,138.39999999999745,0.05000000000001137,175.0200210571289,561.7864379882812,1050.812744140625,0.0
3410,138.44999999999746,0.05000000000001137,175.4902770996094,563.6634521484375,1051.503173828125,0.0
3411,138.44999999999746,0.05000000000001137,175.4902770996094,565.54052734375,1052.193603515625,0.0
3412,138.49999999999747,0.05000000000001137,175.9589813232422,567.4175415039062,1052.884033203125,0.0
3413,138.54999999999748,0.05000000000001137,176.426188659668,569.2945556640625,1053.5745849609375,0.0
3414,138.5999999999975,0.05000000000001137,176.89178924560548,571.171630859375,1054.2650146484375,0.0
3415,138.6499999999975,0.05000000000001137,177.3551239013672,573.0486450195312,1054.9554443359375,0.0
3416,138.6499999999975,0.05000000000001137,177.3551239013672,574.9256591796875,1055.64599609375,0.0
3417,138.69999999999752,0.05000000000001137,177.81652221679687,576.802734375,1056.33642578125,0.0
3418,138.74999999999753,0.05000000000001137,178.27580566406252,578.6797485351562,1057.02685546875,0.0
3419,138.79999999999754,0.05000000000001137,178.7328643798828,580.5567626953125,1057.71728515625,0.0
3420,138.84999999999755,0.05000000000001137,179.18746490478517,582.4338989257812,1058.4075927734375,0.0
3421,138.84999999999755,0.05000000000001137,179.18746490478517,584.3129272460938,1059.0926513671875,0.0
3422,138.89999999999756,0.05000000000001137,179.6388931274414,586.1946411132812,1059.770263671875,0.0
3423,138.94999999999757,0.05000000000001137,180.0863250732422,588.0791015625,1060.440185546875,0.0
3424,138.99999999999758,0.05000000000001137,180.52748107910156,589.9661865234375,1061.1026611328125,0.0
3425,139.0499999999976,0.05000000000001137,180.96495666503907,591.85595703125,1061.757568359375,0.0
3426,139.0999999999976,0.05000000000001137,181.397900390625,593.748291015625,1062.40478515625,0.0
3427,139.0999999999976,0.05000000000001137,181.397900390625,595.6431884765625,1063.0445556640625,0.0
3428,139.14999999999762,0.05000000000001137,181.82574920654298,597.5406494140625,1063.6767578125,0.0
3429,139.19999999999763,0.05000000000001137,182.24578399658205,599.440673828125,1064.30126953125,0.0
3430,139.24999999999764,0.05000000000001137,182.65970764160156,601.3430786132812,1064.9183349609375,0.0
3431,139.29999999999765,0.05000000000001137,183.06708068847658,603.248046875,1065.527587890625,0.0
3432,139.29999999999765,0.05000000000001137,183.06708068847658,605.1553344726562,1066.12939453125,0.0
3433,139.34999999999766,0.05000000000001137,183.46764221191407,607.0650634765625,1066.7235107421875,0.0
3434,139.39999999999768,0.05000000000001137,183.85747833251955,608.9771728515625,1067.3099365234375,0.0
3435,139.4499999999977,0.05000000000001137,184.23998107910157,610.8916015625,1067.888671875,0.0
3436,139.4499999999977,0.05000000000001137,184.23998107910157,612.8082885742188,1068.4598388671875,0.0
3437,139.4999999999977,0.05000000000001137,184.61465606689453,614.727294921875,1069.0233154296875,0.0
3438,139.5499999999977,0.05000000000001137,184.9811737060547,616.6484985351562,1069.5791015625,0.0
3439,139.59999999999772,0.05000000000001137,185.3375015258789,618.5718994140625,1070.127197265625,0.0
3440,139.64999999999773,0.05000000000001137,185.68174438476564,620.49755859375,1070.6676025390625,0.0
3441,139.64999999999773,0.05000000000001137,185.68174438476564,622.42529296875,1071.2003173828125,0.0
3442,139.69999999999774,0.05000000000001137,186.01728057861328,624.3551635742188,1071.7252197265625,0.0
3443,139.74999999999775,0.05000000000001137,186.34387664794923,626.287109375,1072.242431640625,0.0
3444,139.79999999999777,0.05000000000001137,186.65945892333986,628.2211303710938,1072.751953125,0.0
3445,139.79999999999777,0.05000000000001137,186.65945892333986,630.1571655273438,1073.2537841796875,0.0
3446,139.84999999999778,0.05000000000001137,186.9612258911133,632.0951538085938,1073.747802734375,0.0
3447,139.8999999999978,0.05000000000001137,187.25237731933595,634.03515625,1074.234130859375,0.0
3448,139.9499999999978,0.05000000000001137,187.53170471191407,635.97705078125,1074.712646484375,0.0
3449,139.9999999999978,0.05000000000001137,187.7867660522461,637.9208984375,1075.183349609375,0.0
3450,139.9999999999978,0.05000000000001137,187.7867660522461,639.8665771484375,1075.646240234375,0.0
3451,140.04999999999782,0.05000000000001137,188.02578735351562,641.8140869140625,1076.1014404296875,0.0
3452,140.09999999999783,0.05000000000001137,188.24617309570314,643.7633666992188,1076.548828125,0.0
3453,140.14999999999785,0.05000000000001137,188.42953491210938,645.7144775390625,1076.9884033203125,0.0
3454,140.14999999999785,0.05000000000001137,188.42953491210938,647.6672973632812,1077.420166015625,0.0
3455,140.19999999999786,0.05000000000001137,188.5866256713867,649.6217651367188,1077.8447265625,0.0
3456,140.24999999999787,0.05000000000001137,188.66483459472656,651.5765380859375,1078.267578125,0.0
3457,140.29999999999788,0.05000000000001137,188.50334930419922,653.533203125,1078.6815185546875,0.0
3458,140.3499999999979,0.05000000000001137,187.82357025146484,655.50146484375,1079.035888671875,0.0
3459,140.3999999999979,0.05000000000001137,186.41966857910157,657.6668090820312,1079.166015625,-0.7423182989004999
3460,140.4499999999979,0.05000000000001137,184.45584869384766,659.6688232421875,1079.5289306640625,-0.7423181080957875
3461,140.49999999999793,0.05000000000001137,182.08738861083984,661.8072509765625,1079.91650390625,-0.7423179936595261
3462,140.49999999999793,0.05000000000001137,182.08738861083984,663.9493408203125,1080.1993408203125,-0.7423068548087031
3463,140.54999999999794,0.05000000000001137,179.4909622192383,666.109130859375,1080.414794921875,-0.742303345235996
3464,140.59999999999795,0.05000000000001137,176.99532165527344,668.242431640625,1080.5736083984375,-0.7423024678137153
3465,140.64999999999796,0.05000000000001137,174.66832122802734,670.3635864257812,1080.6585693359375,-0.7423162389313802
3466,140.69999999999797,0.05000000000001137,172.50617065429688,672.40185546875,1080.6839599609375,-0.7423128437949345
3467,140.74999999999798,0.05000000000001137,170.53761291503906,674.5316162109375,1080.6422119140625,-0.7423089910298586
3468,140.74999999999798,0.05000000000001137,170.53761291503906,676.6309204101562,1080.5,-0.742306282510981
3469,140.799999999998,0.05000000000001137,168.73419342041015,678.7628784179688,1080.2989501953125,-0.7423016285756603
3470,140.849999999998,0.05000000000001137,167.0606185913086,680.8408203125,1080.035888671875,-0.7423107075737789
3471,140.849999999998,0.05000000000001137,167.0606185913086,682.8848876953125,1079.6641845703125,-0.7423163533676416
3472,140.89999999999802,0.05000000000001137,165.4969482421875,684.9441528320312,1079.21435546875,-0.7423163915518671
3473,140.94999999999803,0.05000000000001137,164.0326904296875,686.9503173828125,1078.70947265625,-0.7423144078347832
3474,140.99999999999804,0.05000000000001137,162.63271636962892,688.9417114257812,1078.0906982421875,-0.7423139119055122
3475,141.04999999999805,0.05000000000001137,161.29551544189454,690.902099609375,1077.41748046875,-0.7423117756843567
3476,141.09999999999806,0.05000000000001137,160.0066680908203,692.8579711914062,1076.7139892578125,-0.742309448774904
3477,141.14999999999807,0.05000000000001137,158.7593215942383,694.7534790039062,1075.9326171875,-0.7423009038902819
3478,141.19999999999808,0.05000000000001137,157.61219787597656,696.6484375,1075.0543212890625,-0.7423009038902819
3479,141.19999999999808,0.05000000000001137,157.61219787597656,698.4599609375,1074.134765625,-0.7423201680649072
3480,141.2499999999981,0.05000000000001137,156.49705810546877,700.28076171875,1073.1539306640625,-0.7423190617701039
3481,141.2999999999981,0.05000000000001137,155.41133422851564,702.104736328125,1072.1549072265625,-0.742320244316943
3482,141.34999999999812,0.05000000000001137,154.3549987792969,703.907470703125,1071.126953125,-0.7423125004861504
3483,141.39999999999813,0.05000000000001137,153.3287796020508,705.6593627929688,1070.0303955078125,-0.7423103261971846
3484,141.44999999999814,0.05000000000001137,152.32815856933595,707.3565673828125,1068.843505859375,-0.7423095250269398
3485,141.49999999999815,0.05000000000001137,151.36103210449218,708.9691772460938,1067.5904541015625,-0.7423149037640542
3486,141.54999999999816,0.05000000000001137,150.42893829345704,710.5309448242188,1066.2861328125,-0.7423124624183401
3487,141.6499999999982,0.10000000000002274,148.6844467163086,712.048095703125,1064.8817138671875,-0.7423171163536608
3488,141.6999999999982,0.05000000000001137,147.87509765625,713.4571533203125,1063.432373046875,-0.7423006749013439
3489,141.7499999999982,0.05000000000001137,147.1080047607422,714.8348999023438,1061.9320068359375,-0.7423215032322332
3490,141.79999999999822,0.05000000000001137,146.38396453857422,716.2431030273438,1060.427978515625,-0.7423239827621728
3491,141.84999999999823,0.05000000000001137,145.70831909179688,717.6368408203125,1058.8948974609375,-0.7423129582311958
3492,141.89999999999824,0.05000000000001137,145.08367767333985,718.9954223632812,1057.3594970703125,-0.7423222661018372
3493,141.94999999999825,0.05000000000001137,144.51244354248047,720.3859252929688,1055.7943115234375,-0.7423233723966405
3494,141.99999999999827,0.05000000000001137,143.99678649902344,721.7715454101562,1054.2342529296875,-0.7423228383995593
3495,142.04999999999828,0.05000000000001137,143.53939819335938,723.1630249023438,1052.6617431640625,-0.7423199391923845
3496,142.0999999999983,0.05000000000001137,143.14152832031252,724.4800415039062,1050.990234375,-0.7423043370945379
3497,142.1499999999983,0.05000000000001137,142.80464630126954,725.6632080078125,1049.2928466796875,-0.7422966313315555
3498,142.24999999999832,0.10000000000002274,142.31810302734377,726.6638793945312,1047.4781494140625,-0.7423155141295865
3499,142.29999999999833,0.05000000000001137,142.1711608886719,727.6619873046875,1045.634765625,-0.7423019720008597
3500,142.34999999999835,0.05000000000001137,142.0880081176758,728.5922241210938,1043.7821044921875,-0.7423205876257271
3501,142.39999999999836,0.05000000000001137,142.06850738525392,729.541259765625,1041.9195556640625,-0.7423225331585854
3502,142.44999999999837,0.05000000000001137,142.1119583129883,730.4794311523438,1040.025390625,-0.742306778440252
3503,142.49999999999838,0.05000000000001137,142.21709747314455,731.3046875,1038.1162109375,-0.7423191762063652
3504,142.5499999999984,0.05000000000001137,142.38260650634766,732.1298828125,1036.2003173828125,-0.7423199391923845
3505,142.5999999999984,0.05000000000001137,142.6050796508789,732.9694213867188,1034.256591796875,-0.7423218847252429
3506,142.6499999999984,0.05000000000001137,142.88120727539064,733.7667846679688,1032.314453125,-0.7423111653188244
3507,142.69999999999843,0.05000000000001137,143.20681457519532,734.5419921875,1030.3682861328125,-0.7423200918128714
3508,142.74999999999844,0.05000000000001137,143.57732849121095,735.232421875,1028.3651123046875,-0.7423169255489483
3509,142.79999999999845,0.05000000000001137,143.98680267333984,735.8409423828125,1026.36962890625,-0.7423157430021092
3510,142.89999999999847,0.10000000000002274,144.9014144897461,736.3995361328125,1024.3211669921875,-0.7423116612480953
3511,142.94999999999848,0.05000000000001137,145.39511260986328,736.9556274414062,1022.2462768554688,-0.7423211599234492
3512,142.9999999999985,0.05000000000001137,145.905908203125,737.50732421875,1020.1935424804688,-0.7423219991615042
3513,143.0499999999985,0.05000000000001137,146.4292419433594,738.061767578125,1018.1292114257812,-0.7423216557363048
3514,143.09999999999852,0.05000000000001137,146.96087036132812,738.5880126953125,1016.0263671875,-0.7423200154444203
3515,143.14999999999853,0.05000000000001137,147.49752502441407,739.048828125,1013.9462890625,-0.7423165440559387
3516,143.19999999999854,0.05000000000001137,148.03655548095705,739.4263916015625,1011.8434448242188,-0.7423139500897378
3517,143.24999999999855,0.05000000000001137,148.57610778808595,739.8131713867188,1009.7236328125,-0.7423205495579168
3518,143.29999999999856,0.05000000000001137,149.11472625732424,740.2349243164062,1007.6287841796875,-0.7423107075737789
3519,143.34999999999857,0.05000000000001137,149.6514907836914,740.6785888671875,1005.5433959960938,-0.7423201680649072
3520,143.39999999999858,0.05000000000001137,150.1858657836914,741.12646484375,1003.4244995117188,-0.7423208166146651
3521,143.4499999999986,0.05000000000001137,150.71759033203125,741.5186767578125,1001.322021484375,-0.7423128437949345
3522,143.4999999999986,0.05000000000001137,151.24659576416016,741.8797607421875,999.3385620117188,-0.742319748387672
3523,143.54999999999862,0.05000000000001137,151.77289581298828,742.2467651367188,997.3274536132812,-0.7423205113736913
3524,143.59999999999863,0.05000000000001137,152.2965866088867,742.6082153320312,995.3466186523438,-0.7423203206853941
3525,143.64999999999864,0.05000000000001137,152.8179153442383,742.9824829101562,993.374755859375,-0.7423151326365769
3526,143.69999999999865,0.05000000000001137,153.33701934814454,743.3729248046875,991.3908081054688,-0.7423192143905908
3527,143.74999999999866,0.05000000000001137,153.85415954589845,743.7640991210938,989.3895263671875,-0.7423196339514107
3528,143.79999999999868,0.05000000000001137,154.36948699951174,744.1550903320312,987.3921508789062,-0.7423195195151493
3529,143.8499999999987,0.05000000000001137,154.88326263427734,744.5455322265625,985.3910522460938,-0.7423192906426266
3530,143.8999999999987,0.05000000000001137,155.39554138183595,744.9406127929688,983.3677368164062,-0.742319138138555
3531,143.8999999999987,0.05000000000001137,155.39554138183595,745.338134765625,981.335205078125,-0.7423187947133556
3532,143.9499999999987,0.05000000000001137,155.90648803710937,745.72998046875,979.3298950195312,-0.7423185658408329
3533,143.99999999999872,0.05000000000001137,156.41626739501953,746.1295776367188,977.2844848632812,-0.7423184895887971
3534,144.04999999999873,0.05000000000001137,156.92489318847657,746.5233154296875,975.2726440429688,-0.7423182607162744
3535,144.09999999999874,0.05000000000001137,157.43231048583985,746.94921875,973.2760620117188,-0.7423164678039029
3536,144.14999999999876,0.05000000000001137,157.9386428833008,747.3781127929688,971.2308959960938,-0.742317802971229
3537,144.19999999999877,0.05000000000001137,158.44390411376955,747.7463989257812,969.223876953125,-0.7423021245049313
3538,144.24999999999878,0.05000000000001137,158.94802551269532,748.0814819335938,967.1878662109375,-0.7423159718746319
3539,144.2999999999988,0.05000000000001137,159.45099334716798,748.4231567382812,965.1488647460938,-0.7423181080957875
3540,144.3499999999988,0.05000000000001137,159.9526840209961,748.7644653320312,963.1107788085938,-0.7423182607162744
3541,144.3999999999988,0.05000000000001137,160.45315246582032,749.1061401367188,961.072265625,-0.7423180700279772
3542,144.44999999999882,0.05000000000001137,160.9515335083008,749.3955078125,959.0240478515625,-0.7423021626891568
3543,144.49999999999883,0.05000000000001137,161.4486099243164,749.654296875,956.9144897460938,-0.7423162007471547
3544,144.54999999999885,0.05000000000001137,161.94442291259767,749.90966796875,954.8754272460938,-0.7423180700279772
3545,144.59999999999886,0.05000000000001137,162.43887634277345,750.1660766601562,952.8292236328125,-0.742318146280013
3546,144.64999999999887,0.05000000000001137,162.93206634521485,750.4258422851562,950.7594604492188,-0.7423179936595261
3547,144.69999999999888,0.05000000000001137,163.42407531738283,750.6841430664062,948.6983642578125,-0.7423177647870034
3548,144.7499999999989,0.05000000000001137,163.91498565673828,750.9423828125,946.6423950195312,-0.7423177266027778
3549,144.7999999999989,0.05000000000001137,164.40497589111328,751.1992797851562,944.593505859375,-0.7423175359144807
3550,144.84999999999891,0.05000000000001137,164.8942657470703,751.4561767578125,942.5478515625,-0.7423173832939938
3551,144.84999999999891,0.05000000000001137,164.8942657470703,751.7679443359375,940.518310546875,-0.7423106695059687
3552,144.89999999999893,0.05000000000001137,165.38289642333984,752.0833129882812,938.475341796875,-0.7423168492969126
3553,144.94999999999894,0.05000000000001137,165.87106018066407,752.3961791992188,936.44287109375,-0.7423174977302551
3554,144.99999999999895,0.05000000000001137,166.35889434814453,752.6439819335938,934.4044189453125,-0.7423118138685822
3555,145.04999999999896,0.05000000000001137,166.8463851928711,752.8971557617188,932.3667602539062,-0.7423171163536608
3556,145.09999999999897,0.05000000000001137,167.33350524902343,753.154296875,930.3036499023438,-0.7423176121665165
3557,145.14999999999898,0.05000000000001137,167.82025451660158,753.4074096679688,928.2691040039062,-0.7423176121665165
3558,145.199999999999,0.05000000000001137,168.306591796875,753.6610107421875,926.2272338867188,-0.7423174977302551
3559,145.199999999999,0.05000000000001137,168.306591796875,753.9169921875,924.1639404296875,-0.7423173832939938
3560,145.249999999999,0.05000000000001137,168.79236602783203,754.170166015625,922.1267700195312,-0.7423171544214711
3561,145.29999999999902,0.05000000000001137,169.2775085449219,754.427001953125,920.0614624023438,-0.7423171544214711
3562,145.34999999999903,0.05000000000001137,169.7619369506836,754.6843872070312,917.990966796875,-0.7423169255489483
3563,145.39999999999904,0.05000000000001137,170.2456237792969,754.9398193359375,915.9341430664062,-0.7423169637331739
3564,145.39999999999904,0.05000000000001137,170.2456237792969,755.1957397460938,913.8809814453125,-0.7423168873647228
3565,145.44999999999905,0.05000000000001137,170.72840423583986,755.4555053710938,911.7857666015625,-0.7423167348606512
3566,145.49999999999906,0.05000000000001137,171.21029205322267,755.7114868164062,909.72607421875,-0.7423166966764256
3567,145.54999999999907,0.05000000000001137,171.6912048339844,755.97021484375,907.6415405273438,-0.7423166204243898
3568,145.59999999999908,0.05000000000001137,172.17108764648438,756.2266235351562,905.5753173828125,-0.7423165440559387
3569,145.6499999999991,0.05000000000001137,172.64999542236328,756.4866333007812,903.478271484375,-0.7423164678039029
3570,145.6999999999991,0.05000000000001137,173.12779083251954,756.7470703125,901.384033203125,-0.742316315183416
3571,145.74999999999912,0.05000000000001137,173.6046112060547,757.00537109375,899.3070068359375,-0.7423163533676416
3572,145.74999999999912,0.05000000000001137,173.6046112060547,757.267333984375,897.1970825195312,-0.7423162007471547
3573,145.79999999999913,0.05000000000001137,174.08038787841798,757.525634765625,895.113525390625,-0.7423162389313802
3574,145.84999999999914,0.05000000000001137,174.55512084960938,757.783447265625,893.0346069335938,-0.7423160482430831
3575,145.89999999999915,0.05000000000001137,175.0288101196289,758.0425415039062,890.9484252929688,-0.7423161626793444
3576,145.94999999999916,0.05000000000001137,175.50146942138673,758.2999267578125,888.8775024414062,-0.7423161244951189
3577,145.99999999999918,0.05000000000001137,175.97311248779297,758.5154418945312,886.81201171875,-0.7423047185875475
3578,146.0499999999992,0.05000000000001137,176.443766784668,758.7112426757812,884.7130126953125,-0.7423148275120184
3579,146.0999999999992,0.05000000000001137,176.91341857910157,758.923095703125,882.629638671875,-0.7423110890667886
3580,146.1499999999992,0.05000000000001137,177.38206787109377,759.1497192382812,880.5576171875,-0.7423157048178837
3581,146.19999999999922,0.05000000000001137,177.84971466064454,759.3719482421875,878.4965209960938,-0.7423165059881285
3582,146.19999999999922,0.05000000000001137,177.84971466064454,759.5983276367188,876.4009399414062,-0.7423163915518671
3583,146.24999999999923,0.05000000000001137,178.31637268066407,759.820068359375,874.344970703125,-0.7423163533676416
3584,146.29999999999924,0.05000000000001137,178.7820281982422,760.0441284179688,872.2733154296875,-0.742316315183416
3585,146.34999999999926,0.05000000000001137,179.2466812133789,760.2662963867188,870.2098999023438,-0.7423162771156058
3586,146.39999999999927,0.05000000000001137,179.7102767944336,760.4927368164062,868.1192626953125,-0.7423162771156058
3587,146.44999999999928,0.05000000000001137,180.1728973388672,760.716796875,866.0520629882812,-0.7423162389313802
3588,146.44999999999928,0.05000000000001137,180.1728973388672,760.9423217773438,863.96435546875,-0.7423161626793444
3589,146.4999999999993,0.05000000000001137,180.63450164794924,761.1677856445312,861.871826171875,-0.7423161244951189
3590,146.5499999999993,0.05000000000001137,181.09513092041016,761.3909301757812,859.810302734375,-0.7423160482430831
3591,146.5999999999993,0.05000000000001137,181.55477142333984,761.6163940429688,857.7262573242188,-0.7423160100588575
3592,146.64999999999932,0.05000000000001137,182.01343688964843,761.8413696289062,855.6412353515625,-0.7423159718746319
3593,146.69999999999933,0.05000000000001137,182.47105865478517,762.0654296875,853.5679321289062,-0.7423159718746319
3594,146.69999999999933,0.05000000000001137,182.47105865478517,762.2880859375,851.50341796875,-0.7423158956225961
3595,146.74999999999935,0.05000000000001137,182.92767791748048,762.5121459960938,849.4232788085938,-0.7423158956225961
3596,146.79999999999936,0.05000000000001137,183.3833221435547,762.734375,847.3678588867188,-0.7423157811863348
3597,146.84999999999937,0.05000000000001137,183.83785400390624,762.9574584960938,845.3016357421875,-0.7423157811863348
3598,146.89999999999938,0.05000000000001137,184.2912322998047,763.1831665039062,843.20849609375,-0.7423157430021092
3599,146.9499999999994,0.05000000000001137,184.74331970214845,763.4072265625,841.1375732421875,-0.7423157430021092
3600,146.9499999999994,0.05000000000001137,184.74331970214845,763.6298828125,839.0712890625,-0.7423157048178837
3601,146.9999999999994,0.05000000000001137,185.19397888183593,763.8572387695312,836.9671020507812,-0.7423156667500734
3602,147.04999999999941,0.05000000000001137,185.6428939819336,764.082275390625,834.87646484375,-0.7423156285658479
3603,147.09999999999943,0.05000000000001137,186.08963928222656,764.3053588867188,832.807373046875,-0.7423156285658479
3604,147.09999999999943,0.05000000000001137,186.08963928222656,764.5280151367188,830.7425537109375,-0.7423155903816223
3605,147.14999999999944,0.05000000000001137,186.53374786376955,764.7777099609375,828.6817626953125,-0.7423124242341146
3606,147.19999999999945,0.05000000000001137,186.97454681396485,765.0321655273438,826.6013793945312,-0.7423154378775507
3607,147.24999999999946,0.05000000000001137,187.41132202148438,765.2838745117188,824.540771484375,-0.742315819254145
3608,147.24999999999946,0.05000000000001137,187.41132202148438,765.5407104492188,822.4385986328125,-0.7423158574383706
3609,147.29999999999947,0.05000000000001137,187.84366149902345,765.7942504882812,820.3526611328125,-0.742315819254145
3610,147.34999999999948,0.05000000000001137,188.27017822265626,766.0506591796875,818.2498168945312,-0.7423157811863348
3611,147.3999999999995,0.05000000000001137,188.6900619506836,766.3094482421875,816.1253662109375,-0.7423157048178837
3612,147.4499999999995,0.05000000000001137,189.04710388183594,766.564453125,814.0296020507812,-0.7423157048178837
3613,147.4499999999995,0.05000000000001137,189.04710388183594,766.8189697265625,811.9459838867188,-0.7423156667500734
3614,147.49999999999952,0.05000000000001137,189.17604217529296,767.0789794921875,809.818603515625,-0.7423156285658479
3615,147.54999999999953,0.05000000000001137,188.75352172851564,767.335693359375,807.7141723632812,-0.7423156285658479
3616,147.59999999999954,0.05000000000001137,187.57996215820313,767.5804443359375,805.6196899414062,-0.7423104787012562
3617,147.64999999999955,0.05000000000001137,185.85992889404298,767.8053588867188,803.5131225585938,-0.7423147893277928
3618,147.64999999999955,0.05000000000001137,185.85992889404298,768.0336303710938,801.4115600585938,-0.7423156667500734
3619,147.69999999999956,0.05000000000001137,183.75481109619142,768.261962890625,799.3143310546875,-0.7423157430021092
3620,147.74999999999957,0.05000000000001137,181.38040466308595,768.4946899414062,797.1687622070312,-0.7423157430021092
3621,147.79999999999959,0.05000000000001137,178.85606231689454,768.725830078125,795.0407104492188,-0.7423157048178837
3622,147.8499999999996,0.05000000000001137,176.22173309326172,768.9531860351562,792.9506225585938,-0.7423157048178837
3623,147.8999999999996,0.05000000000001137,173.58679962158203,769.1795654296875,790.857666015625,-0.7423156667500734
3624,147.94999999999962,0.05000000000001137,171.21295623779298,769.4074096679688,788.75390625,-0.7423156285658479
3625,147.94999999999962,0.05000000000001137,171.21295623779298,769.6292724609375,786.6708374023438,-0.7423128437949345
3626,147.99999999999963,0.05000000000001137,169.20598754882812,769.8209228515625,784.5796508789062,-0.7423145222710446
3627,148.04999999999964,0.05000000000001137,167.52192077636718,770.0220336914062,782.4585571289062,-0.7423156667500734
3628,148.09999999999965,0.05000000000001137,166.12962341308594,770.22216796875,780.36279296875,-0.7423157811863348
3629,148.14999999999966,0.05000000000001137,164.98174438476562,770.421875,778.2628173828125,-0.7423157430021092
3630,148.19999999999968,0.05000000000001137,164.04082031250002,770.62060546875,776.18505859375,-0.7423157430021092
3631,148.2499999999997,0.05000000000001137,163.16908264160156,770.8175048828125,774.116455078125,-0.7423157048178837
3632,148.2999999999997,0.05000000000001137,162.20424957275392,771.0143432617188,772.0446166992188,-0.7423156667500734
3633,148.3499999999997,0.05000000000001137,161.31390380859375,771.2096557617188,769.9835205078125,-0.7423153234412894
3634,148.39999999999972,0.05000000000001137,160.5581268310547,771.2975463867188,767.9135131835938,-0.7423071599332616
3635,148.44999999999973,0.05000000000001137,159.91653900146486,771.2691040039062,765.8651123046875,-0.7423092961544171
3636,148.49999999999974,0.05000000000001137,159.3672637939453,771.2639770507812,763.7862548828125,-0.7423161244951189
3637,148.54999999999976,0.05000000000001137,158.88221740722656,771.2587280273438,761.6884155273438,-0.7423169637331739
3638,148.59999999999977,0.05000000000001137,158.44757080078125,771.249267578125,759.6234130859375,-0.742314217146486
3639,148.64999999999978,0.05000000000001137,158.0459930419922,771.211181640625,757.5516357421875,-0.7423157430021092
3640,148.6999999999998,0.05000000000001137,157.66876373291015,771.0968017578125,755.4833374023438,-0.7422922826372087
3641,148.7499999999998,0.05000000000001137,157.30624237060547,770.8131713867188,753.44873046875,-0.7423113943077624
3642,148.7999999999998,0.05000000000001137,156.95082092285156,770.4473876953125,751.4130859375,-0.7423022771254182
3643,148.84999999999982,0.05000000000001137,156.59279022216796,770.0400390625,749.3793334960938,-0.7423063969472423
3644,148.89999999999984,0.05000000000001137,156.15284271240236,769.4944458007812,747.3814086914062,-0.7423036122927442
3645,148.89999999999984,0.05000000000001137,156.15284271240236,768.8312377929688,745.451171875,-0.7423125386703759
3646,148.94999999999985,0.05000000000001137,155.7060974121094,768.0853881835938,743.5703125,-0.7423017049441114
3647,148.99999999999986,0.05000000000001137,155.25064544677736,767.2445068359375,741.7239379882812,-0.7422949528554454
3648,148.99999999999986,0.05000000000001137,155.25064544677736,766.2857055664062,739.9307861328125,-0.7422969365725294
3649,149.04999999999987,0.05000000000001137,154.78125457763673,765.1336059570312,738.2741088867188,-0.7423094105906785
3650,149.09999999999988,0.05000000000001137,154.29866638183594,763.9116821289062,736.6513671875,-0.7422961735865101
3651,149.1499999999999,0.05000000000001137,153.7826385498047,762.6016235351562,735.1362915039062,-0.7423142553307116
3652,149.1999999999999,0.05000000000001137,153.25334472656252,761.2134399414062,733.685546875,-0.7423161244951189
3653,149.24999999999991,0.05000000000001137,152.7377426147461,759.7565307617188,732.30029296875,-0.7423132252879441
3654,149.29999999999993,0.05000000000001137,152.21722412109375,758.1156005859375,730.8775024414062,-0.742307617678307
3655,149.34999999999994,0.05000000000001137,151.69553833007814,756.4514770507812,729.4776611328125,-0.7423214268637821
3656,149.39999999999995,0.05000000000001137,151.18102111816407,754.8825073242188,728.1710205078125,-0.742313377908431
3657,149.44999999999996,0.05000000000001137,150.68111572265624,753.2809448242188,726.9573364257812,-0.7423191762063652
3658,149.49999999999997,0.05000000000001137,150.20389709472656,751.64453125,725.7698364257812,-0.7423171544214711
3659,149.6,0.10000000000002274,149.33140411376954,749.9868774414062,724.6240234375,-0.7423065877519548
3660,149.65,0.05000000000001137,148.93441314697267,748.292236328125,723.4955444335938,-0.7423203587532043
3661,149.70000000000002,0.05000000000001137,148.57733001708985,746.5691528320312,722.4483642578125,-0.742314369766973
3662,149.75000000000003,0.05000000000001137,148.26930084228516,744.8391723632812,721.3909301757812,-0.7423219991615042
3663,149.80000000000004,0.05000000000001137,148.01841430664064,743.1275634765625,720.34375,-0.7423224569065496
3664,149.85000000000005,0.05000000000001137,147.8314956665039,741.358642578125,719.3234252929688,-0.7423068548087031
3665,149.90000000000006,0.05000000000001137,147.71385955810547,739.55419921875,718.3248291015625,-0.7423199391923845
3666,149.95000000000007,0.05000000000001137,147.66925506591798,737.775390625,717.3352661132812,-0.7423216939205304
3667,150.00000000000009,0.05000000000001137,147.69967346191407,735.9932861328125,716.3433227539062,-0.7423216557363048
3668,150.0500000000001,0.05000000000001137,147.92005920410156,734.1543579101562,715.3193359375,-0.7423213124275208
3669,150.1000000000001,0.05000000000001137,148.22624816894532,732.3410034179688,714.3501586914062,-0.742308456916362
3670,150.15000000000012,0.05000000000001137,148.60962982177736,730.5183715820312,713.4105834960938,-0.7423190617701039
3671,150.20000000000013,0.05000000000001137,149.06767730712892,728.697509765625,712.4268798828125,-0.7423083806643263
3672,150.20000000000013,0.05000000000001137,149.06767730712892,726.8885498046875,711.4146118164062,-0.7423188328975812
3673,150.25000000000014,0.05000000000001137,149.58914337158203,725.1082153320312,710.423095703125,-0.7423205495579168
3674,150.30000000000015,0.05000000000001137,150.1596908569336,723.308349609375,709.4202270507812,-0.7423205113736913
3675,150.35000000000016,0.05000000000001137,150.7589126586914,721.4984741210938,708.4127807617188,-0.7423200918128714
3676,150.40000000000018,0.05000000000001137,151.36593475341797,719.69873046875,707.4102783203125,-0.74231997737661
3677,150.4500000000002,0.05000000000001137,151.96238250732424,717.8887939453125,706.402587890625,-0.7423196339514107
3678,150.5000000000002,0.05000000000001137,152.54071655273438,716.0477905273438,705.378662109375,-0.7423193288268521
3679,150.5500000000002,0.05000000000001137,153.09889068603516,714.2102661132812,704.3553466796875,-0.7423191762063652
3680,150.60000000000022,0.05000000000001137,153.64043426513672,712.37841796875,703.3359375,-0.7423189473338425
3681,150.65000000000023,0.05000000000001137,154.1705108642578,710.5161743164062,702.298583984375,-0.7423186802770942
3682,150.70000000000024,0.05000000000001137,154.69388580322266,708.666015625,701.2684936523438,-0.7423185658408329
3683,150.75000000000026,0.05000000000001137,155.2144317626953,706.822265625,700.2416381835938,-0.7423182607162744
3684,150.80000000000027,0.05000000000001137,155.7346206665039,704.946533203125,699.197021484375,-0.7423179555917159
3685,150.85000000000028,0.05000000000001137,156.25542755126955,703.1136474609375,698.177001953125,-0.7423179174074903
3686,150.9000000000003,0.05000000000001137,156.77708587646484,701.2525024414062,697.1406860351562,-0.7423176121665165
3687,150.9500000000003,0.05000000000001137,157.29877166748048,699.3790283203125,696.0982055664062,-0.7423177647870034
3688,151.0000000000003,0.05000000000001137,157.8193588256836,697.5098266601562,695.05810546875,-0.7423176121665165
3689,151.05000000000032,0.05000000000001137,158.3377212524414,695.65625,694.0261840820312,-0.7423174214782193
3690,151.10000000000034,0.05000000000001137,158.85302124023437,693.7705078125,692.9769897460938,-0.7423172688577324
3691,151.15000000000035,0.05000000000001137,159.36490173339845,691.901611328125,691.9364013671875,-0.7423170781694353
3692,151.20000000000036,0.05000000000001137,159.87340393066407,690.0443115234375,690.9027099609375,-0.7423169637331739
3693,151.25000000000037,0.05000000000001137,160.3789535522461,688.2884521484375,689.9255981445312,-0.742316811112687
3694,151.30000000000038,0.05000000000001137,160.8821548461914,686.3914794921875,688.8699951171875,-0.7423166966764256
3695,151.3500000000004,0.05000000000001137,161.38357086181642,684.5103759765625,687.8223876953125,-0.7423168492969126
3696,151.4000000000004,0.05000000000001137,161.88375091552734,682.5811767578125,686.7472534179688,-0.7423166204243898
3697,151.45000000000041,0.05000000000001137,162.3831756591797,680.6767578125,685.6867065429688,-0.7423165822401643
3698,151.50000000000043,0.05000000000001137,162.88205108642578,678.7884521484375,684.6353759765625,-0.7423163533676416
3699,151.50000000000043,0.05000000000001137,162.88205108642578,677.0401611328125,683.661865234375,-0.7423163915518671
3700,151.55000000000044,0.05000000000001137,163.38048706054687,675.130615234375,682.5994262695312,-0.7423164296196774
3701,151.60000000000045,0.05000000000001137,163.8784149169922,673.2427368164062,681.5475463867188,-0.7423162771156058
3702,151.65000000000046,0.05000000000001137,164.37566986083985,671.3389892578125,680.488037109375,-0.7423161244951189
3703,151.70000000000047,0.05000000000001137,164.87197723388672,669.4193115234375,679.4188232421875,-0.7423162007471547
3704,151.75000000000048,0.05000000000001137,165.36713104248048,667.5164184570312,678.3592529296875,-0.7423162007471547
3705,151.8000000000005,0.05000000000001137,165.86082916259767,665.6065673828125,677.2960205078125,-0.7423159718746319
3706,151.8500000000005,0.05000000000001137,166.35297546386718,663.8457641601562,676.3156127929688,-0.7423160482430831
3707,151.90000000000052,0.05000000000001137,166.84347381591797,662.094970703125,675.3401489257812,-0.7423160100588575
3708,151.95000000000053,0.05000000000001137,167.33232421875002,660.34326171875,674.3646240234375,-0.7423158574383706
3709,152.00000000000054,0.05000000000001137,167.81952667236328,658.416259765625,673.2919311523438,-0.7423158956225961
3710,152.05000000000055,0.05000000000001137,168.30523223876955,656.5078735351562,672.2279663085938,-0.7423158956225961
3711,152.10000000000056,0.05000000000001137,168.78956451416016,654.7241821289062,671.2349243164062,-0.7423157430021092
3712,152.15000000000057,0.05000000000001137,169.27267456054688,652.7996215820312,670.1641845703125,-0.7423157811863348
3713,152.20000000000059,0.05000000000001137,169.7546585083008,650.9098510742188,669.1109008789062,-0.7423157048178837
3714,152.2500000000006,0.05000000000001137,170.23570861816407,648.9963989257812,668.045166015625,-0.7423157430021092
3715,152.2500000000006,0.05000000000001137,170.23570861816407,647.1124877929688,666.9965209960938,-0.7423157430021092
3716,152.3000000000006,0.05000000000001137,170.7158935546875,645.2067260742188,665.9359130859375,-0.7423158574383706
3717,152.35000000000062,0.05000000000001137,171.19529571533204,643.3223266601562,664.8859252929688,-0.7423156285658479
3718,152.40000000000063,0.05000000000001137,171.6739013671875,641.4432373046875,663.8392333984375,-0.7423157811863348
3719,152.45000000000064,0.05000000000001137,172.151806640625,639.5513916015625,662.7859497070312,-0.7423155903816223
3720,152.50000000000065,0.05000000000001137,172.62897033691408,637.67626953125,661.7420043945312,-0.7423153996933252
3721,152.55000000000067,0.05000000000001137,173.1053924560547,635.7838745117188,660.6829833984375,-0.7423126912908629
3722,152.55000000000067,0.05000000000001137,173.1053924560547,633.8876342773438,659.5838012695312,-0.7423145986394957
3723,152.6500000000007,0.10000000000002274,174.05584716796875,632.022705078125,658.5112915039062,-0.7423157048178837
3724,152.6500000000007,0.10000000000002274,174.05584716796875,630.1793823242188,657.4005126953125,-0.7423046041512862
3725,152.7000000000007,0.05000000000001137,174.52986602783204,628.3280639648438,656.25537109375,-0.7423149037640542
3726,152.7500000000007,0.05000000000001137,175.00299224853515,626.5057373046875,655.1375732421875,-0.7423129582311958
3727,152.80000000000072,0.05000000000001137,175.4752395629883,624.6355590820312,654.0831298828125,-0.7423131108516827
3728,152.85000000000073,0.05000000000001137,175.9465530395508,622.7648315429688,653.0079956054688,-0.742316315183416
3729,152.90000000000074,0.05000000000001137,176.4168914794922,620.9070434570312,651.9107055664062,-0.7423129582311958
3730,152.90000000000074,0.05000000000001137,176.4168914794922,619.0673828125,650.8185424804688,-0.7423162007471547
3731,152.95000000000076,0.05000000000001137,176.88633728027344,617.2235107421875,649.7243041992188,-0.7423167729284614
3732,153.00000000000077,0.05000000000001137,177.35476684570312,615.3805541992188,648.6307983398438,-0.7423167729284614
3733,153.05000000000078,0.05000000000001137,177.82223510742188,613.5301513671875,647.5328369140625,-0.7423166204243898
3734,153.1000000000008,0.05000000000001137,178.2887420654297,611.654052734375,646.4194946289062,-0.7423166204243898
3735,153.1500000000008,0.05000000000001137,178.75430145263672,609.7936401367188,645.3159790039062,-0.7423165059881285
3736,153.2000000000008,0.05000000000001137,179.21885833740234,607.9262084960938,644.2078247070312,-0.7423163915518671
3737,153.25000000000082,0.05000000000001137,179.68241271972656,606.0618896484375,643.1015625,-0.742316315183416
3738,153.25000000000082,0.05000000000001137,179.68241271972656,604.3362426757812,642.0778198242188,-0.7423162007471547
3739,153.30000000000084,0.05000000000001137,180.14496459960938,602.6425170898438,640.5009765625,0.0
3740,153.35000000000085,0.05000000000001137,180.60659637451172,600.9219360351562,639.4813842773438,0.0
3741,153.40000000000086,0.05000000000001137,181.0672393798828,599.2013549804688,638.4617919921875,0.0
3742,153.45000000000087,0.05000000000001137,181.52694854736328,597.4807739257812,637.4421997070312,0.0
3743,153.50000000000088,0.05000000000001137,181.98562774658203,595.7601928710938,636.422607421875,0.0
3744,153.50000000000088,0.05000000000001137,181.98562774658203,594.0396118164062,635.4029541015625,0.0
3745,153.5500000000009,0.05000000000001137,182.44338684082032,592.3190307617188,634.3833618164062,0.0
3746,153.6000000000009,0.05000000000001137,182.9001708984375,590.598388671875,633.36376953125,0.0
3747,153.65000000000092,0.05000000000001137,183.3559799194336,588.8778076171875,632.3441772460938,0.0
3748,153.70000000000093,0.05000000000001137,183.8108139038086,587.1572265625,631.3245849609375,0.0
3749,153.75000000000094,0.05000000000001137,184.26465911865236,585.4366455078125,630.3049926757812,0.0
3750,153.75000000000094,0.05000000000001137,184.26465911865236,583.716064453125,629.285400390625,0.0
3751,153.80000000000095,0.05000000000001137,184.717529296875,581.9954833984375,628.2658081054688,0.0
3752,153.85000000000096,0.05000000000001137,185.16942443847657,580.27490234375,627.2462158203125,0.0
3753,153.90000000000097,0.05000000000001137,185.6203582763672,578.5543212890625,626.2265625,0.0
3754,153.90000000000097,0.05000000000001137,185.6203582763672,576.833740234375,625.2069702148438,0.0
3755,153.95000000000098,0.05000000000001137,186.07027587890624,575.1131591796875,624.1873779296875,0.0
3756,154.000000000001,0.05000000000001137,186.51920471191406,573.392578125,623.1677856445312,0.0
3757,154.050000000001,0.05000000000001137,186.9671585083008,571.6719970703125,622.148193359375,0.0
3758,154.10000000000102,0.05000000000001137,187.41416473388674,569.9513549804688,621.1286010742188,0.0
3759,154.10000000000102,0.05000000000001137,187.41416473388674,568.2307739257812,620.1090087890625,0.0
3760,154.15000000000103,0.05000000000001137,187.86016845703125,566.5101928710938,619.0894165039062,0.0
3761,154.20000000000104,0.05000000000001137,188.30526580810547,564.7896118164062,618.06982421875,0.0
3762,154.25000000000105,0.05000000000001137,188.74936065673828,563.0690307617188,617.0501708984375,0.0
3763,154.25000000000105,0.05000000000001137,188.74936065673828,561.3484497070312,616.0305786132812,0.0
3764,154.30000000000106,0.05000000000001137,189.19249420166017,559.6278686523438,615.010986328125,0.0
3765,154.35000000000107,0.05000000000001137,189.63468017578126,557.9072875976562,613.9913940429688,0.0
3766,154.40000000000109,0.05000000000001137,190.07593231201173,556.1867065429688,612.9718017578125,0.0
3767,154.40000000000109,0.05000000000001137,190.07593231201173,554.4661254882812,611.9522094726562,0.0
3768,154.4500000000011,0.05000000000001137,190.5162094116211,552.7454833984375,610.9326171875,0.0
3769,154.5000000000011,0.05000000000001137,190.95542907714844,551.02490234375,609.9130249023438,0.0
3770,154.55000000000112,0.05000000000001137,191.39365997314454,549.3043212890625,608.8934326171875,0.0
3771,154.55000000000112,0.05000000000001137,191.39365997314454,547.583740234375,607.8738403320312,0.0
3772,154.60000000000113,0.05000000000001137,191.83077850341797,545.8631591796875,606.8541870117188,0.0
3773,154.65000000000114,0.05000000000001137,192.26682586669924,544.142578125,605.8345947265625,0.0
3774,154.70000000000115,0.05000000000001137,192.7016784667969,542.4219970703125,604.8150024414062,0.0
3775,154.75000000000117,0.05000000000001137,193.13528137207032,540.701416015625,603.79541015625,0.0
3776,154.75000000000117,0.05000000000001137,193.13528137207032,538.9808349609375,602.7758178710938,0.0
3777,154.80000000000118,0.05000000000001137,193.5675521850586,537.26025390625,601.7562255859375,0.0
3778,154.8500000000012,0.05000000000001137,193.9983673095703,535.5396728515625,600.7366333007812,0.0
3779,154.9000000000012,0.05000000000001137,194.42761688232423,533.819091796875,599.717041015625,0.0
3780,154.9000000000012,0.05000000000001137,194.42761688232423,532.0984497070312,598.6974487304688,0.0
3781,154.9500000000012,0.05000000000001137,194.8552459716797,530.3778686523438,597.6778564453125,0.0
3782,155.00000000000122,0.05000000000001137,195.281103515625,528.6572875976562,596.658203125,0.0
3783,155.05000000000123,0.05000000000001137,195.7050796508789,526.9367065429688,595.6386108398438,0.0
3784,155.05000000000123,0.05000000000001137,195.7050796508789,525.2161254882812,594.6190185546875,0.0
3785,155.10000000000124,0.05000000000001137,196.1269958496094,523.4955444335938,593.5994262695312,0.0
3786,155.15000000000126,0.05000000000001137,196.54678344726562,521.7749633789062,592.579833984375,0.0
3787,155.15000000000126,0.05000000000001137,196.54678344726562,520.0559692382812,591.5576171875,0.0
3788,155.20000000000127,0.05000000000001137,196.9643325805664,518.3410034179688,590.528564453125,0.0
3789,155.25000000000128,0.05000000000001137,197.37951965332033,516.6301879882812,589.49267578125,0.0
3790,155.3000000000013,0.05000000000001137,197.79219360351564,514.9235229492188,588.4498901367188,0.0
3791,155.3000000000013,0.05000000000001137,197.79219360351564,513.2210693359375,587.400390625,0.0
3792,155.3500000000013,0.05000000000001137,198.20228576660156,511.52276611328125,586.343994140625,0.0
3793,155.3500000000013,0.05000000000001137,198.20228576660156,509.82879638671875,585.2808837890625,0.0
3794,155.4000000000013,0.05000000000001137,198.60967254638672,508.1390075683594,584.2109375,0.0
3795,155.45000000000132,0.05000000000001137,199.01429901123046,506.4535217285156,583.13427734375,0.0
3796,155.45000000000132,0.05000000000001137,199.01429901123046,504.77239990234375,582.0509033203125,0.0
3797,155.50000000000134,0.05000000000001137,199.4161102294922,503.0955810546875,580.9608154296875,0.0
3798,155.55000000000135,0.05000000000001137,199.81509246826172,501.42315673828125,579.8639526367188,0.0
3799,155.60000000000136,0.05000000000001137,200.2112045288086,499.755126953125,578.760498046875,0.0
3800,155.60000000000136,0.05000000000001137,200.2112045288086,498.091552734375,577.6503295898438,0.0
3801,155.65000000000137,0.05000000000001137,200.6045150756836,496.4324035644531,576.5335693359375,0.0
3802,155.70000000000138,0.05000000000001137,200.9950378417969,494.7777404785156,575.4100952148438,0.0
3803,155.70000000000138,0.05000000000001137,200.9950378417969,493.1275634765625,574.280029296875,0.0
3804,155.7500000000014,0.05000000000001137,201.38289642333984,491.4819641113281,573.1434326171875,0.0
3805,155.8000000000014,0.05000000000001137,201.76821441650392,489.84088134765625,572.000244140625,0.0
3806,155.8000000000014,0.05000000000001137,201.76821441650392,488.20440673828125,570.8504638671875,0.0
3807,155.85000000000142,0.05000000000001137,202.1511428833008,486.5725402832031,569.6942138671875,0.0
3808,155.90000000000143,0.05000000000001137,202.53180541992188,484.9453125,568.5313720703125,0.0
3809,155.95000000000144,0.05000000000001137,202.91046295166015,483.32275390625,567.362060546875,0.0
3810,155.95000000000144,0.05000000000001137,202.91046295166015,481.70489501953125,566.186279296875,0.0
3811,156.00000000000145,0.05000000000001137,203.28710174560547,480.09173583984375,565.0040283203125,0.0
3812,156.05000000000146,0.05000000000001137,203.6622299194336,478.4833068847656,563.8153076171875,0.0
3813,156.05000000000146,0.05000000000001137,203.6622299194336,476.8796691894531,562.6202392578125,0.0
3814,156.10000000000147,0.05000000000001137,204.0359848022461,475.28082275390625,561.418701171875,0.0
3815,156.15000000000148,0.05000000000001137,204.40868225097657,473.686767578125,560.2108154296875,0.0
3816,156.15000000000148,0.05000000000001137,204.40868225097657,472.09759521484375,558.9965209960938,0.0
3817,156.2000000000015,0.05000000000001137,204.78058319091798,470.5132751464844,557.77587890625,0.0
3818,156.2500000000015,0.05000000000001137,205.1518798828125,468.933837890625,556.5489501953125,0.0
3819,156.30000000000152,0.05000000000001137,205.52292938232424,467.3593444824219,555.315673828125,0.0
3820,156.30000000000152,0.05000000000001137,205.52292938232424,465.7897644042969,554.076171875,0.0
3821,156.35000000000153,0.05000000000001137,205.893896484375,464.2251892089844,552.830322265625,0.0
3822,156.40000000000154,0.05000000000001137,206.26491851806642,462.66558837890625,551.5782470703125,0.0
3823,156.40000000000154,0.05000000000001137,206.26491851806642,461.11102294921875,550.3199462890625,0.0
3824,156.45000000000155,0.05000000000001137,206.63638000488282,459.5611267089844,549.055908203125,0.0
3825,156.50000000000156,0.05000000000001137,207.0084182739258,458.01220703125,547.7906494140625,0.0
3826,156.50000000000156,0.05000000000001137,207.0084182739258,456.46331787109375,546.525390625,0.0
3827,156.55000000000157,0.05000000000001137,207.3812255859375,454.9143981933594,545.2601318359375,0.0
3828,156.6000000000016,0.05000000000001137,207.75495300292968,453.3655090332031,543.9948120117188,0.0
3829,156.6500000000016,0.05000000000001137,208.12940826416016,451.8166198730469,542.7295532226562,0.0
3830,156.6500000000016,0.05000000000001137,208.12940826416016,450.2677001953125,541.4642944335938,0.0
3831,156.7000000000016,0.05000000000001137,208.50520935058594,448.71881103515625,540.1990356445312,0.0
3832,156.75000000000162,0.05000000000001137,208.88215026855468,447.1698913574219,538.9337768554688,0.0
3833,156.80000000000163,0.05000000000001137,209.26028594970703,445.6210021972656,537.6685180664062,0.0
3834,156.85000000000164,0.05000000000001137,209.63957519531252,444.0721130371094,536.4032592773438,0.0
3835,156.85000000000164,0.05000000000001137,209.63957519531252,442.523193359375,535.137939453125,0.0
3836,156.90000000000165,0.05000000000001137,210.02004547119142,440.97430419921875,533.8726806640625,0.0
3837,156.95000000000167,0.05000000000001137,210.40166931152345,439.4253845214844,532.607421875,0.0
3838,156.95000000000167,0.05000000000001137,210.40166931152345,437.87677001953125,531.341796875,0.0
3839,157.00000000000168,0.05000000000001137,210.78435058593752,436.33203125,530.0714721679688,0.0
3840,157.0500000000017,0.05000000000001137,211.16795196533204,434.7923889160156,528.794921875,0.0
3841,157.0500000000017,0.05000000000001137,211.16795196533204,433.25787353515625,527.5122680664062,0.0
3842,157.1000000000017,0.05000000000001137,211.55237731933593,431.728515625,526.2235107421875,0.0
3843,157.1500000000017,0.05000000000001137,211.93748931884767,430.2043151855469,524.9285888671875,0.0
3844,157.1500000000017,0.05000000000001137,211.93748931884767,428.685302734375,523.6275634765625,0.0
3845,157.20000000000172,0.05000000000001137,212.32315063476562,427.1714782714844,522.3204956054688,0.0
3846,157.25000000000173,0.05000000000001137,212.70926513671876,425.6629333496094,521.0073852539062,0.0
3847,157.25000000000173,0.05000000000001137,212.70926513671876,424.1596374511719,519.688232421875,0.0
3848,157.30000000000175,0.05000000000001137,213.0956817626953,422.6616516113281,518.3631591796875,0.0
3849,157.30000000000175,0.05000000000001137,213.0956817626953,421.1689453125,517.031982421875,0.0
3850,157.35000000000176,0.05000000000001137,213.4822219848633,419.68157958984375,515.6949462890625,0.0
3851,157.40000000000177,0.05000000000001137,213.86883087158205,418.1995849609375,514.3519287109375,0.0
3852,157.40000000000177,0.05000000000001137,213.86883087158205,416.7229919433594,513.0029907226562,0.0
3853,157.45000000000178,0.05000000000001137,214.25531616210938,415.25177001953125,511.6481628417969,0.0
3854,157.5000000000018,0.05000000000001137,214.6415542602539,413.7860107421875,510.2874755859375,0.0
3855,157.5000000000018,0.05000000000001137,214.6415542602539,412.3236999511719,508.92303466796875,0.0
3856,157.5500000000018,0.05000000000001137,215.0274627685547,410.8614501953125,507.5585632324219,0.0
3857,157.6000000000018,0.05000000000001137,215.41301422119142,409.399169921875,506.1941223144531,0.0
3858,157.6000000000018,0.05000000000001137,215.41301422119142,407.9368896484375,504.82965087890625,0.0
3859,157.65000000000182,0.05000000000001137,215.79804382324218,406.4746398925781,503.4651794433594,0.0
3860,157.70000000000184,0.05000000000001137,216.1824691772461,405.0123596191406,502.1007080078125,0.0
3861,157.70000000000184,0.05000000000001137,216.1824691772461,403.55010986328125,500.7362365722656,0.0
3862,157.75000000000185,0.05000000000001137,216.56634521484375,402.08782958984375,499.37176513671875,0.0
3863,157.80000000000186,0.05000000000001137,216.94952087402345,400.62554931640625,498.00732421875,0.0
3864,157.80000000000186,0.05000000000001137,216.94952087402345,399.1632995605469,496.6428527832031,0.0
3865,157.85000000000187,0.05000000000001137,217.33196868896485,397.7010192871094,495.27838134765625,0.0
3866,157.90000000000188,0.05000000000001137,217.7136474609375,396.2387390136719,493.9139099121094,0.0
3867,157.90000000000188,0.05000000000001137,217.7136474609375,394.7764892578125,492.5494384765625,0.0
3868,157.9500000000019,0.05000000000001137,218.09448852539063,393.314208984375,491.18499755859375,0.0
3869,158.0000000000019,0.05000000000001137,218.4745056152344,391.8519287109375,489.8205261230469,0.0
3870,158.0000000000019,0.05000000000001137,218.4745056152344,390.3896789550781,488.4560546875,0.0
3871,158.05000000000192,0.05000000000001137,218.8536849975586,388.9273986816406,487.0915832519531,0.0
3872,158.10000000000193,0.05000000000001137,219.23194427490236,387.4651184082031,485.72711181640625,0.0
3873,158.10000000000193,0.05000000000001137,219.23194427490236,386.00286865234375,484.3626403808594,0.0
3874,158.15000000000194,0.05000000000001137,219.60928344726562,384.54058837890625,482.9981689453125,0.0
3875,158.15000000000194,0.05000000000001137,219.60928344726562,383.07830810546875,481.63372802734375,0.0
3876,158.20000000000195,0.05000000000001137,219.98572998046876,381.6160583496094,480.2692565917969,0.0
3877,158.25000000000196,0.05000000000001137,220.36129760742188,380.1537780761719,478.90478515625,0.0
3878,158.25000000000196,0.05000000000001137,220.36129760742188,378.6915283203125,477.5403137207031,0.0
3879,158.30000000000197,0.05000000000001137,220.73587646484376,377.229248046875,476.17584228515625,0.0
3880,158.35000000000198,0.05000000000001137,221.10956268310548,375.7669677734375,474.8114013671875,0.0
3881,158.35000000000198,0.05000000000001137,221.10956268310548,374.3047180175781,473.4469299316406,0.0
3882,158.400000000002,0.05000000000001137,221.4822738647461,372.8424377441406,472.08245849609375,0.0
3883,158.450000000002,0.05000000000001137,221.8540512084961,371.3801574707031,470.7179870605469,0.0
3884,158.450000000002,0.05000000000001137,221.8540512084961,369.91790771484375,469.353515625,0.0
3885,158.50000000000202,0.05000000000001137,222.22493591308594,368.45562744140625,467.9890441894531,0.0
3886,158.55000000000203,0.05000000000001137,222.59491424560548,366.99334716796875,466.6246032714844,0.0
3887,158.55000000000203,0.05000000000001137,222.59491424560548,365.5310974121094,465.2601318359375,0.0
3888,158.60000000000204,0.05000000000001137,222.964013671875,364.0688171386719,463.8956604003906,0.0
3889,158.65000000000205,0.05000000000001137,223.33217926025392,362.6065368652344,462.53118896484375,0.0
3890,158.65000000000205,0.05000000000001137,223.33217926025392,361.144287109375,461.1667175292969,0.0
3891,158.70000000000206,0.05000000000001137,223.69947967529296,359.6820068359375,459.80224609375,0.0
3892,158.75000000000207,0.05000000000001137,224.0659149169922,358.2197265625,458.43780517578125,0.0
3893,158.75000000000207,0.05000000000001137,224.0659149169922,356.7574768066406,457.0733337402344,0.0
3894,158.8000000000021,0.05000000000001137,224.43145751953125,355.2951965332031,455.7088623046875,0.0
3895,158.8000000000021,0.05000000000001137,224.43145751953125,353.83294677734375,454.3443908691406,0.0
3896,158.8500000000021,0.05000000000001137,224.79614868164063,352.37066650390625,452.97991943359375,0.0
3897,158.9000000000021,0.05000000000001137,225.16000213623047,350.90838623046875,451.615478515625,0.0
3898,158.9000000000021,0.05000000000001137,225.16000213623047,349.44610595703125,450.2510070800781,0.0
3899,158.95000000000212,0.05000000000001137,225.5229904174805,347.9838562011719,448.88653564453125,0.0
3900,159.00000000000213,0.05000000000001137,225.88516845703126,346.5215759277344,447.5220642089844,0.0
3901,159.00000000000213,0.05000000000001137,225.88516845703126,345.059326171875,446.1575927734375,0.0
3902,159.05000000000214,0.05000000000001137,226.2464813232422,343.5970458984375,444.7931213378906,0.0
3903,159.10000000000215,0.05000000000001137,226.60699768066408,342.13543701171875,443.427978515625,0.0
3904,159.10000000000215,0.05000000000001137,226.60699768066408,340.67852783203125,442.05780029296875,0.0
3905,159.15000000000217,0.05000000000001137,226.96666259765627,339.22711181640625,440.6817932128906,0.0
3906,159.15000000000217,0.05000000000001137,226.96666259765627,337.78118896484375,439.3000183105469,0.0
3907,159.20000000000218,0.05000000000001137,227.32554473876954,336.33929443359375,437.91400146484375,0.0
3908,159.2500000000022,0.05000000000001137,227.6835479736328,334.8976135253906,436.5278015136719,0.0
3909,159.2500000000022,0.05000000000001137,227.6835479736328,333.4559326171875,435.1416015625,0.0
3910,159.3000000000022,0.05000000000001137,228.04074096679688,332.0142517089844,433.7554016113281,0.0
3911,159.3500000000022,0.05000000000001137,228.39712371826172,330.57257080078125,432.36920166015625,0.0
3912,159.3500000000022,0.05000000000001137,228.39712371826172,329.1308898925781,430.9830017089844,0.0
3913,159.40000000000222,0.05000000000001137,228.75269622802736,327.689208984375,429.5968017578125,0.0
3914,159.40000000000222,0.05000000000001137,228.75269622802736,326.2475280761719,428.2106018066406,0.0
3915,159.45000000000223,0.05000000000001137,229.1074996948242,324.80584716796875,426.82440185546875,0.0
3916,159.50000000000225,0.05000000000001137,229.46145172119142,323.3641662597656,425.4382019042969,0.0
3917,159.50000000000225,0.05000000000001137,229.46145172119142,321.9224853515625,424.052001953125,0.0
3918,159.55000000000226,0.05000000000001137,229.81460723876953,320.4808044433594,422.6658020019531,0.0
3919,159.60000000000227,0.05000000000001137,230.16697998046877,319.03912353515625,421.27960205078125,0.0
3920,159.60000000000227,0.05000000000001137,230.16697998046877,317.5974426269531,419.89337158203125,0.0
3921,159.65000000000228,0.05000000000001137,230.51856994628906,316.15576171875,418.5071716308594,0.0
3922,159.65000000000228,0.05000000000001137,230.51856994628906,314.7140808105469,417.1209716796875,0.0
3923,159.7000000000023,0.05000000000001137,230.86939086914063,313.27239990234375,415.7347717285156,0.0
3924,159.7500000000023,0.05000000000001137,231.2193603515625,311.8307189941406,414.34857177734375,0.0
3925,159.7500000000023,0.05000000000001137,231.2193603515625,310.3890380859375,412.9623718261719,0.0
3926,159.8000000000023,0.05000000000001137,231.56853332519532,308.9473571777344,411.576171875,0.0
3927,159.85000000000232,0.05000000000001137,231.9169647216797,307.50567626953125,410.1899719238281,0.0
3928,159.85000000000232,0.05000000000001137,231.9169647216797,306.0639953613281,408.80377197265625,0.0
3929,159.90000000000234,0.05000000000001137,232.2645721435547,304.622314453125,407.4175720214844,0.0
3930,159.90000000000234,0.05000000000001137,232.2645721435547,303.1806335449219,406.0313720703125,0.0
3931,159.95000000000235,0.05000000000001137,232.61141052246094,301.73895263671875,404.6451416015625,0.0
3932,160.00000000000236,0.05000000000001137,232.95742492675782,300.2972717285156,403.25897216796875,0.0
3933,160.00000000000236,0.05000000000001137,232.95742492675782,298.8555908203125,401.87274169921875,0.0
3934,160.05000000000237,0.05000000000001137,233.30267028808595,297.4139099121094,400.4865417480469,0.0
3935,160.10000000000238,0.05000000000001137,233.64714660644532,295.97222900390625,399.100341796875,0.0
3936,160.10000000000238,0.05000000000001137,233.64714660644532,294.5305480957031,397.7141418457031,0.0
3937,160.1500000000024,0.05000000000001137,233.99085388183593,293.0888671875,396.32794189453125,0.0
3938,160.1500000000024,0.05000000000001137,233.99085388183593,291.6471862792969,394.9417419433594,0.0
3939,160.2000000000024,0.05000000000001137,234.3337646484375,290.20550537109375,393.5555419921875,0.0
3940,160.25000000000242,0.05000000000001137,234.67590637207033,288.7638244628906,392.1693420410156,0.0
3941,160.25000000000242,0.05000000000001137,234.67590637207033,287.3221435546875,390.78314208984375,0.0
3942,160.30000000000243,0.05000000000001137,235.0173065185547,285.8804626464844,389.3969421386719,0.0
3943,160.30000000000243,0.05000000000001137,235.0173065185547,284.43878173828125,388.0107421875,0.0
3944,160.35000000000244,0.05000000000001137,235.3578826904297,282.99713134765625,386.62451171875,0.0
3945,160.40000000000245,0.05000000000001137,235.69766235351562,281.555419921875,385.2383117675781,0.0
3946,160.40000000000245,0.05000000000001137,235.69766235351562,280.11376953125,383.85211181640625,0.0
3947,160.45000000000246,0.05000000000001137,236.03670043945314,278.67205810546875,382.4659118652344,0.0
3948,160.50000000000247,0.05000000000001137,236.37494201660158,277.23040771484375,381.0797119140625,0.0
3949,160.50000000000247,0.05000000000001137,236.37494201660158,275.7886962890625,379.6935119628906,0.0
3950,160.55000000000248,0.05000000000001137,236.71241455078126,274.3470458984375,378.30731201171875,0.0
3951,160.55000000000248,0.05000000000001137,236.71241455078126,272.90533447265625,376.9211120605469,0.0
3952,160.6000000000025,0.05000000000001137,237.0491455078125,271.46368408203125,375.534912109375,0.0
3953,160.6500000000025,0.05000000000001137,237.38507995605468,270.02197265625,374.1487121582031,0.0
3954,160.6500000000025,0.05000000000001137,237.38507995605468,268.580322265625,372.76251220703125,0.0
3955,160.70000000000252,0.05000000000001137,237.72024536132812,267.1395263671875,371.37530517578125,0.0
3956,160.70000000000252,0.05000000000001137,237.72024536132812,265.70379638671875,369.9829406738281,0.0
3957,160.75000000000253,0.05000000000001137,238.0546417236328,264.2736511230469,368.5848388671875,0.0
3958,160.80000000000254,0.05000000000001137,238.38829650878907,262.84912109375,367.1810302734375,0.0
3959,160.80000000000254,0.05000000000001137,238.38829650878907,261.4302062988281,365.7715148925781,0.0
3960,160.85000000000255,0.05000000000001137,238.7212097167969,260.0169982910156,364.3563537597656,0.0
3961,160.85000000000255,0.05000000000001137,238.7212097167969,258.6064453125,362.9384765625,0.0
3962,160.90000000000256,0.05000000000001137,239.05335388183593,257.1959228515625,361.52056884765625,0.0
3963,160.95000000000258,0.05000000000001137,239.38467407226562,255.785400390625,360.1026916503906,0.0
3964,161.0000000000026,0.05000000000001137,239.71528015136718,254.3748779296875,358.6847839355469,0.0
3965,161.0000000000026,0.05000000000001137,239.71528015136718,252.96435546875,357.26690673828125,0.0
3966,161.0500000000026,0.05000000000001137,240.0451446533203,251.5538330078125,355.8490295410156,0.0
3967,161.1000000000026,0.05000000000001137,240.3742401123047,250.14329528808594,354.4311218261719,0.0
3968,161.1000000000026,0.05000000000001137,240.3742401123047,248.73277282714844,353.01324462890625,0.0
3969,161.15000000000262,0.05000000000001137,240.70256652832032,247.32225036621094,351.5953369140625,0.0
3970,161.15000000000262,0.05000000000001137,240.70256652832032,245.91171264648438,350.1774597167969,0.0
3971,161.20000000000263,0.05000000000001137,241.03017883300782,244.50119018554688,348.7595520019531,0.0
3972,161.25000000000264,0.05000000000001137,241.35702209472657,243.09066772460938,347.3416748046875,0.0
3973,161.25000000000264,0.05000000000001137,241.35702209472657,241.68014526367188,345.92376708984375,0.0
3974,161.30000000000265,0.05000000000001137,241.68306884765624,240.2696075439453,344.5058898925781,0.0
3975,161.30000000000265,0.05000000000001137,241.68306884765624,238.8590850830078,343.0880126953125,0.0
3976,161.35000000000267,0.05000000000001137,242.0084014892578,237.4485626220703,341.67010498046875,0.0
3977,161.40000000000268,0.05000000000001137,242.33299255371094,236.03802490234375,340.2522277832031,0.0
3978,161.40000000000268,0.05000000000001137,242.33299255371094,234.62750244140625,338.8343200683594,0.0
3979,161.4500000000027,0.05000000000001137,242.65684204101564,233.21697998046875,337.41644287109375,0.0
3980,161.4500000000027,0.05000000000001137,242.65684204101564,231.80645751953125,335.99853515625,0.0
3981,161.5000000000027,0.05000000000001137,242.9799774169922,230.3959197998047,334.5806579589844,0.0
3982,161.5500000000027,0.05000000000001137,243.30231628417968,228.9853973388672,333.1627502441406,0.0
3983,161.5500000000027,0.05000000000001137,243.30231628417968,227.5748748779297,331.744873046875,0.0
3984,161.60000000000272,0.05000000000001137,243.62391357421876,226.16433715820312,330.32696533203125,0.0
3985,161.60000000000272,0.05000000000001137,243.62391357421876,224.75381469726562,328.9090881347656,0.0
3986,161.65000000000273,0.05000000000001137,243.94476928710938,223.34329223632812,327.4912109375,0.0
3987,161.70000000000275,0.05000000000001137,244.2649108886719,221.93276977539062,326.07330322265625,0.0
3988,161.70000000000275,0.05000000000001137,244.2649108886719,220.52224731445312,324.6554260253906,0.0
3989,161.75000000000276,0.05000000000001137,244.58431091308594,219.11170959472656,323.2375183105469,0.0
3990,161.75000000000276,0.05000000000001137,244.58431091308594,217.70118713378906,321.81964111328125,0.0
3991,161.80000000000277,0.05000000000001137,244.9029968261719,216.2906494140625,320.4017333984375,0.0
3992,161.80000000000277,0.05000000000001137,244.9029968261719,214.880126953125,318.9838562011719,0.0
3993,161.85000000000278,0.05000000000001137,245.22088623046875,213.4696044921875,317.56597900390625,0.0
3994,161.9000000000028,0.05000000000001137,245.5380615234375,212.05908203125,316.1480712890625,0.0
3995,161.9000000000028,0.05000000000001137,245.5380615234375,210.6485595703125,314.7301940917969,0.0
3996,161.9500000000028,0.05000000000001137,245.85452270507812,209.23802185058594,313.3122863769531,0.0
3997,161.9500000000028,0.05000000000001137,245.85452270507812,207.82749938964844,311.8944091796875,0.0
3998,162.0000000000028,0.05000000000001137,246.1702423095703,206.41697692871094,310.47650146484375,0.0
3999,162.05000000000283,0.05000000000001137,246.4852478027344,205.00643920898438,309.0586242675781,0.0
4000,162.05000000000283,0.05000000000001137,246.4852478027344,203.59591674804688,307.6407165527344,0.0
4001,162.10000000000284,0.05000000000001137,246.7995391845703,202.18539428710938,306.22283935546875,0.0
4002,162.10000000000284,0.05000000000001137,246.7995391845703,200.77487182617188,304.804931640625,0.0
4003,162.15000000000285,0.05000000000001137,247.11308898925782,199.3643341064453,303.3870544433594,0.0
4004,162.20000000000286,0.05000000000001137,247.42589721679687,197.9538116455078,301.96917724609375,0.0
4005,162.20000000000286,0.05000000000001137,247.42589721679687,196.5432891845703,300.55126953125,0.0
4006,162.25000000000287,0.05000000000001137,247.73801879882814,195.13182067871094,299.13433837890625,0.0
4007,162.25000000000287,0.05000000000001137,247.73801879882814,193.71519470214844,297.7225036621094,0.0
4008,162.30000000000288,0.05000000000001137,248.04893188476564,192.29295349121094,296.3163757324219,0.0
4009,162.30000000000288,0.05000000000001137,248.04893188476564,190.8650665283203,294.91595458984375,0.0
4010,162.3500000000029,0.05000000000001137,248.3522918701172,189.43162536621094,293.521240234375,0.0
4011,162.4000000000029,0.05000000000001137,248.64623107910157,187.9925994873047,292.1322937011719,0.0
4012,162.4000000000029,0.05000000000001137,248.64623107910157,186.5480499267578,290.74908447265625,0.0
4013,162.45000000000292,0.05000000000001137,248.9308868408203,185.0979461669922,289.3716735839844,0.0
4014,162.45000000000292,0.05000000000001137,248.9308868408203,183.6423797607422,288.0000915527344,0.0
4015,162.50000000000293,0.05000000000001137,249.2065612792969,182.18133544921875,286.6343078613281,0.0
4016,162.50000000000293,0.05000000000001137,249.2065612792969,180.7180938720703,285.2708740234375,0.0
4017,162.55000000000294,0.05000000000001137,249.473583984375,179.2548370361328,283.907470703125,0.0
4018,162.60000000000295,0.05000000000001137,249.73214721679688,177.79159545898438,282.5440673828125,0.0
4019,162.60000000000295,0.05000000000001137,249.73214721679688,176.32833862304688,281.1806335449219,0.0
4020,162.65000000000296,0.05000000000001137,249.98258056640626,174.86508178710938,279.8172302246094,0.0
4021,162.65000000000296,0.05000000000001137,249.98258056640626,173.40184020996094,278.4538269042969,0.0
4022,162.70000000000297,0.05000000000001137,250.22510375976563,171.93858337402344,277.09039306640625,0.0
4023,162.70000000000297,0.05000000000001137,250.22510375976563,170.47532653808594,275.72698974609375,0.0
4024,162.75000000000298,0.05000000000001137,250.45996398925783,169.0120849609375,274.36358642578125,0.0
4025,162.800000000003,0.05000000000001137,250.68743591308595,167.548828125,273.0001525878906,0.0
4026,162.800000000003,0.05000000000001137,250.68743591308595,166.0855712890625,271.6367492675781,0.0
4027,162.850000000003,0.05000000000001137,250.90765686035158,164.62232971191406,270.2733459472656,0.0
4028,162.850000000003,0.05000000000001137,250.90765686035158,163.15907287597656,268.909912109375,0.0
4029,162.90000000000302,0.05000000000001137,251.12095642089844,161.69583129882812,267.5465087890625,0.0
4030,162.90000000000302,0.05000000000001137,251.12095642089844,160.23257446289062,266.18310546875,0.0
4031,162.95000000000303,0.05000000000001137,251.32749938964844,158.76931762695312,264.8196716308594,0.0
4032,163.00000000000304,0.05000000000001137,251.52742309570314,157.3060760498047,263.4562683105469,0.0
4033,163.00000000000304,0.05000000000001137,251.52742309570314,155.8428192138672,262.0928649902344,0.0
4034,163.05000000000305,0.05000000000001137,251.72100219726562,154.37957763671875,260.72943115234375,0.0
4035,163.05000000000305,0.05000000000001137,251.72100219726562,152.91632080078125,259.36602783203125,0.0
4036,163.10000000000306,0.05000000000001137,251.90837402343752,151.45306396484375,258.00262451171875,0.0
4037,163.10000000000306,0.05000000000001137,251.90837402343752,149.98980712890625,256.63922119140625,0.0
4038,163.15000000000308,0.05000000000001137,252.08981323242188,148.5265655517578,255.27578735351562,0.0
4039,163.2000000000031,0.05000000000001137,252.2654022216797,147.0633087158203,253.91238403320312,0.0
4040,163.2000000000031,0.05000000000001137,252.2654022216797,145.60006713867188,252.54896545410156,0.0
4041,163.2500000000031,0.05000000000001137,252.43538818359374,144.13681030273438,251.185546875,0.0
4042,163.2500000000031,0.05000000000001137,252.43538818359374,142.67355346679688,249.8221435546875,0.0
4043,163.3000000000031,0.05000000000001137,252.59993591308594,141.21031188964844,248.45872497558594,0.0
4044,163.3000000000031,0.05000000000001137,252.59993591308594,139.74705505371094,247.09530639648438,0.0
4045,163.35000000000312,0.05000000000001137,252.75910034179688,138.2838134765625,245.73190307617188,0.0
4046,163.40000000000313,0.05000000000001137,252.91318359375,136.820556640625,244.3684844970703,0.0
4047,163.40000000000313,0.05000000000001137,252.91318359375,135.3572998046875,243.00506591796875,0.0
4048,163.45000000000314,0.05000000000001137,253.06226806640626,133.89404296875,241.64166259765625,0.0
4049,163.45000000000314,0.05000000000001137,253.06226806640626,132.43080139160156,240.2782440185547,0.0
4050,163.50000000000315,0.05000000000001137,253.20657348632812,130.96754455566406,238.91482543945312,0.0
4051,163.50000000000315,0.05000000000001137,253.20657348632812,129.50430297851562,237.55142211914062,0.0
4052,163.55000000000317,0.05000000000001137,253.34615478515624,128.04104614257812,236.18800354003906,0.0
4053,163.60000000000318,0.05000000000001137,253.48128662109374,126.57778930664062,234.8245849609375,0.0
4054,163.60000000000318,0.05000000000001137,253.48128662109374,125.11454772949219,233.461181640625,0.0
4055,163.6500000000032,0.05000000000001137,253.61205139160157,123.65129089355469,232.09776306152344,0.0
4056,163.6500000000032,0.05000000000001137,253.61205139160157,122.18804168701172,230.73434448242188,0.0
4057,163.7000000000032,0.05000000000001137,253.73861389160157,120.72479248046875,229.37094116210938,0.0
4058,163.7000000000032,0.05000000000001137,253.73861389160157,119.26153564453125,228.0075225830078,0.0
4059,163.7500000000032,0.05000000000001137,253.861083984375,117.79828643798828,226.64410400390625,0.0
4060,163.7500000000032,0.05000000000001137,253.861083984375,116.33503723144531,225.28070068359375,0.0
4061,163.80000000000322,0.05000000000001137,253.97962646484376,114.87178802490234,223.9172821044922,0.0
4062,163.80000000000322,0.05000000000001137,253.97962646484376,113.40853881835938,222.55386352539062,0.0
4063,163.85000000000323,0.05000000000001137,254.0944061279297,111.94528198242188,221.19046020507812,0.0
4064,163.85000000000323,0.05000000000001137,254.0944061279297,110.4820327758789,219.82705688476562,0.0
4065,163.90000000000325,0.05000000000001137,254.20550537109375,109.01878356933594,218.463623046875,0.0
4066,163.90000000000325,0.05000000000001137,254.20550537109375,107.55553436279297,217.1002197265625,0.0
4067,163.95000000000326,0.05000000000001137,254.31317138671875,106.09227752685547,215.73681640625,0.0
4068,163.95000000000326,0.05000000000001137,254.31317138671875,104.6290283203125,214.37338256835938,0.0
4069,164.00000000000327,0.05000000000001137,254.41748657226563,103.16577911376953,213.00997924804688,0.0
4070,164.05000000000328,0.05000000000001137,254.51842346191407,101.70252227783203,211.64657592773438,0.0
4071,164.05000000000328,0.05000000000001137,254.51842346191407,100.23927307128906,210.28314208984375,0.0
4072,164.1000000000033,0.05000000000001137,254.6162841796875,98.7760238647461,208.91973876953125,0.0
4073,164.1000000000033,0.05000000000001137,254.6162841796875,97.31277465820312,207.55633544921875,0.0
4074,164.1500000000033,0.05000000000001137,254.71106872558593,95.84951782226562,206.19290161132812,0.0
4075,164.1500000000033,0.05000000000001137,254.71106872558593,94.38626861572266,204.82949829101562,0.0
4076,164.2000000000033,0.05000000000001137,254.8029968261719,92.92301940917969,203.46609497070312,0.0
4077,164.25000000000333,0.05000000000001137,254.8920684814453,91.45977020263672,202.1026611328125,0.0
4078,164.25000000000333,0.05000000000001137,254.8920684814453,89.99651336669922,200.7392578125,0.0
4079,164.30000000000334,0.05000000000001137,254.9783935546875,88.53326416015625,199.3758544921875,0.0
4080,164.30000000000334,0.05000000000001137,254.9783935546875,87.07001495361328,198.01243591308594,0.0
4081,164.35000000000335,0.05000000000001137,255.06213684082033,85.60676574707031,196.64901733398438,0.0
4082,164.35000000000335,0.05000000000001137,255.06213684082033,84.14350891113281,195.28561401367188,0.0
4083,164.40000000000336,0.05000000000001137,255.05189208984376,82.68025970458984,193.9221954345703,0.0
4084,164.40000000000336,0.05000000000001137,255.05189208984376,81.21701049804688,192.55877685546875,0.0
4085,164.45000000000337,0.05000000000001137,254.57184448242188,79.7537612915039,191.19537353515625,0.0
4086,164.50000000000338,0.05000000000001137,253.381201171875,78.2905044555664,189.8319549560547,0.0
4087,164.50000000000338,0.05000000000001137,253.381201171875,76.82725524902344,188.46853637695312,0.0
4088,164.5500000000034,0.05000000000001137,251.57073669433595,75.36400604248047,187.10513305664062,0.0
4089,164.5500000000034,0.05000000000001137,251.57073669433595,73.90074920654297,185.74171447753906,0.0
4090,164.6000000000034,0.05000000000001137,249.3441925048828,72.4375,184.3782958984375,0.0
4091,164.6000000000034,0.05000000000001137,249.3441925048828,70.97425079345703,183.014892578125,0.0
4092,164.65000000000342,0.05000000000001137,246.81629333496093,69.51100158691406,181.65147399902344,0.0
4093,164.70000000000343,0.05000000000001137,244.06031799316406,68.04774475097656,180.28805541992188,0.0
4094,164.70000000000343,0.05000000000001137,244.06031799316406,66.5844955444336,178.92465209960938,0.0
4095,164.75000000000344,0.05000000000001137,241.12976989746093,65.12124633789062,177.5612335205078,0.0
4096,164.75000000000344,0.05000000000001137,241.12976989746093,63.657997131347656,176.19781494140625,0.0
4097,164.80000000000345,0.05000000000001137,238.06466674804688,62.194740295410156,174.83441162109375,0.0
4098,164.85000000000346,0.05000000000001137,234.89511108398438,60.73149108886719,173.4709930419922,0.0
4099,164.85000000000346,0.05000000000001137,234.89511108398438,59.26824188232422,172.10757446289062,0.0
4100,164.90000000000347,0.05000000000001137,231.6443115234375,57.80499267578125,170.74417114257812,0.0
4101,164.95000000000348,0.05000000000001137,228.33031311035157,56.34173583984375,169.38075256347656,0.0
4102,164.95000000000348,0.05000000000001137,228.33031311035157,54.87848663330078,168.017333984375,0.0
4103,165.0000000000035,0.05000000000001137,224.96721954345705,53.41523742675781,166.6539306640625,0.0
4104,165.0000000000035,0.05000000000001137,224.96721954345705,51.95198059082031,165.29051208496094,0.0
4105,165.0500000000035,0.05000000000001137,221.568310546875,50.488739013671875,163.92709350585938,0.0
4106,165.10000000000352,0.05000000000001137,218.15575103759767,49.025482177734375,162.56369018554688,0.0
4107,165.10000000000352,0.05000000000001137,218.15575103759767,47.562225341796875,161.2002716064453,0.0
4108,165.15000000000353,0.05000000000001137,214.81321563720704,46.09898376464844,159.83685302734375,0.0
4109,165.20000000000354,0.05000000000001137,211.73436584472657,44.63572692871094,158.47344970703125,0.0
4110,165.20000000000354,0.05000000000001137,211.73436584472657,43.17041015625,157.11224365234375,0.0
4111,165.25000000000355,0.05000000000001137,208.96487731933595,41.700340270996094,155.75621032714844,0.0
4112,165.30000000000356,0.05000000000001137,206.41006164550782,40.22953796386719,154.40093994140625,0.0
4113,165.35000000000358,0.05000000000001137,204.11446838378907,38.758731842041016,153.04568481445312,0.0
4114,165.35000000000358,0.05000000000001137,204.11446838378907,37.287925720214844,151.6904296875,0.0
4115,165.4000000000036,0.05000000000001137,202.1157943725586,35.81712341308594,150.3351593017578,0.0
4116,165.4500000000036,0.05000000000001137,200.33231506347656,34.346317291259766,148.9799041748047,0.0
4117,165.4500000000036,0.05000000000001137,200.33231506347656,32.87551498413086,147.6246337890625,0.0
4118,165.5000000000036,0.05000000000001137,198.44851684570312,31.404708862304688,146.26937866210938,0.0
4119,165.55000000000362,0.05000000000001137,196.2290451049805,29.933902740478516,144.91412353515625,0.0
4120,165.60000000000363,0.05000000000001137,193.69967651367188,28.46310043334961,143.55885314941406,0.0
4121,165.60000000000363,0.05000000000001137,193.69967651367188,26.992294311523438,142.20359802246094,0.0
4122,165.65000000000364,0.05000000000001137,190.97848663330078,25.5214900970459,140.84832763671875,0.0
4123,165.70000000000366,0.05000000000001137,188.1106704711914,24.05068588256836,139.49307250976562,0.0
4124,165.75000000000367,0.05000000000001137,185.12185363769532,22.579879760742188,138.1378173828125,0.0
4125,165.75000000000367,0.05000000000001137,185.12185363769532,21.10907554626465,136.7825469970703,0.0
4126,165.80000000000368,0.05000000000001137,182.0364944458008,19.63827133178711,135.4272918701172,0.0
4127,165.8500000000037,0.05000000000001137,178.88263549804688,18.16746711730957,134.072021484375,0.0
4128,165.9000000000037,0.05000000000001137,175.7274169921875,16.6966609954834,132.71676635742188,0.0
4129,165.9500000000037,0.05000000000001137,172.59579162597657,15.22585678100586,131.36151123046875,0.0
4130,165.9500000000037,0.05000000000001137,172.59579162597657,13.75505256652832,130.00624084472656,0.0
4131,166.00000000000372,0.05000000000001137,169.55503692626954,12.284248352050781,128.65098571777344,0.0
4132,166.05000000000373,0.05000000000001137,166.81742248535156,10.81344223022461,127.29571533203125,0.0
4133,166.10000000000375,0.05000000000001137,164.46036071777345,9.342639923095703,125.94046020507812,0.0
4134,166.15000000000376,0.05000000000001137,162.38513946533203,7.871833801269531,124.58518981933594,0.0
4135,166.20000000000377,0.05000000000001137,160.5523864746094,6.401027679443359,123.22993469238281,0.0
4136,166.25000000000378,0.05000000000001137,158.9176483154297,4.930999755859375,121.87382507324219,0.0
4137,166.3000000000038,0.05000000000001137,157.46279754638672,3.465850830078125,120.51246643066406,0.0
4138,166.3500000000038,0.05000000000001137,156.16354064941407,2.00616455078125,119.14524841308594,0.0
4139,166.4000000000038,0.05000000000001137,155.00022583007814,0.55194091796875,117.77220153808594,0.0
4140,166.45000000000383,0.05000000000001137,153.95318756103515,-0.89678955078125,116.39335632324219,0.0
4141,166.50000000000384,0.05000000000001137,153.01354064941407,-2.3399658203125,115.00874328613281,0.0
4142,166.55000000000385,0.05000000000001137,152.1657669067383,-3.779679298400879,113.6204833984375,0.0
4143,166.60000000000386,0.05000000000001137,151.40874023437502,-5.132547378540039,112.14909362792969,0.0
4144,166.65000000000387,0.05000000000001137,150.74246063232422,-6.30046272277832,110.52698516845703,0.0
4145,166.70000000000388,0.05000000000001137,150.16543121337892,-7.266786575317383,108.77728271484375,0.0
4146,166.70000000000388,0.05000000000001137,150.16543121337892,-8.017751693725586,106.9249038696289,0.0
4147,166.70000000000388,0.05000000000001137,150.16543121337892,-8.542658805847168,104.99624633789062,0.0
4148,166.7500000000039,0.05000000000001137,149.67747344970704,-8.834029197692871,103.01879119873047,0.0
4149,166.8000000000039,0.05000000000001137,149.27200927734376,-8.88787841796875,101.02069091796875,0.0
4150,166.85000000000392,0.05000000000001137,148.96187896728517,-8.83110237121582,99.02149200439453,0.0
4151,166.90000000000393,0.05000000000001137,148.74230346679687,-8.774327278137207,97.02230072021484,0.0
4152,166.95000000000394,0.05000000000001137,148.61331024169922,-8.717552185058594,95.02310180664062,0.0
4153,167.00000000000395,0.05000000000001137,148.57658843994142,-8.660776138305664,93.02391052246094,0.0
4154,167.05000000000396,0.05000000000001137,148.62696075439453,-8.60400104522705,91.02471923828125,0.0
4155,167.15000000000398,0.10000000000002274,148.9716979980469,-8.547225952148438,89.02552795410156,0.0
4156,167.200000000004,0.05000000000001137,149.2551040649414,-8.490449905395508,87.02632904052734,0.0
4157,167.250000000004,0.05000000000001137,149.60198364257812,-8.433674812316895,85.02713775634766,0.0
4158,167.30000000000402,0.05000000000001137,150.0030944824219,-8.376899719238281,83.02793884277344,0.0
4159,167.35000000000403,0.05000000000001137,150.4488510131836,-8.323699951171875,81.02864837646484,0.0
4160,167.40000000000404,0.05000000000001137,150.9308624267578,-8.279754638671875,79.02913665771484,0.0
4161,167.45000000000405,0.05000000000001137,151.43764801025392,-8.2451171875,77.02943420410156,0.0
4162,167.50000000000406,0.05000000000001137,151.96262969970704,-8.21978759765625,75.02960205078125,0.0
4163,167.50000000000406,0.05000000000001137,151.96262969970704,-8.203765869140625,73.0296630859375,0.0
4164,167.55000000000408,0.05000000000001137,152.49939422607423,-8.197052001953125,71.02967834472656,0.0
4165,167.6000000000041,0.05000000000001137,153.04217376708985,-8.19964599609375,69.02967834472656,0.0
4166,167.6500000000041,0.05000000000001137,153.5869857788086,-8.211578369140625,67.02971649169922,0.0
4167,167.7000000000041,0.05000000000001137,154.13067169189455,-8.2327880859375,65.02983093261719,0.0
4168,167.75000000000412,0.05000000000001137,154.6714599609375,-8.2633056640625,63.030067443847656,0.0
4169,167.80000000000413,0.05000000000001137,155.2077850341797,-8.30316162109375,61.03046417236328,0.0
4170,167.85000000000414,0.05000000000001137,155.73904266357422,-8.352294921875,59.031070709228516,0.0
4171,167.90000000000416,0.05000000000001137,156.26509552001954,-8.410736083984375,57.03192901611328,0.0
4172,167.95000000000417,0.05000000000001137,156.7864242553711,-8.478515625,55.033077239990234,0.0
4173,168.00000000000418,0.05000000000001137,157.3034683227539,-8.555572509765625,53.03456497192383,0.0
4174,168.0500000000042,0.05000000000001137,157.8167907714844,-8.641937255859375,51.03643035888672,0.0
4175,168.0500000000042,0.05000000000001137,157.8167907714844,-8.737579345703125,49.03872299194336,0.0
4176,168.1000000000042,0.05000000000001137,158.3267349243164,-8.842559814453125,47.041481018066406,0.0
4177,168.1500000000042,0.05000000000001137,158.832421875,-8.956817626953125,45.04474639892578,0.0
4178,168.20000000000422,0.05000000000001137,159.3341262817383,-9.080352783203125,43.04856872558594,0.0
4179,168.25000000000423,0.05000000000001137,159.82977447509765,-9.21319580078125,41.05298614501953,0.0
4180,168.30000000000425,0.05000000000001137,160.31939392089845,-9.355316162109375,39.05804443359375,0.0
4181,168.35000000000426,0.05000000000001137,160.79905700683594,-9.506744384765625,37.06378936767578,0.0
4182,168.40000000000427,0.05000000000001137,161.26609954833984,-9.66741943359375,35.070255279541016,0.0
4183,168.40000000000427,0.05000000000001137,161.26609954833984,-9.83740234375,33.07749557495117,0.0
4184,168.45000000000428,0.05000000000001137,161.71980743408204,-10.016496658325195,31.08553123474121,0.0
4185,168.5000000000043,0.05000000000001137,162.15405578613283,-10.198583602905273,29.09383773803711,0.0
4186,168.5500000000043,0.05000000000001137,162.5683090209961,-10.380670547485352,27.102144241333008,0.0
4187,168.60000000000431,0.05000000000001137,162.95605773925783,-10.56275749206543,25.110450744628906,0.0
4188,168.65000000000433,0.05000000000001137,163.31642303466796,-10.744844436645508,23.118755340576172,0.0
4189,168.70000000000434,0.05000000000001137,163.6424560546875,-10.926931381225586,21.127063751220703,0.0
4190,168.75000000000435,0.05000000000001137,163.93103942871093,-11.119781494140625,19.136409759521484,0.0
4191,168.80000000000436,0.05000000000001137,164.18356018066407,-11.35614013671875,17.150470733642578,0.0
4192,168.80000000000436,0.05000000000001137,164.18356018066407,-11.638153076171875,15.170498847961426,0.0
4193,168.85000000000437,0.05000000000001137,164.39444274902345,-11.965675354003906,13.197543144226074,0.0
4194,168.90000000000438,0.05000000000001137,164.56685943603517,-12.338531494140625,11.232650756835938,0.0
4195,168.90000000000438,0.05000000000001137,164.56685943603517,-12.756523132324219,9.276863098144531,0.0
4196,168.9500000000044,0.05000000000001137,164.6968551635742,-13.219429016113281,7.331214904785156,0.0
4197,169.0000000000044,0.05000000000001137,164.78926391601564,-13.726997375488281,5.396739959716797,0.0
4198,169.05000000000442,0.05000000000001137,164.84199829101564,-14.278968811035156,3.4744625091552734,0.0
4199,169.10000000000443,0.05000000000001137,164.86123809814453,-14.875045776367188,1.5654010772705078,0.0
4200,169.10000000000443,0.05000000000001137,164.86123809814453,-15.514915466308594,-0.32943153381347656,0.0
4201,169.15000000000444,0.05000000000001137,164.84703826904297,-16.19823455810547,-2.2090320587158203,0.0
4202,169.20000000000445,0.05000000000001137,164.80645751953125,-16.924644470214844,-4.0724029541015625,0.0
4203,169.25000000000446,0.05000000000001137,164.74390411376953,-17.693756103515625,-5.918560028076172,0.0
4204,169.30000000000447,0.05000000000001137,164.66231689453124,-18.505165100097656,-7.74652099609375,0.0
4205,169.35000000000448,0.05000000000001137,164.56952362060548,-19.358444213867188,-9.555316925048828,0.0
4206,169.35000000000448,0.05000000000001137,164.56952362060548,-20.253128051757812,-11.343990325927734,0.0
4207,169.4000000000045,0.05000000000001137,164.47162170410158,-21.188758850097656,-13.111591339111328,0.0
4208,169.4500000000045,0.05000000000001137,164.37413177490234,-22.164833068847656,-14.857185363769531,0.0
4209,169.50000000000452,0.05000000000001137,164.28506011962892,-23.18083953857422,-16.579849243164062,0.0
4210,169.55000000000453,0.05000000000001137,164.21147918701172,-24.236228942871094,-18.278663635253906,0.0
4211,169.60000000000454,0.05000000000001137,164.16114807128906,-25.3304443359375,-19.952735900878906,0.0
4212,169.65000000000455,0.05000000000001137,164.14131774902344,-26.462913513183594,-21.60116958618164,0.0
4213,169.65000000000455,0.05000000000001137,164.14131774902344,-27.633026123046875,-23.223098754882812,0.0
4214,169.70000000000456,0.05000000000001137,164.16057128906252,-28.840171813964844,-24.81766128540039,0.0
4215,169.75000000000458,0.05000000000001137,164.22490997314455,-30.083702087402344,-26.384010314941406,0.0
4216,169.8000000000046,0.05000000000001137,164.34074707031252,-31.361032485961914,-27.922948837280273,0.0
4217,169.8500000000046,0.05000000000001137,164.51560821533204,-32.646278381347656,-29.45531463623047,0.0
4218,169.9000000000046,0.05000000000001137,164.7513885498047,-33.931522369384766,-30.987682342529297,0.0
4219,169.95000000000462,0.05000000000001137,165.04189453125,-35.216766357421875,-32.52004623413086,0.0
4220,170.00000000000463,0.05000000000001137,165.4052261352539,-36.50201416015625,-34.05241012573242,0.0
4221,170.00000000000463,0.05000000000001137,165.4052261352539,-37.78725814819336,-35.58477783203125,0.0
4222,170.05000000000464,0.05000000000001137,165.82859802246094,-39.07250213623047,-37.11714172363281,0.0
4223,170.10000000000466,0.05000000000001137,166.3049789428711,-40.35969543457031,-38.64787673950195,0.0
4224,170.15000000000467,0.05000000000001137,166.82176208496094,-41.666259765625,-40.16207504272461,0.0
4225,170.20000000000468,0.05000000000001137,167.36487121582033,-42.99610137939453,-41.6558723449707,0.0
4226,170.2500000000047,0.05000000000001137,167.9121551513672,-44.34889221191406,-43.12892532348633,0.0
4227,170.3000000000047,0.05000000000001137,168.44024047851562,-45.72431945800781,-44.580867767333984,0.0
4228,170.3000000000047,0.05000000000001137,168.44024047851562,-47.122039794921875,-46.011348724365234,0.0
4229,170.3500000000047,0.05000000000001137,168.9299560546875,-48.541725158691406,-47.420040130615234,0.0
4230,170.40000000000472,0.05000000000001137,169.37080993652344,-49.98303985595703,-48.80659866333008,0.0
4231,170.45000000000474,0.05000000000001137,169.76131896972657,-51.44563293457031,-50.17068862915039,0.0
4232,170.50000000000475,0.05000000000001137,170.09656677246093,-52.929161071777344,-51.51198196411133,0.0
4233,170.55000000000476,0.05000000000001137,170.37710266113282,-54.433258056640625,-52.83016586303711,0.0
4234,170.60000000000477,0.05000000000001137,170.60877685546876,-55.95757293701172,-54.12491989135742,0.0
4235,170.65000000000478,0.05000000000001137,170.7905044555664,-57.501731872558594,-55.395931243896484,0.0
4236,170.7000000000048,0.05000000000001137,170.92334289550783,-59.064762115478516,-56.64368438720703,0.0
4237,170.7500000000048,0.05000000000001137,171.0217254638672,-60.58545684814453,-57.942176818847656,0.0
4238,170.80000000000481,0.05000000000001137,171.08300170898437,-62.01905059814453,-59.33624267578125,0.0
4239,170.80000000000481,0.05000000000001137,171.08300170898437,-63.35954666137695,-60.820045471191406,0.0
4240,170.85000000000483,0.05000000000001137,171.10840759277343,-64.6013412475586,-62.38739013671875,0.0
4241,170.90000000000484,0.05000000000001137,171.11516418457032,-65.7392349243164,-64.03170776367188,0.0
4242,170.95000000000485,0.05000000000001137,171.10379333496095,-66.76847839355469,-65.74613952636719,0.0
4243,170.95000000000485,0.05000000000001137,171.10379333496095,-67.68476104736328,-67.52350616455078,0.0
4244,170.95000000000485,0.05000000000001137,171.10379333496095,-68.4842529296875,-69.35637664794922,0.0
4245,171.00000000000486,0.05000000000001137,171.0766571044922,-69.16361999511719,-71.23709106445312,0.0
4246,171.05000000000487,0.05000000000001137,171.04232482910157,-69.72000122070312,-73.15777587890625,0.0
4247,171.05000000000487,0.05000000000001137,171.04232482910157,-70.15109252929688,-75.11040496826172,0.0
4248,171.10000000000488,0.05000000000001137,171.0036392211914,-70.455078125,-77.0868148803711,0.0
4249,171.1500000000049,0.05000000000001137,170.9684280395508,-70.64791107177734,-79.07740020751953,0.0
4250,171.2000000000049,0.05000000000001137,170.93983612060546,-70.82571411132812,-81.0694808959961,0.0
4251,171.25000000000492,0.05000000000001137,170.92479858398437,-71.0035171508789,-83.06156158447266,0.0
4252,171.30000000000493,0.05000000000001137,170.92665252685546,-71.18132781982422,-85.05364227294922,0.0
4253,171.35000000000494,0.05000000000001137,170.9508499145508,-71.359130859375,-87.04572296142578,0.0
4254,171.40000000000495,0.05000000000001137,171.0004669189453,-71.53693389892578,-89.03780364990234,0.0
4255,171.45000000000496,0.05000000000001137,171.0797882080078,-71.71473693847656,-91.0298843383789,0.0
4256,171.50000000000497,0.05000000000001137,171.1909423828125,-71.89254760742188,-93.02196502685547,0.0
4257,171.55000000000499,0.05000000000001137,171.3365936279297,-72.07035064697266,-95.01404571533203,0.0
4258,171.600000000005,0.05000000000001137,171.51771697998046,-72.24815368652344,-97.0061264038086,0.0
4259,171.650000000005,0.05000000000001137,171.73484802246094,-72.42595672607422,-98.99820709228516,0.0
4260,171.650000000005,0.05000000000001137,171.73484802246094,-72.60376739501953,-100.99028778076172,0.0
4261,171.70000000000502,0.05000000000001137,171.98797302246095,-72.78157043457031,-102.98236846923828,0.0
4262,171.75000000000503,0.05000000000001137,172.27577362060546,-72.9593734741211,-104.97444915771484,0.0
4263,171.80000000000504,0.05000000000001137,172.59636840820312,-73.1371841430664,-106.9665298461914,0.0
4264,171.85000000000505,0.05000000000001137,172.9471893310547,-73.31498718261719,-108.95861053466797,0.0
4265,171.90000000000506,0.05000000000001137,173.32516021728517,-73.49279022216797,-110.95069122314453,0.0
4266,171.90000000000506,0.05000000000001137,173.32516021728517,-73.67059326171875,-112.9427719116211,0.0
4267,171.95000000000508,0.05000000000001137,173.72657318115236,-73.84840393066406,-114.93485260009766,0.0
4268,172.0000000000051,0.05000000000001137,174.14803619384767,-74.02620697021484,-116.92693328857422,0.0
4269,172.0500000000051,0.05000000000001137,174.58586883544922,-74.20401000976562,-118.91901397705078,0.0
4270,172.1000000000051,0.05000000000001137,175.0363494873047,-74.3818130493164,-120.91109466552734,0.0
4271,172.15000000000512,0.05000000000001137,175.49662170410156,-74.55962371826172,-122.9031753540039,0.0
4272,172.15000000000512,0.05000000000001137,175.49662170410156,-74.7374267578125,-124.89525604248047,0.0
4273,172.20000000000513,0.05000000000001137,175.96389770507812,-74.91522979736328,-126.88733673095703,0.0
4274,172.25000000000514,0.05000000000001137,176.43565063476564,-75.09283447265625,-128.8794403076172,0.0
4275,172.30000000000516,0.05000000000001137,176.91021881103515,-75.26486206054688,-130.8720245361328,0.0
4276,172.35000000000517,0.05000000000001137,177.38618774414064,-75.42892456054688,-132.86529541015625,0.0
4277,172.35000000000517,0.05000000000001137,177.38618774414064,-75.58820343017578,-134.8589324951172,0.0
4278,172.40000000000518,0.05000000000001137,177.8623764038086,-75.74745178222656,-136.8525848388672,0.0
4279,172.4500000000052,0.05000000000001137,178.33790588378906,-75.90670013427734,-138.84622192382812,0.0
4280,172.5000000000052,0.05000000000001137,178.8125015258789,-76.06594848632812,-140.83987426757812,0.0
4281,172.5000000000052,0.05000000000001137,178.8125015258789,-76.2251968383789,-142.83352661132812,0.0
4282,172.5500000000052,0.05000000000001137,179.28575134277344,-76.38444519042969,-144.82717895507812,0.0
4283,172.60000000000522,0.05000000000001137,179.75744934082033,-76.54369354248047,-146.82083129882812,0.0
4284,172.65000000000524,0.05000000000001137,180.2275131225586,-76.70294189453125,-148.81448364257812,0.0
4285,172.65000000000524,0.05000000000001137,180.2275131225586,-76.86219024658203,-150.80813598632812,0.0
4286,172.70000000000525,0.05000000000001137,180.69598388671875,-77.02143859863281,-152.80177307128906,0.0
4287,172.75000000000526,0.05000000000001137,181.16287536621095,-77.1806869506836,-154.79542541503906,0.0
4288,172.80000000000527,0.05000000000001137,181.62813262939454,-77.33993530273438,-156.78907775878906,0.0
4289,172.80000000000527,0.05000000000001137,181.62813262939454,-77.49918365478516,-158.78273010253906,0.0
4290,172.85000000000528,0.05000000000001137,182.09194793701172,-77.65843200683594,-160.77638244628906,0.0
4291,172.9000000000053,0.05000000000001137,182.55418395996094,-77.81768035888672,-162.77001953125,0.0
4292,172.9500000000053,0.05000000000001137,183.0149642944336,-77.9769287109375,-164.763671875,0.0
4293,173.00000000000531,0.05000000000001137,183.47433013916017,-78.13617706298828,-166.75732421875,0.0
4294,173.00000000000531,0.05000000000001137,183.47433013916017,-78.29542541503906,-168.7509765625,0.0
4295,173.05000000000533,0.05000000000001137,183.93233642578124,-78.45467376708984,-170.74462890625,0.0
4296,173.10000000000534,0.05000000000001137,184.38892822265626,-78.61392211914062,-172.73828125,0.0
4297,173.15000000000535,0.05000000000001137,184.84411926269533,-78.7731704711914,-174.73193359375,0.0
4298,173.15000000000535,0.05000000000001137,184.84411926269533,-78.93241882324219,-176.7255859375,0.0
4299,173.20000000000536,0.05000000000001137,185.29800567626953,-79.09165954589844,-178.71922302246094,0.0
4300,173.25000000000537,0.05000000000001137,185.75061492919923,-79.25090789794922,-180.71287536621094,0.0
4301,173.30000000000538,0.05000000000001137,186.2018783569336,-79.41015625,-182.70652770996094,0.0
4302,173.3500000000054,0.05000000000001137,186.65189208984376,-79.56940460205078,-184.70018005371094,0.0
4303,173.3500000000054,0.05000000000001137,186.65189208984376,-79.72865295410156,-186.69381713867188,0.0
4304,173.4000000000054,0.05000000000001137,187.10066986083984,-79.88790130615234,-188.68746948242188,0.0
4305,173.45000000000542,0.05000000000001137,187.54825286865236,-80.04714965820312,-190.68112182617188,0.0
4306,173.50000000000543,0.05000000000001137,187.99459991455078,-80.2063980102539,-192.67477416992188,0.0
4307,173.50000000000543,0.05000000000001137,187.99459991455078,-80.36564636230469,-194.66842651367188,0.0
4308,173.55000000000544,0.05000000000001137,188.43977966308594,-80.52489471435547,-196.66207885742188,0.0
4309,173.60000000000545,0.05000000000001137,188.88380584716796,-80.68414306640625,-198.65573120117188,0.0
4310,173.65000000000546,0.05000000000001137,189.32662353515624,-80.84339141845703,-200.64938354492188,0.0
4311,173.65000000000546,0.05000000000001137,189.32662353515624,-81.00263977050781,-202.64303588867188,0.0
4312,173.70000000000547,0.05000000000001137,189.7682876586914,-81.1618881225586,-204.6366729736328,0.0
4313,173.75000000000549,0.05000000000001137,190.20885314941407,-81.32113647460938,-206.6303253173828,0.0
4314,173.8000000000055,0.05000000000001137,190.6482650756836,-81.48038482666016,-208.6239776611328,0.0
4315,173.8000000000055,0.05000000000001137,190.6482650756836,-81.63963317871094,-210.61761474609375,0.0
4316,173.8500000000055,0.05000000000001137,191.08656463623046,-81.79888153076172,-212.61126708984375,0.0
4317,173.90000000000552,0.05000000000001137,191.523779296875,-81.9581298828125,-214.60491943359375,0.0
4318,173.95000000000553,0.05000000000001137,191.95997772216796,-82.11480712890625,-216.59877014160156,0.0
4319,174.00000000000554,0.05000000000001137,192.3951599121094,-82.263671875,-218.5932159423828,0.0
4320,174.00000000000554,0.05000000000001137,192.3951599121094,-82.404541015625,-220.5882568359375,0.0
4321,174.05000000000555,0.05000000000001137,192.82933959960937,-82.53741455078125,-222.58383178710938,0.0
4322,174.10000000000556,0.05000000000001137,193.26262664794922,-82.66232299804688,-224.57992553710938,0.0
4323,174.15000000000558,0.05000000000001137,193.6950210571289,-82.77923583984375,-226.57650756835938,0.0
4324,174.15000000000558,0.05000000000001137,193.6950210571289,-82.88818359375,-228.5735321044922,0.0
4325,174.2000000000056,0.05000000000001137,194.1265640258789,-82.9891357421875,-230.57098388671875,0.0
4326,174.2500000000056,0.05000000000001137,194.55721435546874,-83.08206176757812,-232.56881713867188,0.0
4327,174.3000000000056,0.05000000000001137,194.98709564208986,-83.16702270507812,-234.5670166015625,0.0
4328,174.35000000000562,0.05000000000001137,195.41616668701172,-83.2442398071289,-236.56553649902344,0.0
4329,174.35000000000562,0.05000000000001137,195.41616668701172,-83.3191909790039,-238.5641326904297,0.0
4330,174.40000000000563,0.05000000000001137,195.84444122314454,-83.3941421508789,-240.56272888183594,0.0
4331,174.45000000000564,0.05000000000001137,196.27190551757812,-83.4690933227539,-242.5613250732422,0.0
4332,174.50000000000566,0.05000000000001137,196.6985046386719,-83.5440444946289,-244.55992126464844,0.0
4333,174.50000000000566,0.05000000000001137,196.6985046386719,-83.61900329589844,-246.5585174560547,0.0
4334,174.55000000000567,0.05000000000001137,197.12429351806642,-83.69395446777344,-248.55711364746094,0.0
4335,174.60000000000568,0.05000000000001137,197.5492172241211,-83.76890563964844,-250.55569458007812,0.0
4336,174.60000000000568,0.05000000000001137,197.5492172241211,-83.84385681152344,-252.55429077148438,0.0
4337,174.6500000000057,0.05000000000001137,197.97327575683593,-83.91880798339844,-254.55288696289062,0.0
4338,174.7000000000057,0.05000000000001137,198.39645538330078,-83.99375915527344,-256.5514831542969,0.0
4339,174.7000000000057,0.05000000000001137,198.39645538330078,-84.06871795654297,-258.5500793457031,0.0
4340,174.7500000000057,0.05000000000001137,198.81875610351562,-84.14366912841797,-260.5486755371094,0.0
4341,174.80000000000572,0.05000000000001137,199.24016418457032,-84.21862030029297,-262.5472717285156,0.0
4342,174.85000000000574,0.05000000000001137,199.66063842773437,-84.29357147216797,-264.5458679199219,0.0
4343,174.85000000000574,0.05000000000001137,199.66063842773437,-84.36852264404297,-266.5444641113281,0.0
4344,174.90000000000575,0.05000000000001137,200.08020629882813,-84.4434814453125,-268.5430603027344,0.0
4345,174.95000000000576,0.05000000000001137,200.4988540649414,-84.5184326171875,-270.5416564941406,0.0
4346,174.95000000000576,0.05000000000001137,200.4988540649414,-84.5933837890625,-272.5402526855469,0.0
4347,175.00000000000577,0.05000000000001137,200.91654052734376,-84.6683349609375,-274.5388488769531,0.0
4348,175.05000000000578,0.05000000000001137,201.33332061767578,-84.7432861328125,-276.5374450683594,0.0
4349,175.1000000000058,0.05000000000001137,201.74920806884765,-84.8182373046875,-278.5360412597656,0.0
4350,175.1000000000058,0.05000000000001137,201.74920806884765,-84.89319610595703,-280.5346374511719,0.0
4351,175.1500000000058,0.05000000000001137,202.16414794921874,-84.96814727783203,-282.5332336425781,0.0
4352,175.20000000000582,0.05000000000001137,202.57818145751955,-85.04309844970703,-284.5318298339844,0.0
4353,175.20000000000582,0.05000000000001137,202.57818145751955,-85.11804962158203,-286.5304260253906,0.0
4354,175.25000000000583,0.05000000000001137,202.99132232666017,-85.19300079345703,-288.52899169921875,0.0
4355,175.30000000000584,0.05000000000001137,203.40350189208985,-85.26795196533203,-290.527587890625,0.0
4356,175.35000000000585,0.05000000000001137,203.81476135253908,-85.34291076660156,-292.52618408203125,0.0
4357,175.35000000000585,0.05000000000001137,203.81476135253908,-85.41786193847656,-294.5247802734375,0.0
4358,175.40000000000586,0.05000000000001137,204.22515563964845,-85.49281311035156,-296.52337646484375,0.0
4359,175.45000000000587,0.05000000000001137,204.63462982177734,-85.56776428222656,-298.52197265625,0.0
4360,175.45000000000587,0.05000000000001137,204.63462982177734,-85.64271545410156,-300.52056884765625,0.0
4361,175.50000000000588,0.05000000000001137,205.0432113647461,-85.71766662597656,-302.5191650390625,0.0
4362,175.5500000000059,0.05000000000001137,205.4509002685547,-85.7926254272461,-304.51776123046875,0.0
4363,175.5500000000059,0.05000000000001137,205.4509002685547,-85.8675765991211,-306.516357421875,0.0
4364,175.6000000000059,0.05000000000001137,205.85766906738283,-85.9425277709961,-308.51495361328125,0.0
4365,175.65000000000592,0.05000000000001137,206.2635452270508,-86.0174789428711,-310.5135498046875,0.0
4366,175.70000000000593,0.05000000000001137,206.66854248046874,-86.0924301147461,-312.51214599609375,0.0
4367,175.70000000000593,0.05000000000001137,206.66854248046874,-86.1673812866211,-314.5107421875,0.0
4368,175.75000000000594,0.05000000000001137,207.07264709472656,-86.24234008789062,-316.50933837890625,0.0
4369,175.80000000000595,0.05000000000001137,207.47584533691406,-86.31729125976562,-318.5079345703125,0.0
4370,175.80000000000595,0.05000000000001137,207.47584533691406,-86.39224243164062,-320.50653076171875,0.0
4371,175.85000000000596,0.05000000000001137,207.8781921386719,-86.46719360351562,-322.505126953125,0.0
4372,175.90000000000597,0.05000000000001137,208.2796188354492,-86.54214477539062,-324.50372314453125,0.0
4373,175.90000000000597,0.05000000000001137,208.2796188354492,-86.61709594726562,-326.5023193359375,0.0
4374,175.95000000000599,0.05000000000001137,208.68016662597657,-86.69205474853516,-328.50091552734375,0.0
4375,176.000000000006,0.05000000000001137,209.0798080444336,-86.76700592041016,-330.49951171875,0.0
4376,176.000000000006,0.05000000000001137,209.0798080444336,-86.84195709228516,-332.49810791015625,0.0
4377,176.050000000006,0.05000000000001137,209.47857055664062,-86.91690826416016,-334.4967041015625,0.0
4378,176.10000000000602,0.05000000000001137,209.87646789550783,-86.99185943603516,-336.49530029296875,0.0
4379,176.15000000000603,0.05000000000001137,210.27350006103515,-87.06681060791016,-338.493896484375,0.0
4380,176.15000000000603,0.05000000000001137,210.27350006103515,-87.14176940917969,-340.49249267578125,0.0
4381,176.20000000000604,0.05000000000001137,210.66962585449218,-87.21672058105469,-342.4910888671875,0.0
4382,176.25000000000605,0.05000000000001137,211.0649139404297,-87.29167175292969,-344.48968505859375,0.0
4383,176.25000000000605,0.05000000000001137,211.0649139404297,-87.36662292480469,-346.48828125,0.0
4384,176.30000000000607,0.05000000000001137,211.45930938720704,-87.44157409667969,-348.48687744140625,0.0
4385,176.35000000000608,0.05000000000001137,211.8527847290039,-87.51652526855469,-350.4854736328125,0.0
4386,176.35000000000608,0.05000000000001137,211.8527847290039,-87.59148406982422,-352.4840393066406,0.0
4387,176.4000000000061,0.05000000000001137,212.24542236328125,-87.66643524169922,-354.4826354980469,0.0
4388,176.4500000000061,0.05000000000001137,212.63715362548828,-87.74138641357422,-356.4812316894531,0.0
4389,176.4500000000061,0.05000000000001137,212.63715362548828,-87.81633758544922,-358.4798278808594,0.0
4390,176.5000000000061,0.05000000000001137,213.0280746459961,-87.89128875732422,-360.4784240722656,0.0
4391,176.55000000000612,0.05000000000001137,213.41813049316406,-87.96624755859375,-362.4770202636719,0.0
4392,176.55000000000612,0.05000000000001137,213.41813049316406,-88.04119873046875,-364.4756164550781,0.0
4393,176.60000000000613,0.05000000000001137,213.80732116699218,-88.11614990234375,-366.4742126464844,0.0
4394,176.65000000000614,0.05000000000001137,214.19564666748047,-88.19110107421875,-368.4728088378906,0.0
4395,176.65000000000614,0.05000000000001137,214.19564666748047,-88.26605224609375,-370.4714050292969,0.0
4396,176.70000000000616,0.05000000000001137,214.58309326171874,-88.34100341796875,-372.4700012207031,0.0
4397,176.75000000000617,0.05000000000001137,214.96967468261718,-88.41595458984375,-374.4685974121094,0.0
4398,176.75000000000617,0.05000000000001137,214.96967468261718,-88.49091339111328,-376.4671936035156,0.0
4399,176.80000000000618,0.05000000000001137,215.35533599853517,-88.56586456298828,-378.4657897949219,0.0
4400,176.8500000000062,0.05000000000001137,215.74021453857424,-88.64081573486328,-380.4643859863281,0.0
4401,176.8500000000062,0.05000000000001137,215.74021453857424,-88.71576690673828,-382.4629821777344,0.0
4402,176.9000000000062,0.05000000000001137,216.12421417236328,-88.79071807861328,-384.4615478515625,0.0
4403,176.9500000000062,0.05000000000001137,216.5073486328125,-88.86567687988281,-386.46014404296875,0.0
4404,176.9500000000062,0.05000000000001137,216.5073486328125,-88.94062805175781,-388.458740234375,0.0
4405,177.00000000000622,0.05000000000001137,216.88963165283204,-89.01557922363281,-390.45733642578125,0.0
4406,177.05000000000624,0.05000000000001137,217.27106323242188,-89.09053039550781,-392.4559326171875,0.0
4407,177.05000000000624,0.05000000000001137,217.27106323242188,-89.16548156738281,-394.45452880859375,0.0
4408,177.10000000000625,0.05000000000001137,217.6516571044922,-89.24043273925781,-396.453125,0.0
4409,177.15000000000626,0.05000000000001137,218.03138580322266,-89.31538391113281,-398.45172119140625,0.0
4410,177.15000000000626,0.05000000000001137,218.03138580322266,-89.39034271240234,-400.4503173828125,0.0
4411,177.20000000000627,0.05000000000001137,218.4102767944336,-89.46529388427734,-402.44891357421875,0.0
4412,177.25000000000628,0.05000000000001137,218.7883026123047,-89.54024505615234,-404.447509765625,0.0
4413,177.25000000000628,0.05000000000001137,218.7883026123047,-89.61519622802734,-406.44610595703125,0.0
4414,177.3000000000063,0.05000000000001137,219.16549072265624,-89.69014739990234,-408.4447021484375,0.0
4415,177.3500000000063,0.05000000000001137,219.54184112548828,-89.76510620117188,-410.44329833984375,0.0
4416,177.3500000000063,0.05000000000001137,219.54184112548828,-89.84005737304688,-412.44189453125,0.0
4417,177.40000000000632,0.05000000000001137,219.91734008789064,-89.91500854492188,-414.44049072265625,0.0
4418,177.45000000000633,0.05000000000001137,220.29205627441408,-89.98995971679688,-416.4390869140625,0.0
4419,177.45000000000633,0.05000000000001137,220.29205627441408,-90.06491088867188,-418.43768310546875,0.0
4420,177.50000000000634,0.05000000000001137,220.6658660888672,-90.13986206054688,-420.436279296875,0.0
4421,177.55000000000635,0.05000000000001137,221.03885192871095,-90.2148208618164,-422.43487548828125,0.0
4422,177.55000000000635,0.05000000000001137,221.03885192871095,-90.2897720336914,-424.4334716796875,0.0
4423,177.60000000000636,0.05000000000001137,221.41102752685546,-90.3647232055664,-426.43206787109375,0.0
4424,177.65000000000637,0.05000000000001137,221.78235168457033,-90.4396743774414,-428.4306640625,0.0
4425,177.65000000000637,0.05000000000001137,221.78235168457033,-90.5146255493164,-430.42926025390625,0.0
4426,177.70000000000638,0.05000000000001137,222.15283813476563,-90.5895767211914,-432.4278564453125,0.0
4427,177.70000000000638,0.05000000000001137,222.15283813476563,-90.66453552246094,-434.42645263671875,0.0
4428,177.7500000000064,0.05000000000001137,222.52250061035156,-90.73948669433594,-436.425048828125,0.0
4429,177.8000000000064,0.05000000000001137,222.89133911132814,-90.81443786621094,-438.42364501953125,0.0
4430,177.8000000000064,0.05000000000001137,222.89133911132814,-90.88938903808594,-440.4222412109375,0.0
4431,177.85000000000642,0.05000000000001137,223.25932617187502,-90.96434020996094,-442.42083740234375,0.0
4432,177.90000000000643,0.05000000000001137,223.62651672363282,-91.03929138183594,-444.41943359375,0.0
4433,177.90000000000643,0.05000000000001137,223.62651672363282,-91.11425018310547,-446.41802978515625,0.0
4434,177.95000000000644,0.05000000000001137,223.9928695678711,-91.18920135498047,-448.4166259765625,0.0
4435,178.00000000000645,0.05000000000001137,224.35838470458984,-91.26415252685547,-450.41522216796875,0.0
4436,178.00000000000645,0.05000000000001137,224.35838470458984,-91.33910369873047,-452.413818359375,0.0
4437,178.05000000000646,0.05000000000001137,224.72310333251954,-91.41405487060547,-454.41241455078125,0.0
4438,178.10000000000647,0.05000000000001137,225.08697052001955,-91.48900604248047,-456.4110107421875,0.0
4439,178.10000000000647,0.05000000000001137,225.08697052001955,-91.56396484375,-458.40960693359375,0.0
4440,178.1500000000065,0.05000000000001137,225.4500274658203,-91.638916015625,-460.408203125,0.0
4441,178.1500000000065,0.05000000000001137,225.4500274658203,-91.7138671875,-462.40679931640625,0.0
4442,178.2000000000065,0.05000000000001137,225.81226043701173,-91.788818359375,-464.4053649902344,0.0
4443,178.2500000000065,0.05000000000001137,226.17369689941407,-91.86376953125,-466.4039611816406,0.0
4444,178.2500000000065,0.05000000000001137,226.17369689941407,-91.938720703125,-468.4025573730469,0.0
4445,178.30000000000652,0.05000000000001137,226.5343231201172,-92.01367950439453,-470.4011535644531,0.0
4446,178.35000000000653,0.05000000000001137,226.89415283203127,-92.08863067626953,-472.3997497558594,0.0
4447,178.35000000000653,0.05000000000001137,226.89415283203127,-92.16358184814453,-474.3983459472656,0.0
4448,178.40000000000654,0.05000000000001137,227.25313110351564,-92.23853302001953,-476.3969421386719,0.0
4449,178.45000000000655,0.05000000000001137,227.61131286621094,-92.31348419189453,-478.3955383300781,0.0
4450,178.45000000000655,0.05000000000001137,227.61131286621094,-92.38844299316406,-480.3941345214844,0.0
4451,178.50000000000657,0.05000000000001137,227.96869812011718,-92.46339416503906,-482.3927307128906,0.0
4452,178.50000000000657,0.05000000000001137,227.96869812011718,-92.53834533691406,-484.3913269042969,0.0
4453,178.55000000000658,0.05000000000001137,228.32524566650392,-92.61329650878906,-486.3899230957031,0.0
4454,178.6000000000066,0.05000000000001137,228.6809829711914,-92.68824768066406,-488.3885192871094,0.0
4455,178.6000000000066,0.05000000000001137,228.6809829711914,-92.76319885253906,-490.3870849609375,0.0
4456,178.6500000000066,0.05000000000001137,229.03595123291015,-92.83815002441406,-492.3857116699219,0.0
4457,178.7000000000066,0.05000000000001137,229.39009552001954,-92.9131088256836,-494.3843078613281,0.0
4458,178.7000000000066,0.05000000000001137,229.39009552001954,-92.9880599975586,-496.3829040527344,0.0
4459,178.75000000000662,0.05000000000001137,229.74347076416015,-93.0630111694336,-498.3815002441406,0.0
4460,178.75000000000662,0.05000000000001137,229.74347076416015,-93.1379623413086,-500.3800964355469,0.0
4461,178.80000000000663,0.05000000000001137,230.0960220336914,-93.2129135131836,-502.3786926269531,0.0
4462,178.85000000000664,0.05000000000001137,230.44779052734376,-93.28787231445312,-504.37725830078125,0.0
4463,178.85000000000664,0.05000000000001137,230.44779052734376,-93.36282348632812,-506.3758544921875,0.0
4464,178.90000000000666,0.05000000000001137,230.79872131347656,-93.43777465820312,-508.37445068359375,0.0
4465,178.95000000000667,0.05000000000001137,231.14888305664064,-93.51272583007812,-510.373046875,0.0
4466,178.95000000000667,0.05000000000001137,231.14888305664064,-93.5887451171875,-512.37158203125,0.0
4467,179.00000000000668,0.05000000000001137,231.49824829101564,-93.67181396484375,-514.369873046875,0.0
4468,179.00000000000668,0.05000000000001137,231.49824829101564,-93.76287841796875,-516.3677978515625,0.0
4469,179.0500000000067,0.05000000000001137,231.8468444824219,-93.86066436767578,-518.3654174804688,0.0
4470,179.1000000000067,0.05000000000001137,232.19464416503908,-93.95926666259766,-520.3629760742188,0.0
4471,179.1000000000067,0.05000000000001137,232.19464416503908,-94.05786895751953,-522.3605346679688,0.0
4472,179.1500000000067,0.05000000000001137,232.54159240722657,-94.1564712524414,-524.3580932617188,0.0
4473,179.20000000000672,0.05000000000001137,232.88779907226564,-94.25507354736328,-526.3556518554688,0.0
4474,179.20000000000672,0.05000000000001137,232.88779907226564,-94.35367584228516,-528.353271484375,0.0
4475,179.25000000000674,0.05000000000001137,233.23323669433594,-94.45227813720703,-530.350830078125,0.0
4476,179.25000000000674,0.05000000000001137,233.23323669433594,-94.5508804321289,-532.348388671875,0.0
4477,179.30000000000675,0.05000000000001137,233.5778778076172,-94.64948272705078,-534.345947265625,0.0
4478,179.35000000000676,0.05000000000001137,233.92169494628908,-94.74808502197266,-536.343505859375,0.0
4479,179.35000000000676,0.05000000000001137,233.92169494628908,-94.84668731689453,-538.341064453125,0.0
4480,179.40000000000677,0.05000000000001137,234.2647705078125,-94.9452896118164,-540.3386840820312,0.0
4481,179.40000000000677,0.05000000000001137,234.2647705078125,-95.04389190673828,-542.3362426757812,0.0
4482,179.45000000000678,0.05000000000001137,234.60704956054687,-95.14249420166016,-544.3338012695312,0.0
4483,179.5000000000068,0.05000000000001137,234.9485595703125,-95.24109649658203,-546.3313598632812,0.0
4484,179.5000000000068,0.05000000000001137,234.9485595703125,-95.3396987915039,-548.3289184570312,0.0
4485,179.5500000000068,0.05000000000001137,235.28924560546875,-95.43830108642578,-550.3264770507812,0.0
4486,179.60000000000682,0.05000000000001137,235.62921752929688,-95.53690338134766,-552.3240356445312,0.0
4487,179.60000000000682,0.05000000000001137,235.62921752929688,-95.63550567626953,-554.3216552734375,0.0
4488,179.65000000000683,0.05000000000001137,235.96839294433593,-95.7341079711914,-556.3192138671875,0.0
4489,179.65000000000683,0.05000000000001137,235.96839294433593,-95.83271026611328,-558.3167724609375,0.0
4490,179.70000000000684,0.05000000000001137,236.30679931640626,-95.93131256103516,-560.3143310546875,0.0
4491,179.75000000000685,0.05000000000001137,236.64446411132812,-96.02991485595703,-562.3118896484375,0.0
4492,179.80000000000686,0.05000000000001137,236.98130493164064,-96.1285171508789,-564.3094482421875,0.0
4493,179.80000000000686,0.05000000000001137,236.98130493164064,-96.22711944580078,-566.3070068359375,0.0
4494,179.85000000000687,0.05000000000001137,237.31743164062502,-96.32572174072266,-568.3046264648438,0.0
4495,179.85000000000687,0.05000000000001137,237.31743164062502,-96.42432403564453,-570.3021850585938,0.0
4496,179.90000000000688,0.05000000000001137,237.6527069091797,-96.5229263305664,-572.2997436523438,0.0
4497,179.9500000000069,0.05000000000001137,237.98729553222657,-96.62152862548828,-574.2973022460938,0.0
4498,179.9500000000069,0.05000000000001137,237.98729553222657,-96.72013092041016,-576.2948608398438,0.0
4499,180.0000000000069,0.05000000000001137,238.32106018066406,-96.81873321533203,-578.2924194335938,0.0
4500,180.05000000000692,0.05000000000001137,238.65408325195312,-96.9173355102539,-580.2900390625,0.0
4501,180.05000000000692,0.05000000000001137,238.65408325195312,-97.01593780517578,-582.28759765625,0.0
4502,180.10000000000693,0.05000000000001137,238.98639221191408,-97.11454010009766,-584.28515625,0.0
4503,180.10000000000693,0.05000000000001137,238.98639221191408,-97.21314239501953,-586.28271484375,0.0
4504,180.15000000000694,0.05000000000001137,239.31787719726563,-97.3117446899414,-588.2802734375,0.0
4505,180.20000000000695,0.05000000000001137,239.64864807128907,-97.41033935546875,-590.27783203125,0.0
4506,180.20000000000695,0.05000000000001137,239.64864807128907,-97.50894165039062,-592.275390625,0.0
4507,180.25000000000696,0.05000000000001137,239.97864990234376,-97.6075439453125,-594.2730102539062,0.0
4508,180.25000000000696,0.05000000000001137,239.97864990234376,-97.70614624023438,-596.2705688476562,0.0
4509,180.30000000000697,0.05000000000001137,240.3078826904297,-97.80474853515625,-598.2681274414062,0.0
4510,180.350000000007,0.05000000000001137,240.6363739013672,-97.90335083007812,-600.2656860351562,0.0
4511,180.350000000007,0.05000000000001137,240.6363739013672,-98.001953125,-602.2632446289062,0.0
4512,180.400000000007,0.05000000000001137,240.96409606933594,-98.10055541992188,-604.2608032226562,0.0
4513,180.400000000007,0.05000000000001137,240.96409606933594,-98.19915771484375,-606.2584228515625,0.0
4514,180.450000000007,0.05000000000001137,241.29104919433595,-98.29776000976562,-608.2559814453125,0.0
4515,180.50000000000702,0.05000000000001137,241.6172882080078,-98.3963623046875,-610.2535400390625,0.0
4516,180.50000000000702,0.05000000000001137,241.6172882080078,-98.49496459960938,-612.2510986328125,0.0
4517,180.55000000000703,0.05000000000001137,241.94275817871093,-98.59356689453125,-614.2486572265625,0.0
4518,180.55000000000703,0.05000000000001137,241.94275817871093,-98.69216918945312,-616.2462158203125,0.0
4519,180.60000000000704,0.05000000000001137,242.26754150390624,-98.790771484375,-618.2437744140625,0.0
4520,180.65000000000705,0.05000000000001137,242.59150085449218,-98.88937377929688,-620.2413940429688,0.0
4521,180.65000000000705,0.05000000000001137,242.59150085449218,-98.98797607421875,-622.2389526367188,0.0
4522,180.70000000000707,0.05000000000001137,242.91474609375,-99.08657836914062,-624.2365112304688,0.0
4523,180.70000000000707,0.05000000000001137,242.91474609375,-99.1851806640625,-626.2340698242188,0.0
4524,180.75000000000708,0.05000000000001137,243.23724975585938,-99.28378295898438,-628.2316284179688,0.0
4525,180.8000000000071,0.05000000000001137,243.55901184082032,-99.38238525390625,-630.2291870117188,0.0
4526,180.8000000000071,0.05000000000001137,243.55901184082032,-99.48098754882812,-632.226806640625,0.0
4527,180.8500000000071,0.05000000000001137,243.88005981445312,-99.57958984375,-634.224365234375,0.0
4528,180.8500000000071,0.05000000000001137,243.88005981445312,-99.67819213867188,-636.221923828125,0.0
4529,180.9000000000071,0.05000000000001137,244.2003387451172,-99.77679443359375,-638.219482421875,0.0
4530,180.9000000000071,0.05000000000001137,244.2003387451172,-99.87539672851562,-640.217041015625,0.0
4531,180.95000000000712,0.05000000000001137,244.5198760986328,-99.9739990234375,-642.214599609375,0.0
4532,181.00000000000713,0.05000000000001137,244.83867187500002,-100.07260131835938,-644.212158203125,0.0
4533,181.00000000000713,0.05000000000001137,244.83867187500002,-100.17120361328125,-646.2097778320312,0.0
4534,181.05000000000715,0.05000000000001137,245.1567810058594,-100.26980590820312,-648.2073364257812,0.0
4535,181.05000000000715,0.05000000000001137,245.1567810058594,-100.368408203125,-650.2048950195312,0.0
4536,181.10000000000716,0.05000000000001137,245.4740936279297,-100.46701049804688,-652.2024536132812,0.0
4537,181.15000000000717,0.05000000000001137,245.7906921386719,-100.56561279296875,-654.2000122070312,0.0
4538,181.15000000000717,0.05000000000001137,245.7906921386719,-100.66421508789062,-656.1976318359375,0.0
4539,181.20000000000718,0.05000000000001137,246.10660400390626,-100.7628173828125,-658.1951904296875,0.0
4540,181.20000000000718,0.05000000000001137,246.10660400390626,-100.86141967773438,-660.1927490234375,0.0
4541,181.2500000000072,0.05000000000001137,246.42174682617187,-100.96002197265625,-662.1903076171875,0.0
4542,181.3000000000072,0.05000000000001137,246.73614807128908,-101.05862426757812,-664.1878662109375,0.0
4543,181.3000000000072,0.05000000000001137,246.73614807128908,-101.1572265625,-666.1854248046875,0.0
4544,181.3500000000072,0.05000000000001137,247.04986267089845,-101.25582885742188,-668.1829833984375,0.0
4545,181.3500000000072,0.05000000000001137,247.04986267089845,-101.35443115234375,-670.1805419921875,0.0
4546,181.40000000000722,0.05000000000001137,247.36286315917968,-101.45303344726562,-672.1781616210938,0.0
4547,181.40000000000722,0.05000000000001137,247.36286315917968,-101.55162811279297,-674.1757202148438,0.0
4548,181.45000000000724,0.05000000000001137,247.6750946044922,-101.65023040771484,-676.1732788085938,0.0
4549,181.50000000000725,0.05000000000001137,247.98650207519532,-101.74883270263672,-678.1708374023438,0.0
4550,181.50000000000725,0.05000000000001137,247.98650207519532,-101.8474349975586,-680.1683959960938,0.0
4551,181.55000000000726,0.05000000000001137,248.29183959960938,-101.94603729248047,-682.166015625,0.0
4552,181.55000000000726,0.05000000000001137,248.29183959960938,-102.04463958740234,-684.16357421875,0.0
4553,181.60000000000727,0.05000000000001137,248.58759155273438,-102.14324188232422,-686.1611328125,0.0
4554,181.65000000000728,0.05000000000001137,248.87403259277343,-102.2418441772461,-688.15869140625,0.0
4555,181.65000000000728,0.05000000000001137,248.87403259277343,-102.34044647216797,-690.15625,0.0
4556,181.7000000000073,0.05000000000001137,249.15143737792968,-102.43904876708984,-692.15380859375,0.0
4557,181.7000000000073,0.05000000000001137,249.15143737792968,-102.53765106201172,-694.1513671875,0.0
4558,181.7500000000073,0.05000000000001137,249.41997070312502,-102.6362533569336,-696.14892578125,0.0
4559,181.7500000000073,0.05000000000001137,249.41997070312502,-102.73485565185547,-698.146484375,0.0
4560,181.80000000000732,0.05000000000001137,249.67998962402345,-102.83345794677734,-700.1441040039062,0.0
4561,181.85000000000733,0.05000000000001137,249.9316589355469,-102.93206024169922,-702.1416625976562,0.0
4562,181.85000000000733,0.05000000000001137,249.9316589355469,-103.0306625366211,-704.1392211914062,0.0
4563,181.90000000000734,0.05000000000001137,250.17522583007812,-103.12926483154297,-706.1367797851562,0.0
4564,181.90000000000734,0.05000000000001137,250.17522583007812,-103.22786712646484,-708.1343994140625,0.0
4565,181.95000000000735,0.05000000000001137,250.4109100341797,-103.32646942138672,-710.1319580078125,0.0
4566,181.95000000000735,0.05000000000001137,250.4109100341797,-103.4250717163086,-712.1295166015625,0.0
4567,182.00000000000736,0.05000000000001137,250.63906860351562,-103.52367401123047,-714.1270751953125,0.0
4568,182.05000000000737,0.05000000000001137,250.85986633300783,-103.62227630615234,-716.1246337890625,0.0
4569,182.05000000000737,0.05000000000001137,250.85986633300783,-103.72087860107422,-718.1221923828125,0.0
4570,182.10000000000738,0.05000000000001137,251.0736053466797,-103.8194808959961,-720.1197509765625,0.0
4571,182.10000000000738,0.05000000000001137,251.0736053466797,-103.91808319091797,-722.1173095703125,0.0
4572,182.1500000000074,0.05000000000001137,251.2805603027344,-104.01668548583984,-724.1148681640625,0.0
4573,182.1500000000074,0.05000000000001137,251.2805603027344,-104.11528778076172,-726.1124877929688,0.0
4574,182.2000000000074,0.05000000000001137,251.4809783935547,-104.2138900756836,-728.1100463867188,0.0
4575,182.25000000000742,0.05000000000001137,251.67505187988283,-104.31249237060547,-730.1076049804688,0.0
4576,182.25000000000742,0.05000000000001137,251.67505187988283,-104.41109466552734,-732.1051635742188,0.0
4577,182.30000000000743,0.05000000000001137,251.8630828857422,-104.50969696044922,-734.1027221679688,0.0
4578,182.30000000000743,0.05000000000001137,251.8630828857422,-104.6082992553711,-736.100341796875,0.0
4579,182.35000000000744,0.05000000000001137,252.0452087402344,-104.70690155029297,-738.097900390625,0.0
4580,182.35000000000744,0.05000000000001137,252.0452087402344,-104.80550384521484,-740.095458984375,0.0
4581,182.40000000000745,0.05000000000001137,252.2216766357422,-104.90410614013672,-742.093017578125,0.0
4582,182.45000000000746,0.05000000000001137,252.3926513671875,-105.0027084350586,-744.090576171875,0.0
4583,182.45000000000746,0.05000000000001137,252.3926513671875,-105.10131072998047,-746.088134765625,0.0
4584,182.50000000000747,0.05000000000001137,252.55821533203127,-105.19990539550781,-748.085693359375,0.0
4585,182.50000000000747,0.05000000000001137,252.55821533203127,-105.29850769042969,-750.083251953125,0.0
4586,182.5500000000075,0.05000000000001137,252.71853332519532,-105.39710998535156,-752.0808715820312,0.0
4587,182.5500000000075,0.05000000000001137,252.71853332519532,-105.49571228027344,-754.0784301757812,0.0
4588,182.6000000000075,0.05000000000001137,252.8738250732422,-105.59431457519531,-756.0759887695312,0.0
4589,182.6500000000075,0.05000000000001137,253.02411804199218,-105.69291687011719,-758.0735473632812,0.0
4590,182.6500000000075,0.05000000000001137,253.02411804199218,-105.79151916503906,-760.0711059570312,0.0
4591,182.70000000000752,0.05000000000001137,253.16965942382814,-105.89012145996094,-762.0687255859375,0.0
4592,182.70000000000752,0.05000000000001137,253.16965942382814,-105.98872375488281,-764.0662841796875,0.0
4593,182.75000000000753,0.05000000000001137,253.31058654785156,-106.08732604980469,-766.0638427734375,0.0
4594,182.75000000000753,0.05000000000001137,253.31058654785156,-106.18592834472656,-768.0614013671875,0.0
4595,182.80000000000754,0.05000000000001137,253.44698181152344,-106.28453063964844,-770.0589599609375,0.0
4596,182.85000000000755,0.05000000000001137,253.57909240722657,-106.38313293457031,-772.0565185546875,0.0
4597,182.85000000000755,0.05000000000001137,253.57909240722657,-106.48173522949219,-774.0540771484375,0.0
4598,182.90000000000757,0.05000000000001137,253.70708312988282,-106.58033752441406,-776.0516357421875,0.0
4599,182.90000000000757,0.05000000000001137,253.70708312988282,-106.67893981933594,-778.0491943359375,0.0
4600,182.95000000000758,0.05000000000001137,253.83103637695314,-106.77754211425781,-780.0468139648438,0.0
4601,182.95000000000758,0.05000000000001137,253.83103637695314,-106.87614440917969,-782.0443725585938,0.0
4602,183.0000000000076,0.05000000000001137,253.95108947753906,-106.97474670410156,-784.0419311523438,0.0
4603,183.0500000000076,0.05000000000001137,254.06743469238282,-107.07334899902344,-786.03955078125,0.0
4604,183.0500000000076,0.05000000000001137,254.06743469238282,-107.17195129394531,-788.037109375,0.0
4605,183.1000000000076,0.05000000000001137,254.180126953125,-107.27055358886719,-790.03466796875,0.0
4606,183.1000000000076,0.05000000000001137,254.180126953125,-107.36915588378906,-792.0322265625,0.0
4607,183.15000000000762,0.05000000000001137,254.2893035888672,-107.46775817871094,-794.02978515625,0.0
4608,183.15000000000762,0.05000000000001137,254.2893035888672,-107.56636047363281,-796.02734375,0.0
4609,183.20000000000763,0.05000000000001137,254.3949920654297,-107.66496276855469,-798.02490234375,0.0
4610,183.25000000000765,0.05000000000001137,254.49738464355468,-107.76356506347656,-800.0224609375,0.0
4611,183.25000000000765,0.05000000000001137,254.49738464355468,-107.86216735839844,-802.02001953125,0.0
4612,183.30000000000766,0.05000000000001137,254.5965087890625,-107.96076965332031,-804.017578125,0.0
4613,183.30000000000766,0.05000000000001137,254.5965087890625,-108.05937194824219,-806.0151977539062,0.0
4614,183.35000000000767,0.05000000000001137,254.69230957031252,-108.15797424316406,-808.0127563476562,0.0
4615,183.35000000000767,0.05000000000001137,254.69230957031252,-108.25657653808594,-810.0103149414062,0.0
4616,183.40000000000768,0.05000000000001137,254.78475952148438,-108.35517883300781,-812.0079345703125,0.0
4617,183.40000000000768,0.05000000000001137,254.78475952148438,-108.45378112792969,-814.0054931640625,0.0
4618,183.4500000000077,0.05000000000001137,254.87374877929688,-108.55238342285156,-816.0030517578125,0.0
4619,183.5000000000077,0.05000000000001137,254.95941467285158,-108.65098571777344,-818.0006103515625,0.0
4620,183.5000000000077,0.05000000000001137,254.95941467285158,-108.74958801269531,-819.9981689453125,0.0
4621,183.5500000000077,0.05000000000001137,255.04222412109377,-108.84819030761719,-821.9957275390625,0.0
4622,183.5500000000077,0.05000000000001137,255.04222412109377,-108.94679260253906,-823.9932861328125,0.0
4623,183.60000000000773,0.05000000000001137,255.12236938476562,-109.04539489746094,-825.9908447265625,0.0
4624,183.60000000000773,0.05000000000001137,255.12236938476562,-109.14399719238281,-827.9884033203125,0.0
4625,183.65000000000774,0.05000000000001137,255.19979553222657,-109.24259948730469,-829.9859619140625,0.0
4626,183.70000000000775,0.05000000000001137,255.27488708496094,-109.34120178222656,-831.9835815429688,0.0
4627,183.70000000000775,0.05000000000001137,255.27488708496094,-109.43980407714844,-833.9811401367188,0.0
4628,183.75000000000776,0.05000000000001137,255.34783630371095,-109.53840637207031,-835.9786987304688,0.0
4629,183.75000000000776,0.05000000000001137,255.34783630371095,-109.63700103759766,-837.976318359375,0.0
4630,183.75000000000776,0.05000000000001137,255.34783630371095,-109.73560333251953,-839.973876953125,0.0
4631,183.80000000000777,0.05000000000001137,255.4187255859375,-109.83421325683594,-841.971435546875,0.0
4632,183.80000000000777,0.05000000000001137,255.4187255859375,-109.93280792236328,-843.968994140625,0.0
4633,183.85000000000778,0.05000000000001137,255.48788452148438,-110.03141021728516,-845.966552734375,0.0
4634,183.9000000000078,0.05000000000001137,255.55523071289062,-110.13001251220703,-847.964111328125,0.0
4635,183.9000000000078,0.05000000000001137,255.55523071289062,-110.2286148071289,-849.961669921875,0.0
4636,183.9500000000078,0.05000000000001137,255.62076416015626,-110.32721710205078,-851.959228515625,0.0
4637,183.9500000000078,0.05000000000001137,255.62076416015626,-110.42581939697266,-853.956787109375,0.0
4638,184.00000000000782,0.05000000000001137,255.68423767089845,-110.52442169189453,-855.954345703125,0.0
4639,184.00000000000782,0.05000000000001137,255.68423767089845,-110.6230239868164,-857.9519653320312,0.0
4640,184.05000000000783,0.05000000000001137,255.74551391601562,-110.72162628173828,-859.9495239257812,0.0
4641,184.05000000000783,0.05000000000001137,255.74551391601562,-110.82022857666016,-861.9470825195312,0.0
4642,184.10000000000784,0.05000000000001137,255.80475769042968,-110.91883087158203,-863.9447021484375,0.0
4643,184.15000000000785,0.05000000000001137,255.8620788574219,-111.0174331665039,-865.9422607421875,0.0
4644,184.15000000000785,0.05000000000001137,255.8620788574219,-111.11603546142578,-867.9398193359375,0.0
4645,184.20000000000786,0.05000000000001137,255.91742248535158,-111.21463775634766,-869.9373779296875,0.0
4646,184.20000000000786,0.05000000000001137,255.91742248535158,-111.31324005126953,-871.9349365234375,0.0
4647,184.25000000000787,0.05000000000001137,255.9709259033203,-111.4118423461914,-873.9324951171875,0.0
4648,184.25000000000787,0.05000000000001137,255.9709259033203,-111.51044464111328,-875.9300537109375,0.0
4649,184.30000000000788,0.05000000000001137,256.0225341796875,-111.60904693603516,-877.9276123046875,0.0
4650,184.30000000000788,0.05000000000001137,256.0225341796875,-111.70764923095703,-879.9251708984375,0.0
4651,184.3500000000079,0.05000000000001137,256.0721374511719,-111.8062515258789,-881.9227294921875,0.0
4652,184.4000000000079,0.05000000000001137,256.11973571777344,-111.90485382080078,-883.9203491210938,0.0
4653,184.4000000000079,0.05000000000001137,256.11973571777344,-112.00345611572266,-885.9179077148438,0.0
4654,184.45000000000792,0.05000000000001137,256.1650817871094,-112.10205841064453,-887.9154663085938,0.0
4655,184.45000000000792,0.05000000000001137,256.1650817871094,-112.2006607055664,-889.9130859375,0.0
4656,184.50000000000793,0.05000000000001137,256.20806579589845,-112.29926300048828,-891.91064453125,0.0
4657,184.50000000000793,0.05000000000001137,256.20806579589845,-112.39786529541016,-893.908203125,0.0
4658,184.55000000000794,0.05000000000001137,256.2484405517578,-112.49646759033203,-895.90576171875,0.0
4659,184.60000000000795,0.05000000000001137,256.28538208007814,-112.5950698852539,-897.9033203125,0.0
4660,184.60000000000795,0.05000000000001137,256.28538208007814,-112.69367218017578,-899.90087890625,0.0
4661,184.65000000000796,0.05000000000001137,256.32029113769534,-112.79227447509766,-901.8984375,0.0
4662,184.65000000000796,0.05000000000001137,256.32029113769534,-112.890869140625,-903.89599609375,0.0
4663,184.70000000000798,0.05000000000001137,256.34852600097656,-112.98947143554688,-905.8935546875,0.0
4664,184.70000000000798,0.05000000000001137,256.34852600097656,-113.08807373046875,-907.89111328125,0.0
4665,184.750000000008,0.05000000000001137,256.3259216308594,-113.18667602539062,-909.8887329101562,0.0
4666,184.750000000008,0.05000000000001137,256.3259216308594,-113.2852783203125,-911.8862915039062,0.0
4667,184.800000000008,0.05000000000001137,256.12294921875,-113.38388061523438,-913.8838500976562,0.0
4668,184.850000000008,0.05000000000001137,255.43440856933594,-113.48248291015625,-915.8814697265625,0.0
4669,184.850000000008,0.05000000000001137,255.43440856933594,-113.58108520507812,-917.8790283203125,0.0
4670,184.90000000000802,0.05000000000001137,254.04884033203126,-113.6796875,-919.8765869140625,0.0
4671,184.90000000000802,0.05000000000001137,254.04884033203126,-113.77828979492188,-921.8741455078125,0.0
4672,184.95000000000803,0.05000000000001137,252.12906188964845,-113.87689208984375,-923.8717041015625,0.0
4673,184.95000000000803,0.05000000000001137,252.12906188964845,-113.97549438476562,-925.8692626953125,0.0
4674,185.00000000000804,0.05000000000001137,249.8220428466797,-114.0740966796875,-927.8668212890625,0.0
4675,185.05000000000805,0.05000000000001137,247.22303466796876,-114.17269897460938,-929.8643798828125,0.0
4676,185.05000000000805,0.05000000000001137,247.22303466796876,-114.27130126953125,-931.8619384765625,0.0
4677,185.10000000000807,0.05000000000001137,244.40185546875,-114.36990356445312,-933.8594970703125,0.0
4678,185.10000000000807,0.05000000000001137,244.40185546875,-114.468505859375,-935.8571166992188,0.0
4679,185.15000000000808,0.05000000000001137,241.40937194824218,-114.56756591796875,-937.8546752929688,0.0
4680,185.15000000000808,0.05000000000001137,241.40937194824218,-114.67355346679688,-939.8518676757812,0.0
4681,185.2000000000081,0.05000000000001137,238.2850799560547,-114.7884521484375,-941.8485717773438,0.0
4682,185.2500000000081,0.05000000000001137,235.05644531250002,-114.9122314453125,-943.8447265625,0.0
4683,185.2500000000081,0.05000000000001137,235.05644531250002,-115.04489135742188,-945.84033203125,0.0
4684,185.3000000000081,0.05000000000001137,231.7537078857422,-115.18646240234375,-947.8353271484375,0.0
4685,185.35000000000812,0.05000000000001137,228.4392288208008,-115.3369140625,-949.8296508789062,0.0
4686,185.35000000000812,0.05000000000001137,228.4392288208008,-115.49624633789062,-951.8233032226562,0.0
4687,185.40000000000813,0.05000000000001137,225.13011932373047,-115.66445922851562,-953.8162231445312,0.0
4688,185.45000000000815,0.05000000000001137,221.82117462158203,-115.841552734375,-955.808349609375,0.0
4689,185.45000000000815,0.05000000000001137,221.82117462158203,-116.02752685546875,-957.7996826171875,0.0
4690,185.50000000000816,0.05000000000001137,218.5140151977539,-116.22235107421875,-959.7901611328125,0.0
4691,185.55000000000817,0.05000000000001137,215.20441131591798,-116.42605590820312,-961.77978515625,0.0
4692,185.55000000000817,0.05000000000001137,215.20441131591798,-116.63861083984375,-963.7684326171875,0.0
4693,185.60000000000818,0.05000000000001137,211.95506744384767,-116.86004638671875,-965.7561645507812,0.0
4694,185.6500000000082,0.05000000000001137,208.94425048828126,-117.09030151367188,-967.7428588867188,0.0
4695,185.6500000000082,0.05000000000001137,208.94425048828126,-117.32943725585938,-969.728515625,0.0
4696,185.7000000000082,0.05000000000001137,206.25155639648438,-117.577392578125,-971.7130737304688,0.0
4697,185.7500000000082,0.05000000000001137,203.8412109375,-117.83419799804688,-973.6964721679688,0.0
4698,185.7500000000082,0.05000000000001137,203.8412109375,-118.099853515625,-975.6787719726562,0.0
4699,185.80000000000823,0.05000000000001137,201.7043014526367,-118.37432861328125,-977.6598510742188,0.0
4700,185.85000000000824,0.05000000000001137,199.8176055908203,-118.65762329101562,-979.6397094726562,0.0
4701,185.90000000000825,0.05000000000001137,198.17319946289064,-118.94973754882812,-981.6182250976562,0.0
4702,185.95000000000826,0.05000000000001137,196.7519256591797,-119.25064086914062,-983.595458984375,0.0
4703,186.00000000000827,0.05000000000001137,195.51886138916015,-119.56039428710938,-985.5713500976562,0.0
4704,186.00000000000827,0.05000000000001137,195.51886138916015,-119.87890625,-987.5457763671875,0.0
4705,186.05000000000828,0.05000000000001137,194.45099029541015,-120.20623779296875,-989.5188598632812,0.0
4706,186.1000000000083,0.05000000000001137,193.53617248535156,-120.5423583984375,-991.4903564453125,0.0
4707,186.1500000000083,0.05000000000001137,192.73912811279297,-120.89114379882812,-993.459716796875,0.0
4708,186.1500000000083,0.05000000000001137,192.73912811279297,-121.27919006347656,-995.421630859375,0.0
4709,186.20000000000832,0.05000000000001137,192.03567352294922,-121.71135711669922,-997.3743286132812,0.0
4710,186.25000000000833,0.05000000000001137,191.4157699584961,-122.18743896484375,-999.3168334960938,0.0
4711,186.30000000000834,0.05000000000001137,190.8451126098633,-122.70718383789062,-1001.248046875,0.0
4712,186.30000000000834,0.05000000000001137,190.8451126098633,-123.27032470703125,-1003.1671142578125,0.0
4713,186.35000000000835,0.05000000000001137,190.30447540283203,-123.8765869140625,-1005.0729370117188,0.0
4714,186.40000000000836,0.05000000000001137,189.79146881103517,-124.52565002441406,-1006.9646606445312,0.0
4715,186.45000000000837,0.05000000000001137,189.2791488647461,-125.21720123291016,-1008.8412475585938,0.0
4716,186.45000000000837,0.05000000000001137,189.2791488647461,-125.95086669921875,-1010.7017822265625,0.0
4717,186.50000000000838,0.05000000000001137,188.75670776367187,-126.72628784179688,-1012.5452880859375,0.0
4718,186.5500000000084,0.05000000000001137,188.2155487060547,-127.54307556152344,-1014.370849609375,0.0
4719,186.6000000000084,0.05000000000001137,187.66674041748047,-128.40081787109375,-1016.1775512695312,0.0
4720,186.6000000000084,0.05000000000001137,187.66674041748047,-129.29904174804688,-1017.9644165039062,0.0
4721,186.65000000000842,0.05000000000001137,187.0886672973633,-130.23733520507812,-1019.7306518554688,0.0
4722,186.70000000000843,0.05000000000001137,186.47781372070312,-131.21519470214844,-1021.4752197265625,0.0
4723,186.70000000000843,0.05000000000001137,186.47781372070312,-132.2321319580078,-1023.1973266601562,0.0
4724,186.75000000000844,0.05000000000001137,185.8527328491211,-133.28762817382812,-1024.8961181640625,0.0
4725,186.75000000000844,0.05000000000001137,185.8527328491211,-134.38116455078125,-1026.570556640625,0.0
4726,186.80000000000845,0.05000000000001137,185.1910125732422,-135.51214599609375,-1028.2200927734375,0.0
4727,186.85000000000846,0.05000000000001137,184.4909912109375,-136.68003845214844,-1029.8436279296875,0.0
4728,186.90000000000848,0.05000000000001137,183.77583618164064,-137.8842315673828,-1031.4404296875,0.0
4729,186.90000000000848,0.05000000000001137,183.77583618164064,-139.12411499023438,-1033.0096435546875,0.0
4730,186.9500000000085,0.05000000000001137,183.02286071777345,-140.3990478515625,-1034.550537109375,0.0
4731,187.0000000000085,0.05000000000001137,182.25689392089845,-141.70838928222656,-1036.062255859375,0.0
4732,187.0500000000085,0.05000000000001137,181.45693817138672,-143.05148315429688,-1037.544189453125,0.0
4733,187.0500000000085,0.05000000000001137,181.45693817138672,-144.42764282226562,-1038.995361328125,0.0
4734,187.10000000000852,0.05000000000001137,180.6475067138672,-145.83311462402344,-1040.4183349609375,0.0
4735,187.15000000000853,0.05000000000001137,179.80867309570314,-147.24366760253906,-1041.836181640625,0.0
4736,187.20000000000854,0.05000000000001137,178.96269836425782,-148.6542205810547,-1043.2540283203125,0.0
4737,187.25000000000855,0.05000000000001137,178.0903289794922,-150.0647735595703,-1044.671875,0.0
4738,187.25000000000855,0.05000000000001137,178.0903289794922,-151.9115447998047,-1045.4959716796875,-0.7423210073029622
4739,187.30000000000857,0.05000000000001137,177.21228790283203,-153.56297302246094,-1046.8179931640625,-0.7423085332848132
4740,187.35000000000858,0.05000000000001137,176.32939910888672,-155.27511596679688,-1048.03515625,-0.7423096013953909
4741,187.4000000000086,0.05000000000001137,175.42534790039062,-157.0152130126953,-1049.207763671875,-0.7423054432729259
4742,187.4000000000086,0.05000000000001137,175.42534790039062,-158.78709411621094,-1050.357421875,-0.7423200918128714
4743,187.4500000000086,0.05000000000001137,174.51893463134766,-160.56326293945312,-1051.5169677734375,-0.7423218083567917
4744,187.5000000000086,0.05000000000001137,173.61151885986328,-162.36941528320312,-1052.62744140625,-0.7423082662280649
4745,187.55000000000862,0.05000000000001137,172.70419921875,-164.17236328125,-1053.70263671875,-0.74231997737661
4746,187.60000000000863,0.05000000000001137,171.7981155395508,-166.06207275390625,-1054.709716796875,-0.7423170019173995
4747,187.65000000000865,0.05000000000001137,170.8813201904297,-167.92999267578125,-1055.629150390625,-0.7423144842032343
4748,187.70000000000866,0.05000000000001137,169.96853485107422,-169.81085205078125,-1056.5367431640625,-0.7423064351314679
4749,187.70000000000866,0.05000000000001137,169.96853485107422,-171.71499633789062,-1057.373291015625,-0.7423194814473391
4750,187.75000000000867,0.05000000000001137,169.0613800048828,-173.6272430419922,-1058.2000732421875,-0.7423196339514107
4751,187.80000000000868,0.05000000000001137,168.16140747070312,-175.54446411132812,-1059.032958984375,-0.7423214650480077
4752,187.8500000000087,0.05000000000001137,167.27062225341797,-177.5172576904297,-1059.7908935546875,-0.7423147893277928
4753,187.9000000000087,0.05000000000001137,166.39122161865234,-179.49436950683594,-1060.45947265625,-0.7423034978564829
4754,187.9500000000087,0.05000000000001137,165.52581481933595,-181.5004119873047,-1061.0311279296875,-0.7423002171562985
4755,188.00000000000873,0.05000000000001137,164.67745056152344,-183.51683044433594,-1061.5489501953125,-0.7423200536286458
4756,188.05000000000874,0.05000000000001137,163.84930114746095,-185.5426788330078,-1062.0693359375,-0.7423139500897378
4757,188.10000000000875,0.05000000000001137,163.04501953125,-187.5782928466797,-1062.4969482421875,-0.7423190999543294
4758,188.15000000000876,0.05000000000001137,162.25970306396485,-189.625,-1062.8687744140625,-0.7423073888057843
4759,188.20000000000877,0.05000000000001137,161.505615234375,-191.70413208007812,-1063.192626953125,-0.7423057866981253
4760,188.25000000000878,0.05000000000001137,160.7863952636719,-193.7519073486328,-1063.4056396484375,-0.7423188710818067
4761,188.3000000000088,0.05000000000001137,160.10568237304688,-195.80239868164062,-1063.566162109375,-0.7423141027102247
4762,188.3500000000088,0.05000000000001137,159.45232543945312,-197.89547729492188,-1063.7291259765625,-0.7423218083567917
4763,188.40000000000882,0.05000000000001137,158.85921478271484,-199.98516845703125,-1063.813232421875,-0.7423080754233524
4764,188.45000000000883,0.05000000000001137,158.3147186279297,-202.0535888671875,-1063.8670654296875,-0.7423210454871878
4765,188.50000000000884,0.05000000000001137,157.82154235839843,-204.19088745117188,-1063.8963623046875,-0.7423109364463016
4766,188.55000000000885,0.05000000000001137,157.3820755004883,-206.28028869628906,-1063.8968505859375,-0.7423208166146651
4767,188.60000000000886,0.05000000000001137,156.99791107177734,-208.3740997314453,-1063.825927734375,-0.7423006749013439
4768,188.65000000000887,0.05000000000001137,156.6695571899414,-210.478515625,-1063.6851806640625,-0.7423194814473391
4769,188.70000000000888,0.05000000000001137,156.41231231689454,-212.55540466308594,-1063.4866943359375,-0.7423189855180681
4770,188.70000000000888,0.05000000000001137,156.41231231689454,-214.64825439453125,-1063.279296875,-0.742306778440252
4771,188.7500000000089,0.05000000000001137,156.23219146728516,-216.74729919433594,-1062.9940185546875,-0.7423195576993749
4772,188.8000000000089,0.05000000000001137,156.1149398803711,-218.8514862060547,-1062.7254638671875,-0.7423218083567917
4773,188.85000000000892,0.05000000000001137,156.05879974365234,-220.93853759765625,-1062.3858642578125,-0.742312042741105
4774,188.90000000000893,0.05000000000001137,156.0779571533203,-223.02557373046875,-1062.0360107421875,-0.7423208546824753
4775,188.95000000000894,0.05000000000001137,156.12772521972656,-225.13626098632812,-1061.683837890625,-0.7423215032322332
4776,189.00000000000895,0.05000000000001137,156.2231689453125,-227.19061279296875,-1061.266357421875,-0.7423113561235368
4777,189.05000000000896,0.05000000000001137,156.3504592895508,-229.30372619628906,-1060.826171875,-0.7423203587532043
4778,189.10000000000898,0.05000000000001137,156.48626403808595,-231.3948211669922,-1060.3924560546875,-0.7423208928667009
4779,189.150000000009,0.05000000000001137,156.63105010986328,-233.4798583984375,-1059.936767578125,-0.7423084951005876
4780,189.200000000009,0.05000000000001137,156.78045043945312,-235.4523162841797,-1059.4605712890625,-0.7423189092660323
4781,189.250000000009,0.05000000000001137,156.9328582763672,-237.5488739013672,-1058.9588623046875,-0.7423175740987062
4782,189.30000000000902,0.05000000000001137,157.0839614868164,-239.5926513671875,-1058.361328125,-0.7423166966764256
4783,189.35000000000903,0.05000000000001137,157.2293655395508,-241.65032958984375,-1057.7847900390625,-0.7423203206853941
4784,189.40000000000904,0.05000000000001137,157.36569213867188,-243.68374633789062,-1057.1217041015625,-0.7423137212172151
4785,189.45000000000906,0.05000000000001137,157.49435577392578,-245.7034454345703,-1056.4674072265625,-0.7423200154444203
4786,189.50000000000907,0.05000000000001137,157.61734771728516,-247.6038055419922,-1055.828125,-0.7423052144004032
4787,189.55000000000908,0.05000000000001137,157.73576660156252,-249.5917510986328,-1055.078857421875,-0.7423180318437517
4788,189.6000000000091,0.05000000000001137,157.85623168945312,-251.55618286132812,-1054.2960205078125,-0.7423070836812258
4789,189.6500000000091,0.05000000000001137,157.98401641845703,-253.52745056152344,-1053.480712890625,-0.7423192143905908
4790,189.7000000000091,0.05000000000001137,158.1211669921875,-255.447509765625,-1052.600341796875,-0.7423122335458174
4791,189.75000000000912,0.05000000000001137,158.27655487060548,-257.3622741699219,-1051.7066650390625,-0.7423120809253305
4792,189.80000000000913,0.05000000000001137,158.4550552368164,-259.2600402832031,-1050.7177734375,-0.7423179555917159
4793,189.85000000000915,0.05000000000001137,158.65697021484377,-261.1348876953125,-1049.7237548828125,-0.7423009038902819
4794,189.90000000000916,0.05000000000001137,158.8892349243164,-262.9439697265625,-1048.6640625,-0.7423184133367613
4795,189.95000000000917,0.05000000000001137,159.14950103759767,-264.72479248046875,-1047.5242919921875,-0.7423105168854818
4796,190.00000000000918,0.05000000000001137,159.44150390625,-266.50506591796875,-1046.375244140625,-0.7423201298806816
4797,190.00000000000918,0.05000000000001137,159.44150390625,-268.2236022949219,-1045.1461181640625,-0.7423166966764256
4798,190.0500000000092,0.05000000000001137,159.7683334350586,-269.9737854003906,-1043.91845703125,-0.7423210454871878
4799,190.1000000000092,0.05000000000001137,160.11385345458984,-271.70428466796875,-1042.7047119140625,-0.7423215032322332
4800,190.15000000000921,0.05000000000001137,160.48270568847656,-273.4604187011719,-1041.4732666015625,-0.7423210454871878
4801,190.20000000000923,0.05000000000001137,160.86700744628908,-275.23358154296875,-1040.2301025390625,-0.7423205495579168
4802,190.25000000000924,0.05000000000001137,161.2646026611328,-276.99444580078125,-1038.9949951171875,-0.7423203206853941
4803,190.30000000000925,0.05000000000001137,161.66813049316406,-278.7636413574219,-1037.754638671875,-0.74231997737661
4804,190.35000000000926,0.05000000000001137,162.07576446533204,-280.3896179199219,-1036.572265625,-0.7423068548087031
4805,190.40000000000927,0.05000000000001137,162.48159942626953,-282.11859130859375,-1035.27490234375,-0.7423182989004999
4806,190.45000000000928,0.05000000000001137,162.8850311279297,-283.78533935546875,-1033.896484375,-0.7423046422190964
4807,190.5000000000093,0.05000000000001137,163.2817611694336,-285.2909851074219,-1032.5750732421875,-0.7423018575645983
4808,190.5000000000093,0.05000000000001137,163.2817611694336,-286.8768005371094,-1031.08203125,-0.7423175359144807
4809,190.5500000000093,0.05000000000001137,163.6725311279297,-288.3553466796875,-1029.71142578125,-0.7423199010081589
4810,190.60000000000932,0.05000000000001137,164.0544845581055,-289.8172912597656,-1028.260498046875,-0.7423160100588575
4811,190.65000000000933,0.05000000000001137,164.4298873901367,-291.26361083984375,-1026.840576171875,-0.7423197103198618
4812,190.70000000000934,0.05000000000001137,164.7968719482422,-292.6814880371094,-1025.375732421875,-0.7423044515307993
4813,190.75000000000935,0.05000000000001137,165.1589813232422,-294.0890197753906,-1023.866943359375,-0.7423183369683102
4814,190.80000000000936,0.05000000000001137,165.51500701904297,-295.4896240234375,-1022.3735961914062,-0.7423200154444203
4815,190.85000000000937,0.05000000000001137,165.86927490234376,-296.89154052734375,-1020.8787841796875,-0.7423198629403487
4816,190.90000000000938,0.05000000000001137,166.22056274414064,-298.3043212890625,-1019.3722534179688,-0.74231997737661
4817,190.9500000000094,0.05000000000001137,166.5700927734375,-299.7312927246094,-1017.8512573242188,-0.7423198629403487
4818,191.0000000000094,0.05000000000001137,166.92182006835938,-301.1484375,-1016.3404541015625,-0.7423193288268521
4819,191.05000000000942,0.05000000000001137,167.27292938232424,-302.5631103515625,-1014.83203125,-0.742319138138555
4820,191.10000000000943,0.05000000000001137,167.62722473144532,-304.00830078125,-1013.2911987304688,-0.7423189092660323
4821,191.15000000000944,0.05000000000001137,167.9812454223633,-305.3985900878906,-1011.7560424804688,-0.7423170019173995
4822,191.15000000000944,0.05000000000001137,167.9812454223633,-306.8076171875,-1010.2120361328125,-0.7423182607162744
4823,191.20000000000945,0.05000000000001137,168.3383972167969,-308.1435546875,-1008.6122436523438,-0.7423105550697073
4824,191.25000000000946,0.05000000000001137,168.69513702392578,-309.4650573730469,-1007.034912109375,-0.7423179174074903
4825,191.30000000000948,0.05000000000001137,169.05154724121095,-310.7599182128906,-1005.4152221679688,-0.742309448774904
4826,191.3500000000095,0.05000000000001137,169.41009979248048,-312.0448303222656,-1003.7866821289062,-0.7423179174074903
4827,191.4000000000095,0.05000000000001137,169.7680206298828,-313.35687255859375,-1002.0647583007812,-0.7423058247659355
4828,191.4500000000095,0.05000000000001137,170.1274383544922,-314.6431579589844,-1000.318359375,-0.7423170781694353
4829,191.4500000000095,0.05000000000001137,170.1274383544922,-315.84625244140625,-998.495361328125,-0.7423141027102247
4830,191.50000000000952,0.05000000000001137,170.48582611083984,-317.00567626953125,-996.7721557617188,-0.7423187566455454
4831,191.55000000000953,0.05000000000001137,170.84296417236328,-318.1661682128906,-995.048583984375,-0.7423192143905908
4832,191.60000000000954,0.05000000000001137,171.19878387451172,-319.29010009765625,-993.3046875,-0.742308609536849
4833,191.60000000000954,0.05000000000001137,171.19878387451172,-320.42156982421875,-991.5107421875,-0.7423179174074903
4834,191.70000000000957,0.10000000000002274,171.89892883300783,-321.5170593261719,-989.7791748046875,-0.7423192525748163
4835,191.75000000000958,0.05000000000001137,172.25304565429687,-322.6207275390625,-988.0336303710938,-0.7423190999543294
4836,191.8000000000096,0.05000000000001137,172.6070114135742,-323.74072265625,-986.2623291015625,-0.7423189473338425
4837,191.8000000000096,0.05000000000001137,172.6070114135742,-324.8528747558594,-984.503662109375,-0.7423185658408329
4838,191.8500000000096,0.05000000000001137,172.9622543334961,-325.9626770019531,-982.7481689453125,-0.7423183369683102
4839,191.9000000000096,0.05000000000001137,173.31963958740235,-327.0829772949219,-980.9772338867188,-0.7423183369683102
4840,191.95000000000962,0.05000000000001137,173.68004608154297,-328.20526123046875,-979.2028198242188,-0.7423181080957875
4841,192.00000000000963,0.05000000000001137,174.04361114501953,-329.3165283203125,-977.4454345703125,-0.7423179555917159
4842,192.05000000000965,0.05000000000001137,174.41029357910156,-330.40240478515625,-975.6320190429688,-0.7423079229192808
4843,192.10000000000966,0.05000000000001137,174.78167266845705,-331.46240234375,-973.8324584960938,-0.742316811112687
4844,192.10000000000966,0.05000000000001137,174.78167266845705,-332.4803466796875,-972.0245361328125,-0.7422968983883038
4845,192.15000000000967,0.05000000000001137,175.15718536376954,-333.4183654785156,-970.1727294921875,-0.74231498001609
4846,192.20000000000968,0.05000000000001137,175.53749084472656,-334.3659973144531,-968.34130859375,-0.7423176121665165
4847,192.20000000000968,0.05000000000001137,175.53749084472656,-335.22174072265625,-966.4569091796875,-0.7423129201633856
4848,192.2500000000097,0.05000000000001137,175.9223831176758,-335.9728088378906,-964.534912109375,-0.7423004460288212
4849,192.3000000000097,0.05000000000001137,176.31157379150392,-336.6628112792969,-962.5734252929688,-0.7423008657060564
4850,192.3000000000097,0.05000000000001137,176.31157379150392,-337.1873779296875,-960.5723876953125,-0.7423132252879441
4851,192.35000000000971,0.05000000000001137,176.70305786132812,-337.7567443847656,-958.5396118164062,-0.7423194432631135
4852,192.40000000000973,0.05000000000001137,177.09811248779297,-338.33160400390625,-956.540771484375,-0.742310211644508
4853,192.45000000000974,0.05000000000001137,177.49611968994142,-338.9640197753906,-954.5684204101562,-0.7423174214782193
4854,192.50000000000975,0.05000000000001137,177.8964614868164,-339.5845947265625,-952.5846557617188,-0.7423196721356362
4855,192.55000000000976,0.05000000000001137,178.29814910888672,-340.2186279296875,-950.5728759765625,-0.7423167729284614
4856,192.60000000000977,0.05000000000001137,178.70118255615236,-340.9141845703125,-948.6129760742188,-0.7423166204243898
4857,192.60000000000977,0.05000000000001137,178.70118255615236,-341.5894470214844,-946.657958984375,-0.7423193288268521
4858,192.65000000000978,0.05000000000001137,179.10406494140625,-342.29095458984375,-944.6427612304688,-0.7423166204243898
4859,192.7500000000098,0.10000000000002274,179.90985717773438,-343.04412841796875,-942.705078125,-0.7423164296196774
4860,192.80000000000982,0.05000000000001137,180.3123550415039,-343.7814636230469,-940.7601928710938,-0.7423193288268521
4861,192.80000000000982,0.05000000000001137,180.3123550415039,-344.5198669433594,-938.810546875,-0.7423194050788879
4862,192.85000000000983,0.05000000000001137,180.7109115600586,-345.26434326171875,-936.8462524414062,-0.742319138138555
4863,192.90000000000984,0.05000000000001137,181.10777893066407,-345.9371032714844,-934.87841796875,-0.7423134160926566
4864,192.95000000000985,0.05000000000001137,181.50335540771485,-346.61956787109375,-932.8984985351562,-0.7423185658408329
4865,193.00000000000986,0.05000000000001137,181.89727020263672,-347.32763671875,-930.9378662109375,-0.7423162389313802
4866,193.05000000000987,0.05000000000001137,182.28923492431642,-348.03289794921875,-928.9797973632812,-0.7423186802770942
4867,193.05000000000987,0.05000000000001137,182.28923492431642,-348.74560546875,-927.00146484375,-0.7423187566455454
4868,193.10000000000989,0.05000000000001137,182.6797302246094,-349.4505920410156,-925.0425415039062,-0.7423186802770942
4869,193.1500000000099,0.05000000000001137,183.06837158203126,-350.1638488769531,-923.0618286132812,-0.7423184895887971
4870,193.2000000000099,0.05000000000001137,183.45581817626953,-350.8594055175781,-921.0194091796875,-0.7423161244951189
4871,193.25000000000992,0.05000000000001137,183.8427703857422,-351.5464782714844,-919.0130004882812,-0.7423176121665165
4872,193.25000000000992,0.05000000000001137,183.8427703857422,-352.1173095703125,-917.0120239257812,-0.7423126149224117
4873,193.30000000000993,0.05000000000001137,184.22962646484376,-352.7115478515625,-914.9974975585938,-0.7423181080957875
4874,193.30000000000993,0.05000000000001137,184.22962646484376,-353.228515625,-912.981201171875,-0.7423139500897378
4875,193.40000000000995,0.10000000000002274,185.0035858154297,-353.7640075683594,-910.939697265625,-0.7423181844642386
4876,193.40000000000995,0.10000000000002274,185.0035858154297,-354.243896484375,-908.8864135742188,-0.7423105931375176
4877,193.45000000000996,0.05000000000001137,185.3914031982422,-354.7211608886719,-906.8106079101562,-0.7423179555917159
4878,193.50000000000998,0.05000000000001137,185.78048400878907,-355.19287109375,-904.762939453125,-0.7423187184613198
4879,193.55000000001,0.05000000000001137,186.1706497192383,-355.6669921875,-902.7063598632812,-0.7423187184613198
4880,193.60000000001,0.05000000000001137,186.56170806884765,-356.1466369628906,-900.6213989257812,-0.7423185277730227
4881,193.60000000001,0.05000000000001137,186.56170806884765,-356.5973815917969,-898.5481567382812,-0.7423047566553578
4882,193.65000000001,0.05000000000001137,186.9544692993164,-356.99951171875,-896.483154296875,-0.7423163915518671
4883,193.70000000001002,0.05000000000001137,187.34867248535156,-357.4197692871094,-894.3696899414062,-0.7423180700279772
4884,193.75000000001003,0.05000000000001137,187.74468841552735,-357.8175048828125,-892.29833984375,-0.7423088002251461
4885,193.75000000001003,0.05000000000001137,187.74468841552735,-358.1552734375,-890.1978759765625,-0.7423159718746319
4886,193.80000000001004,0.05000000000001137,188.14246215820313,-358.5164489746094,-888.0471801757812,-0.7423184514045715
4887,193.85000000001006,0.05000000000001137,188.5414993286133,-358.8316650390625,-885.93896484375,-0.7423165440559387
4888,193.90000000001007,0.05000000000001137,188.94239044189453,-359.1517639160156,-883.8519287109375,-0.742318146280013
4889,193.90000000001007,0.05000000000001137,188.94239044189453,-359.4435119628906,-881.7196044921875,-0.7423059011343867
4890,193.95000000001008,0.05000000000001137,189.3450668334961,-359.697265625,-879.6254272460938,-0.7423167348606512
4891,194.0000000000101,0.05000000000001137,189.74951477050783,-359.9566650390625,-877.5208129882812,-0.7423182989004999
4892,194.0500000000101,0.05000000000001137,190.15545959472658,-360.05645751953125,-875.3560791015625,0.0
4893,194.1000000000101,0.05000000000001137,190.56321716308594,-360.3080749511719,-873.3719482421875,0.0
4894,194.1000000000101,0.05000000000001137,190.56321716308594,-360.5517578125,-871.3868408203125,0.0
4895,194.15000000001012,0.05000000000001137,190.97271881103515,-360.7875061035156,-869.4008178710938,0.0
4896,194.20000000001014,0.05000000000001137,191.3838134765625,-361.0152893066406,-867.413818359375,0.0
4897,194.25000000001015,0.05000000000001137,191.79639129638673,-361.235107421875,-865.4259643554688,0.0
4898,194.25000000001015,0.05000000000001137,191.79639129638673,-361.447021484375,-863.4371948242188,0.0
4899,194.30000000001016,0.05000000000001137,192.21050720214845,-361.65093994140625,-861.4476318359375,0.0
4900,194.35000000001017,0.05000000000001137,192.62601013183595,-361.846923828125,-859.457275390625,0.0
4901,194.40000000001018,0.05000000000001137,193.04279022216798,-362.034912109375,-857.4661254882812,0.0
4902,194.40000000001018,0.05000000000001137,193.04279022216798,-362.2149658203125,-855.4742431640625,0.0
4903,194.4500000000102,0.05000000000001137,193.46065521240234,-362.38702392578125,-853.4816284179688,0.0
4904,194.5000000000102,0.05000000000001137,193.87950897216797,-362.5511169433594,-851.4884033203125,0.0
4905,194.55000000001021,0.05000000000001137,194.2992141723633,-362.7072448730469,-849.4945068359375,0.0
4906,194.55000000001021,0.05000000000001137,194.2992141723633,-362.85540771484375,-847.5,0.0
4907,194.60000000001023,0.05000000000001137,194.7196060180664,-362.99639892578125,-845.5049438476562,0.0
4908,194.65000000001024,0.05000000000001137,195.14046478271484,-363.13629150390625,-843.5098876953125,0.0
4909,194.70000000001025,0.05000000000001137,195.56177673339843,-363.2761535644531,-841.5147705078125,0.0
4910,194.70000000001025,0.05000000000001137,195.56177673339843,-363.416015625,-839.5196533203125,0.0
4911,194.75000000001026,0.05000000000001137,195.98336334228517,-363.5558776855469,-837.5245361328125,0.0
4912,194.80000000001027,0.05000000000001137,196.40497741699218,-363.6957702636719,-835.5294799804688,0.0
4913,194.80000000001027,0.05000000000001137,196.40497741699218,-363.83563232421875,-833.5343627929688,0.0
4914,194.85000000001028,0.05000000000001137,196.82674255371094,-363.9754943847656,-831.5392456054688,0.0
4915,194.9000000000103,0.05000000000001137,197.24838409423828,-364.1153564453125,-829.5441284179688,0.0
4916,194.9500000000103,0.05000000000001137,197.66986083984375,-364.2552490234375,-827.549072265625,0.0
4917,194.9500000000103,0.05000000000001137,197.66986083984375,-364.3951110839844,-825.553955078125,0.0
4918,195.00000000001032,0.05000000000001137,198.0910629272461,-364.53497314453125,-823.558837890625,0.0
4919,195.05000000001033,0.05000000000001137,198.51192169189454,-364.6748352050781,-821.563720703125,0.0
4920,195.10000000001034,0.05000000000001137,198.93240966796876,-364.8147277832031,-819.568603515625,0.0
4921,195.10000000001034,0.05000000000001137,198.93240966796876,-364.95458984375,-817.5735473632812,0.0
4922,195.15000000001035,0.05000000000001137,199.3524169921875,-365.0944519042969,-815.5784301757812,0.0
4923,195.20000000001036,0.05000000000001137,199.77186126708986,-365.23431396484375,-813.5833129882812,0.0
4924,195.25000000001037,0.05000000000001137,200.19075622558594,-365.37420654296875,-811.5881958007812,0.0
4925,195.30000000001039,0.05000000000001137,200.60904693603516,-365.5140686035156,-809.5931396484375,0.0
4926,195.30000000001039,0.05000000000001137,200.60904693603516,-365.6539306640625,-807.5980224609375,0.0
4927,195.3500000000104,0.05000000000001137,201.02663726806642,-365.7937927246094,-805.6029052734375,0.0
4928,195.4000000000104,0.05000000000001137,201.44351348876953,-365.9336853027344,-803.6077880859375,0.0
4929,195.45000000001042,0.05000000000001137,201.85960693359377,-366.07354736328125,-801.6126708984375,0.0
4930,195.45000000001042,0.05000000000001137,201.85960693359377,-366.2134094238281,-799.6176147460938,0.0
4931,195.50000000001043,0.05000000000001137,202.27491760253906,-366.353271484375,-797.6224975585938,0.0
4932,195.55000000001044,0.05000000000001137,202.6894317626953,-366.4931640625,-795.6273803710938,0.0
4933,195.55000000001044,0.05000000000001137,202.6894317626953,-366.6330261230469,-793.6322631835938,0.0
4934,195.60000000001045,0.05000000000001137,203.10313568115234,-366.77288818359375,-791.63720703125,0.0
4935,195.65000000001046,0.05000000000001137,203.5158645629883,-366.9127502441406,-789.64208984375,0.0
4936,195.70000000001048,0.05000000000001137,203.92767333984375,-367.0526428222656,-787.64697265625,0.0
4937,195.70000000001048,0.05000000000001137,203.92767333984375,-367.1925048828125,-785.65185546875,0.0
4938,195.7500000000105,0.05000000000001137,204.33856201171875,-367.3323669433594,-783.6567993164062,0.0
4939,195.8000000000105,0.05000000000001137,204.74854431152343,-367.47222900390625,-781.6616821289062,0.0
4940,195.8000000000105,0.05000000000001137,204.74854431152343,-367.61212158203125,-779.6665649414062,0.0
4941,195.8500000000105,0.05000000000001137,205.1575653076172,-367.7519836425781,-777.6714477539062,0.0
4942,195.90000000001052,0.05000000000001137,205.56561126708985,-367.891845703125,-775.6763916015625,0.0
4943,195.95000000001053,0.05000000000001137,205.97273712158204,-368.03173828125,-773.6812744140625,0.0
4944,195.95000000001053,0.05000000000001137,205.97273712158204,-368.1716003417969,-771.6861572265625,0.0
4945,196.00000000001054,0.05000000000001137,206.37887420654297,-368.31146240234375,-769.6910400390625,0.0
4946,196.05000000001056,0.05000000000001137,206.78404998779297,-368.4489440917969,-767.69580078125,0.0
4947,196.05000000001056,0.05000000000001137,206.78404998779297,-368.5786437988281,-765.7000122070312,0.0
4948,196.10000000001057,0.05000000000001137,207.18829193115235,-368.70037841796875,-763.7037353515625,0.0
4949,196.15000000001058,0.05000000000001137,207.59158630371095,-368.8141174316406,-761.7069702148438,0.0
4950,196.15000000001058,0.05000000000001137,207.59158630371095,-368.91986083984375,-759.7097778320312,0.0
4951,196.2000000000106,0.05000000000001137,207.9938919067383,-369.01763916015625,-757.712158203125,0.0
4952,196.2000000000106,0.05000000000001137,207.9938919067383,-369.1074523925781,-755.714111328125,0.0
4953,196.2500000000106,0.05000000000001137,208.3952362060547,-369.1940002441406,-753.7160034179688,0.0
4954,196.3000000000106,0.05000000000001137,208.79568786621095,-369.28057861328125,-751.7178955078125,0.0
4955,196.3000000000106,0.05000000000001137,208.79568786621095,-369.36712646484375,-749.7197875976562,0.0
4956,196.35000000001062,0.05000000000001137,209.19515075683594,-369.4537048339844,-747.7216186523438,0.0
4957,196.40000000001064,0.05000000000001137,209.59370727539064,-369.5402526855469,-745.7235107421875,0.0
4958,196.40000000001064,0.05000000000001137,209.59370727539064,-369.6268310546875,-743.7254028320312,0.0
4959,196.45000000001065,0.05000000000001137,209.991357421875,-369.7134094238281,-741.7272338867188,0.0
4960,196.50000000001066,0.05000000000001137,210.38800506591798,-369.7999572753906,-739.7291259765625,0.0
4961,196.50000000001066,0.05000000000001137,210.38800506591798,-369.88653564453125,-737.7310180664062,0.0
4962,196.55000000001067,0.05000000000001137,210.78376007080078,-369.97308349609375,-735.73291015625,0.0
4963,196.60000000001068,0.05000000000001137,211.17858123779297,-370.0596618652344,-733.7347412109375,0.0
4964,196.60000000001068,0.05000000000001137,211.17858123779297,-370.1462097167969,-731.7366333007812,0.0
4965,196.6500000000107,0.05000000000001137,211.57249603271484,-370.2327880859375,-729.738525390625,0.0
4966,196.7000000000107,0.05000000000001137,211.96543579101564,-370.3193664550781,-727.7403564453125,0.0
4967,196.75000000001071,0.05000000000001137,212.35748291015625,-370.4059143066406,-725.7422485351562,0.0
4968,196.75000000001071,0.05000000000001137,212.35748291015625,-370.49249267578125,-723.744140625,0.0
4969,196.80000000001073,0.05000000000001137,212.74856872558595,-370.57904052734375,-721.7459716796875,0.0
4970,196.85000000001074,0.05000000000001137,213.13870697021486,-370.6656188964844,-719.7478637695312,0.0
4971,196.85000000001074,0.05000000000001137,213.13870697021486,-370.7521667480469,-717.749755859375,0.0
4972,196.90000000001075,0.05000000000001137,213.5279525756836,-370.8387451171875,-715.7516479492188,0.0
4973,196.95000000001076,0.05000000000001137,213.91626434326173,-370.92529296875,-713.7534790039062,0.0
4974,196.95000000001076,0.05000000000001137,213.91626434326173,-371.0118713378906,-711.75537109375,0.0
4975,197.00000000001077,0.05000000000001137,214.30361480712892,-371.09844970703125,-709.7572631835938,0.0
4976,197.05000000001078,0.05000000000001137,214.69007263183593,-371.18499755859375,-707.7590942382812,0.0
4977,197.1000000000108,0.05000000000001137,215.07565155029297,-371.2715759277344,-705.760986328125,0.0
4978,197.1000000000108,0.05000000000001137,215.07565155029297,-371.3581237792969,-703.7628784179688,0.0
4979,197.1500000000108,0.05000000000001137,215.46024169921876,-371.4447021484375,-701.7647705078125,0.0
4980,197.20000000001082,0.05000000000001137,215.84392547607422,-371.53125,-699.7666015625,0.0
4981,197.20000000001082,0.05000000000001137,215.84392547607422,-371.6178283691406,-697.7684936523438,0.0
4982,197.25000000001083,0.05000000000001137,216.2267303466797,-371.70440673828125,-695.7703857421875,0.0
4983,197.30000000001084,0.05000000000001137,216.60860137939454,-371.79095458984375,-693.772216796875,0.0
4984,197.30000000001084,0.05000000000001137,216.60860137939454,-371.8775329589844,-691.7741088867188,0.0
4985,197.35000000001085,0.05000000000001137,216.98956604003908,-371.9640808105469,-689.7760009765625,0.0
4986,197.40000000001086,0.05000000000001137,217.36963806152343,-372.0506591796875,-687.77783203125,0.0
4987,197.40000000001086,0.05000000000001137,217.36963806152343,-372.13568115234375,-685.7796630859375,0.0
4988,197.45000000001087,0.05000000000001137,217.74881744384766,-372.2132568359375,-683.7811889648438,0.0
4989,197.45000000001087,0.05000000000001137,217.74881744384766,-372.2828674316406,-681.7824096679688,0.0
4990,197.50000000001089,0.05000000000001137,218.12706298828127,-372.3444519042969,-679.7833251953125,0.0
4991,197.50000000001089,0.05000000000001137,218.12706298828127,-372.3980407714844,-677.7840576171875,0.0
4992,197.5500000000109,0.05000000000001137,218.50442962646486,-372.4436340332031,-675.7846069335938,0.0
4993,197.6000000000109,0.05000000000001137,218.8809036254883,-372.48126220703125,-673.7849731445312,0.0
4994,197.6000000000109,0.05000000000001137,218.8809036254883,-372.5108642578125,-671.78515625,0.0
4995,197.65000000001092,0.05000000000001137,219.2564437866211,-372.5324401855469,-669.7852783203125,0.0
4996,197.70000000001093,0.05000000000001137,219.63111877441406,-372.5460510253906,-667.7853393554688,0.0
4997,197.70000000001093,0.05000000000001137,219.63111877441406,-372.5516662597656,-665.7853393554688,0.0
4998,197.75000000001094,0.05000000000001137,220.00491485595703,-372.54925537109375,-663.7853393554688,0.0
4999,197.80000000001095,0.05000000000001137,220.37781829833986,-372.5388488769531,-661.785400390625,0.0
5000,197.80000000001095,0.05000000000001137,220.37781829833986,-372.5204772949219,-659.7854614257812,0.0
5001,197.85000000001097,0.05000000000001137,220.7498291015625,-372.49407958984375,-657.78564453125,0.0
5002,197.90000000001098,0.05000000000001137,221.12100219726562,-372.4596862792969,-655.7859497070312,0.0
5003,197.90000000001098,0.05000000000001137,221.12100219726562,-372.4172668457031,-653.786376953125,0.0
5004,197.950000000011,0.05000000000001137,221.49126892089845,-372.36688232421875,-651.7870483398438,0.0
5005,197.950000000011,0.05000000000001137,221.49126892089845,-372.3085021972656,-649.7879028320312,0.0
5006,198.000000000011,0.05000000000001137,221.8606704711914,-372.24212646484375,-647.7890014648438,0.0
5007,198.050000000011,0.05000000000001137,222.229248046875,-372.167724609375,-645.7903442382812,0.0
5008,198.050000000011,0.05000000000001137,222.229248046875,-372.0853576660156,-643.7920532226562,0.0
5009,198.10000000001102,0.05000000000001137,222.5969192504883,-371.9949951171875,-641.7941284179688,0.0
5010,198.15000000001103,0.05000000000001137,222.96372528076174,-371.9012145996094,-639.7963256835938,0.0
5011,198.15000000001103,0.05000000000001137,222.96372528076174,-371.80743408203125,-637.7985229492188,0.0
5012,198.20000000001104,0.05000000000001137,223.3297073364258,-371.713623046875,-635.8007202148438,0.0
5013,198.25000000001106,0.05000000000001137,223.69478302001954,-371.6198425292969,-633.8029174804688,0.0
5014,198.25000000001106,0.05000000000001137,223.69478302001954,-371.52606201171875,-631.8051147460938,0.0
5015,198.30000000001107,0.05000000000001137,224.05902099609375,-371.4322814941406,-629.8073120117188,0.0
5016,198.35000000001108,0.05000000000001137,224.42244873046874,-371.3384704589844,-627.8095092773438,0.0
5017,198.35000000001108,0.05000000000001137,224.42244873046874,-371.24468994140625,-625.8117065429688,0.0
5018,198.4000000000111,0.05000000000001137,224.7849838256836,-371.1509094238281,-623.8139038085938,0.0
5019,198.4500000000111,0.05000000000001137,225.14670867919924,-371.05712890625,-621.8161010742188,0.0
5020,198.4500000000111,0.05000000000001137,225.14670867919924,-370.96331787109375,-619.8182983398438,0.0
5021,198.5000000000111,0.05000000000001137,225.50755462646484,-370.8695373535156,-617.8204956054688,0.0
5022,198.55000000001112,0.05000000000001137,225.8675491333008,-370.7757568359375,-615.8226928710938,0.0
5023,198.55000000001112,0.05000000000001137,225.8675491333008,-370.6819763183594,-613.8248901367188,0.0
5024,198.60000000001114,0.05000000000001137,226.2267059326172,-370.58819580078125,-611.8271484375,0.0
5025,198.60000000001114,0.05000000000001137,226.2267059326172,-370.494384765625,-609.829345703125,0.0
5026,198.70000000001116,0.10000000000002274,226.94241027832032,-370.4006042480469,-607.83154296875,0.0
5027,198.70000000001116,0.10000000000002274,226.94241027832032,-370.30682373046875,-605.833740234375,0.0
5028,198.75000000001117,0.05000000000001137,227.29898529052736,-370.2130432128906,-603.8359375,0.0
5029,198.80000000001118,0.05000000000001137,227.6546813964844,-370.1192321777344,-601.838134765625,0.0
5030,198.80000000001118,0.05000000000001137,227.6546813964844,-370.02545166015625,-599.84033203125,0.0
5031,198.8500000000112,0.05000000000001137,228.00952606201173,-369.9316711425781,-597.842529296875,0.0
5032,198.8500000000112,0.05000000000001137,228.00952606201173,-369.837890625,-595.8447265625,0.0
5033,198.9000000000112,0.05000000000001137,228.36353302001953,-369.74407958984375,-593.846923828125,0.0
5034,198.95000000001122,0.05000000000001137,228.7166473388672,-369.6502990722656,-591.84912109375,0.0
5035,198.95000000001122,0.05000000000001137,228.7166473388672,-369.5565185546875,-589.851318359375,0.0
5036,199.00000000001123,0.05000000000001137,229.06882781982424,-369.4627380371094,-587.853515625,0.0
5037,199.05000000001124,0.05000000000001137,229.4202117919922,-369.36895751953125,-585.855712890625,0.0
5038,199.05000000001124,0.05000000000001137,229.4202117919922,-369.275146484375,-583.85791015625,0.0
5039,199.10000000001125,0.05000000000001137,229.77068939208985,-369.1813659667969,-581.860107421875,0.0
5040,199.15000000001126,0.05000000000001137,230.12034301757814,-369.08758544921875,-579.8623046875,0.0
5041,199.15000000001126,0.05000000000001137,230.12034301757814,-368.9938049316406,-577.864501953125,0.0
5042,199.20000000001127,0.05000000000001137,230.46910400390627,-368.8999938964844,-575.86669921875,0.0
5043,199.20000000001127,0.05000000000001137,230.46910400390627,-368.80621337890625,-573.868896484375,0.0
5044,199.25000000001128,0.05000000000001137,230.81706848144532,-368.7124328613281,-571.87109375,0.0
5045,199.3000000000113,0.05000000000001137,231.16409912109376,-368.61865234375,-569.873291015625,0.0
5046,199.3000000000113,0.05000000000001137,231.16409912109376,-368.52484130859375,-567.8755493164062,0.0
5047,199.3500000000113,0.05000000000001137,231.51033325195314,-368.4310607910156,-565.8777465820312,0.0
5048,199.40000000001132,0.05000000000001137,231.8556335449219,-368.3372802734375,-563.8799438476562,0.0
5049,199.40000000001132,0.05000000000001137,231.8556335449219,-368.2434997558594,-561.8821411132812,0.0
5050,199.45000000001133,0.05000000000001137,232.20016479492188,-368.14971923828125,-559.8843383789062,0.0
5051,199.45000000001133,0.05000000000001137,232.20016479492188,-368.055908203125,-557.8865356445312,0.0
5052,199.50000000001134,0.05000000000001137,232.54381713867187,-367.9621276855469,-555.8887329101562,0.0
5053,199.55000000001135,0.05000000000001137,232.88664550781252,-367.86834716796875,-553.8909301757812,0.0
5054,199.55000000001135,0.05000000000001137,232.88664550781252,-367.7745666503906,-551.8931274414062,0.0
5055,199.60000000001136,0.05000000000001137,233.22867736816406,-367.6807556152344,-549.8953247070312,0.0
5056,199.65000000001137,0.05000000000001137,233.56988525390625,-367.58697509765625,-547.8975219726562,0.0
5057,199.65000000001137,0.05000000000001137,233.56988525390625,-367.4931945800781,-545.8997192382812,0.0
5058,199.70000000001139,0.05000000000001137,233.91026916503907,-367.3994140625,-543.9019165039062,0.0
5059,199.70000000001139,0.05000000000001137,233.91026916503907,-367.30560302734375,-541.9041137695312,0.0
5060,199.7500000000114,0.05000000000001137,234.24993896484375,-367.2118225097656,-539.9063110351562,0.0
5061,199.8000000000114,0.05000000000001137,234.58878479003906,-367.1180419921875,-537.9085083007812,0.0
5062,199.8000000000114,0.05000000000001137,234.58878479003906,-367.0242614746094,-535.9107055664062,0.0
5063,199.85000000001142,0.05000000000001137,234.92688903808593,-366.9304504394531,-533.9129028320312,0.0
5064,199.85000000001142,0.05000000000001137,234.92688903808593,-366.836669921875,-531.9151611328125,0.0
5065,199.90000000001143,0.05000000000001137,235.264306640625,-366.7428894042969,-529.9173583984375,0.0
5066,199.95000000001144,0.05000000000001137,235.60095520019533,-366.64910888671875,-527.9195556640625,0.0
5067,199.95000000001144,0.05000000000001137,235.60095520019533,-366.5553283691406,-525.9217529296875,0.0
5068,200.00000000001145,0.05000000000001137,235.93699951171877,-366.4615173339844,-523.9239501953125,0.0
5069,200.00000000001145,0.05000000000001137,235.93699951171877,-366.36773681640625,-521.9261474609375,0.0
5070,200.05000000001147,0.05000000000001137,236.2723571777344,-366.2739562988281,-519.9283447265625,0.0
5071,200.10000000001148,0.05000000000001137,236.6070556640625,-366.18017578125,-517.9305419921875,0.0
5072,200.10000000001148,0.05000000000001137,236.6070556640625,-366.08636474609375,-515.9327392578125,0.0
5073,200.1500000000115,0.05000000000001137,236.94114990234377,-365.9925842285156,-513.9349365234375,0.0
5074,200.2000000000115,0.05000000000001137,237.2746124267578,-365.8988037109375,-511.9371337890625,0.0
5075,200.2000000000115,0.05000000000001137,237.2746124267578,-365.8050231933594,-509.9393310546875,0.0
5076,200.2500000000115,0.05000000000001137,237.6074981689453,-365.7112121582031,-507.9415283203125,0.0
5077,200.2500000000115,0.05000000000001137,237.6074981689453,-365.617431640625,-505.9437255859375,0.0
5078,200.30000000001152,0.05000000000001137,237.93980712890627,-365.5236511230469,-503.9459228515625,0.0
5079,200.35000000001153,0.05000000000001137,238.27156677246094,-365.42987060546875,-501.9481201171875,0.0
5080,200.35000000001153,0.05000000000001137,238.27156677246094,-365.3360900878906,-499.9503173828125,0.0
5081,200.40000000001154,0.05000000000001137,238.60277709960937,-365.2422790527344,-497.9525146484375,0.0
5082,200.40000000001154,0.05000000000001137,238.60277709960937,-365.14849853515625,-495.9547119140625,0.0
5083,200.45000000001156,0.05000000000001137,238.93338317871095,-365.0547180175781,-493.9569091796875,0.0
5084,200.50000000001157,0.05000000000001137,239.26349487304688,-364.9609375,-491.9591369628906,0.0
5085,200.50000000001157,0.05000000000001137,239.26349487304688,-364.86712646484375,-489.9613342285156,0.0
5086,200.55000000001158,0.05000000000001137,239.59297485351564,-364.7733459472656,-487.9635314941406,0.0
5087,200.55000000001158,0.05000000000001137,239.59297485351564,-364.6795654296875,-485.9657287597656,0.0
5088,200.6000000000116,0.05000000000001137,239.92196044921874,-364.5857849121094,-483.9679260253906,0.0
5089,200.6500000000116,0.05000000000001137,240.2502868652344,-364.4919738769531,-481.97015380859375,0.0
5090,200.6500000000116,0.05000000000001137,240.2502868652344,-364.398193359375,-479.97235107421875,0.0
5091,200.7000000000116,0.05000000000001137,240.57809143066407,-364.3044128417969,-477.97454833984375,0.0
5092,200.7000000000116,0.05000000000001137,240.57809143066407,-364.21063232421875,-475.97674560546875,0.0
5093,200.75000000001162,0.05000000000001137,240.90526428222657,-364.1168212890625,-473.97894287109375,0.0
5094,200.80000000001164,0.05000000000001137,241.23186035156252,-364.0230407714844,-471.98114013671875,0.0
5095,200.80000000001164,0.05000000000001137,241.23186035156252,-363.92926025390625,-469.98333740234375,0.0
5096,200.85000000001165,0.05000000000001137,241.5578796386719,-363.8354797363281,-467.98553466796875,0.0
5097,200.85000000001165,0.05000000000001137,241.5578796386719,-363.74169921875,-465.98773193359375,0.0
5098,200.90000000001166,0.05000000000001137,241.8831024169922,-363.64788818359375,-463.98992919921875,0.0
5099,200.95000000001167,0.05000000000001137,242.20777587890626,-363.5541076660156,-461.99212646484375,0.0
5100,200.95000000001167,0.05000000000001137,242.20777587890626,-363.4603271484375,-459.99432373046875,0.0
5101,201.00000000001168,0.05000000000001137,242.53179016113282,-363.3665466308594,-457.99652099609375,0.0
5102,201.00000000001168,0.05000000000001137,242.53179016113282,-363.2727355957031,-455.99871826171875,0.0
5103,201.0500000000117,0.05000000000001137,242.85517272949218,-363.178955078125,-454.00091552734375,0.0
5104,201.0500000000117,0.05000000000001137,242.85517272949218,-363.0851745605469,-452.0031433105469,0.0
5105,201.1000000000117,0.05000000000001137,243.17781372070314,-362.99139404296875,-450.0053405761719,0.0
5106,201.15000000001172,0.05000000000001137,243.49974060058594,-362.8975830078125,-448.0075378417969,0.0
5107,201.15000000001172,0.05000000000001137,243.49974060058594,-362.8038024902344,-446.0097351074219,0.0
5108,201.20000000001173,0.05000000000001137,243.82100830078124,-362.71002197265625,-444.0119323730469,0.0
5109,201.20000000001173,0.05000000000001137,243.82100830078124,-362.6162414550781,-442.01416015625,0.0
5110,201.25000000001174,0.05000000000001137,244.14161682128906,-362.5224609375,-440.016357421875,0.0
5111,201.30000000001175,0.05000000000001137,244.46142883300783,-362.42864990234375,-438.0185546875,0.0
5112,201.30000000001175,0.05000000000001137,244.46142883300783,-362.3348693847656,-436.020751953125,0.0
5113,201.35000000001176,0.05000000000001137,244.78058166503908,-362.2410888671875,-434.02294921875,0.0
5114,201.35000000001176,0.05000000000001137,244.78058166503908,-362.1473083496094,-432.025146484375,0.0
5115,201.35000000001176,0.05000000000001137,244.78058166503908,-362.0534973144531,-430.02734375,0.0
5116,201.40000000001177,0.05000000000001137,245.0990203857422,-361.959716796875,-428.029541015625,0.0
5117,201.45000000001178,0.05000000000001137,245.41669006347658,-361.8659362792969,-426.03173828125,0.0
5118,201.45000000001178,0.05000000000001137,245.41669006347658,-361.77215576171875,-424.033935546875,0.0
5119,201.5000000000118,0.05000000000001137,245.7336181640625,-361.6783447265625,-422.0361328125,0.0
5120,201.5000000000118,0.05000000000001137,245.7336181640625,-361.5845642089844,-420.038330078125,0.0
5121,201.5500000000118,0.05000000000001137,246.04985961914062,-361.49078369140625,-418.04052734375,0.0
5122,201.60000000001182,0.05000000000001137,246.36530456542968,-361.3970031738281,-416.042724609375,0.0
5123,201.60000000001182,0.05000000000001137,246.36530456542968,-361.30322265625,-414.044921875,0.0
5124,201.65000000001183,0.05000000000001137,246.68006286621093,-361.20941162109375,-412.047119140625,0.0
5125,201.65000000001183,0.05000000000001137,246.68006286621093,-361.1156311035156,-410.0493469238281,0.0
5126,201.70000000001184,0.05000000000001137,246.99405212402345,-361.0218505859375,-408.0515441894531,0.0
5127,201.70000000001184,0.05000000000001137,246.99405212402345,-360.9280700683594,-406.0537414550781,0.0
5128,201.75000000001185,0.05000000000001137,247.30729980468752,-360.8342590332031,-404.0559387207031,0.0
5129,201.80000000001186,0.05000000000001137,247.61986083984377,-360.740478515625,-402.0581359863281,0.0
5130,201.80000000001186,0.05000000000001137,247.61986083984377,-360.6466979980469,-400.06036376953125,0.0
5131,201.85000000001187,0.05000000000001137,247.93165283203126,-360.55291748046875,-398.06256103515625,0.0
5132,201.85000000001187,0.05000000000001137,247.93165283203126,-360.4591064453125,-396.06475830078125,0.0
5133,201.9000000000119,0.05000000000001137,248.23861083984374,-360.3653259277344,-394.06695556640625,0.0
5134,201.9500000000119,0.05000000000001137,248.53603820800782,-360.27154541015625,-392.06915283203125,0.0
5135,201.9500000000119,0.05000000000001137,248.53603820800782,-360.1777648925781,-390.07135009765625,0.0
5136,202.0000000000119,0.05000000000001137,248.82415466308595,-360.0839538574219,-388.07354736328125,0.0
5137,202.0000000000119,0.05000000000001137,248.82415466308595,-359.99017333984375,-386.07574462890625,0.0
5138,202.05000000001192,0.05000000000001137,249.10317993164062,-359.8963928222656,-384.07794189453125,0.0
5139,202.05000000001192,0.05000000000001137,249.10317993164062,-359.8026123046875,-382.08013916015625,0.0
5140,202.10000000001193,0.05000000000001137,249.37341613769533,-359.7088317871094,-380.08233642578125,0.0
5141,202.15000000001194,0.05000000000001137,249.63513793945313,-359.6150207519531,-378.08453369140625,0.0
5142,202.15000000001194,0.05000000000001137,249.63513793945313,-359.521240234375,-376.08673095703125,0.0
5143,202.20000000001195,0.05000000000001137,249.88861999511718,-359.4274597167969,-374.0889587402344,0.0
5144,202.20000000001195,0.05000000000001137,249.88861999511718,-359.33367919921875,-372.0911560058594,0.0
5145,202.25000000001197,0.05000000000001137,250.13413696289064,-359.2398681640625,-370.0933532714844,0.0
5146,202.25000000001197,0.05000000000001137,250.13413696289064,-359.1460876464844,-368.0955505371094,0.0
5147,202.30000000001198,0.05000000000001137,250.37185363769532,-359.05230712890625,-366.0977478027344,0.0
5148,202.350000000012,0.05000000000001137,250.60209960937502,-358.9585266113281,-364.0999450683594,0.0
5149,202.350000000012,0.05000000000001137,250.60209960937502,-358.8647155761719,-362.1021423339844,0.0
5150,202.400000000012,0.05000000000001137,250.82506713867187,-358.77093505859375,-360.1043395996094,0.0
5151,202.400000000012,0.05000000000001137,250.82506713867187,-358.6771545410156,-358.1065368652344,0.0
5152,202.450000000012,0.05000000000001137,251.04097595214844,-358.5833740234375,-356.1087341308594,0.0
5153,202.450000000012,0.05000000000001137,251.04097595214844,-358.48956298828125,-354.1109619140625,0.0
5154,202.50000000001202,0.05000000000001137,251.2501007080078,-358.3957824707031,-352.1131591796875,0.0
5155,202.55000000001203,0.05000000000001137,251.4526336669922,-358.302001953125,-350.1153564453125,0.0
5156,202.55000000001203,0.05000000000001137,251.4526336669922,-358.2082214355469,-348.1175537109375,0.0
5157,202.60000000001205,0.05000000000001137,251.64871215820312,-358.11444091796875,-346.1197509765625,0.0
5158,202.60000000001205,0.05000000000001137,251.64871215820312,-358.0206298828125,-344.1219482421875,0.0
5159,202.65000000001206,0.05000000000001137,251.83858337402344,-357.9268493652344,-342.1241455078125,0.0
5160,202.65000000001206,0.05000000000001137,251.83858337402344,-357.83306884765625,-340.1263427734375,0.0
5161,202.70000000001207,0.05000000000001137,252.02246704101563,-357.7392883300781,-338.1285400390625,0.0
5162,202.75000000001208,0.05000000000001137,252.20050048828125,-357.6454772949219,-336.1307373046875,0.0
5163,202.75000000001208,0.05000000000001137,252.20050048828125,-357.55169677734375,-334.1329650878906,0.0
5164,202.8000000000121,0.05000000000001137,252.3729034423828,-357.4579162597656,-332.1351623535156,0.0
5165,202.8000000000121,0.05000000000001137,252.3729034423828,-357.3641357421875,-330.1373596191406,0.0
5166,202.8500000000121,0.05000000000001137,252.5398132324219,-357.27032470703125,-328.1395568847656,0.0
5167,202.8500000000121,0.05000000000001137,252.5398132324219,-357.1765441894531,-326.1417541503906,0.0
5168,202.9000000000121,0.05000000000001137,252.70144958496095,-357.082763671875,-324.1439514160156,0.0
5169,202.95000000001212,0.05000000000001137,252.85794982910156,-356.9889831542969,-322.1461486816406,0.0
5170,202.95000000001212,0.05000000000001137,252.85794982910156,-356.89520263671875,-320.1483459472656,0.0
5171,203.00000000001214,0.05000000000001137,253.00945129394532,-356.8013916015625,-318.1505432128906,0.0
5172,203.00000000001214,0.05000000000001137,253.00945129394532,-356.7076110839844,-316.1527404785156,0.0
5173,203.05000000001215,0.05000000000001137,253.156201171875,-356.61383056640625,-314.15496826171875,0.0
5174,203.05000000001215,0.05000000000001137,253.156201171875,-356.5200500488281,-312.15716552734375,0.0
5175,203.10000000001216,0.05000000000001137,253.29825439453126,-356.4262390136719,-310.15936279296875,0.0
5176,203.15000000001217,0.05000000000001137,253.43577575683594,-356.33245849609375,-308.16156005859375,0.0
5177,203.15000000001217,0.05000000000001137,253.43577575683594,-356.2386779785156,-306.16375732421875,0.0
5178,203.20000000001218,0.05000000000001137,253.56890258789062,-356.1448974609375,-304.16595458984375,0.0
5179,203.20000000001218,0.05000000000001137,253.56890258789062,-356.05108642578125,-302.16815185546875,0.0
5180,203.2500000000122,0.05000000000001137,253.6977996826172,-355.9573059082031,-300.17034912109375,0.0
5181,203.2500000000122,0.05000000000001137,253.6977996826172,-355.863525390625,-298.17254638671875,0.0
5182,203.3000000000122,0.05000000000001137,253.82254943847656,-355.7697448730469,-296.17474365234375,0.0
5183,203.35000000001222,0.05000000000001137,253.94328918457032,-355.67596435546875,-294.17694091796875,0.0
5184,203.35000000001222,0.05000000000001137,253.94328918457032,-355.5821533203125,-292.1791687011719,0.0
5185,203.40000000001223,0.05000000000001137,254.06021118164062,-355.4883728027344,-290.1813659667969,0.0
5186,203.40000000001223,0.05000000000001137,254.06021118164062,-355.39459228515625,-288.1835632324219,0.0
5187,203.45000000001224,0.05000000000001137,254.1733154296875,-355.3008117675781,-286.1857604980469,0.0
5188,203.45000000001224,0.05000000000001137,254.1733154296875,-355.2070007324219,-284.1879577636719,0.0
5189,203.50000000001225,0.05000000000001137,254.28282165527344,-355.11322021484375,-282.1901550292969,0.0
5190,203.55000000001226,0.05000000000001137,254.38872985839845,-355.0194396972656,-280.1923522949219,0.0
5191,203.55000000001226,0.05000000000001137,254.38872985839845,-354.9256591796875,-278.1945495605469,0.0
5192,203.60000000001227,0.05000000000001137,254.4912872314453,-354.83184814453125,-276.1967468261719,0.0
5193,203.60000000001227,0.05000000000001137,254.4912872314453,-354.7380676269531,-274.1989440917969,0.0
5194,203.65000000001228,0.05000000000001137,254.59043884277344,-354.644287109375,-272.201171875,0.0
5195,203.65000000001228,0.05000000000001137,254.59043884277344,-354.5505065917969,-270.203369140625,0.0
5196,203.7000000000123,0.05000000000001137,254.68645935058595,-354.45672607421875,-268.20556640625,0.0
5197,203.7000000000123,0.05000000000001137,254.68645935058595,-354.3629150390625,-266.207763671875,0.0
5198,203.7500000000123,0.05000000000001137,254.7792938232422,-354.2691345214844,-264.2099609375,0.0
5199,203.80000000001232,0.05000000000001137,254.86918945312502,-354.17535400390625,-262.212158203125,0.0
5200,203.80000000001232,0.05000000000001137,254.86918945312502,-354.0815734863281,-260.21435546875,0.0
5201,203.85000000001233,0.05000000000001137,254.95606384277343,-353.9877624511719,-258.216552734375,0.0
5202,203.85000000001233,0.05000000000001137,254.95606384277343,-353.89398193359375,-256.21875,0.0
5203,203.90000000001234,0.05000000000001137,255.04019165039062,-353.8002014160156,-254.220947265625,0.0
5204,203.95000000001235,0.05000000000001137,255.12151794433595,-353.7064208984375,-252.22317504882812,0.0
5205,204.00000000001236,0.05000000000001137,255.20026245117188,-353.61260986328125,-250.22537231445312,0.0
5206,204.00000000001236,0.05000000000001137,255.20026245117188,-353.5188293457031,-248.22756958007812,0.0
5207,204.05000000001237,0.05000000000001137,255.27637023925783,-353.4251708984375,-246.229736328125,0.0
5208,204.05000000001237,0.05000000000001137,255.27637023925783,-353.3365478515625,-244.23170471191406,0.0
5209,204.05000000001237,0.05000000000001137,255.27637023925783,-353.25592041015625,-242.23333740234375,0.0
5210,204.1000000000124,0.05000000000001137,255.35003356933595,-353.18328857421875,-240.23464965820312,0.0
5211,204.1000000000124,0.05000000000001137,255.35003356933595,-353.1163024902344,-238.23577880859375,0.0
5212,204.1500000000124,0.05000000000001137,255.42138977050783,-353.0495910644531,-236.2368927001953,0.0
5213,204.1500000000124,0.05000000000001137,255.42138977050783,-352.9828796386719,-234.23800659179688,0.0
5214,204.2000000000124,0.05000000000001137,255.4903289794922,-352.9161682128906,-232.23912048339844,0.0
5215,204.25000000001242,0.05000000000001137,255.5571258544922,-352.8494567871094,-230.240234375,0.0
5216,204.25000000001242,0.05000000000001137,255.5571258544922,-352.7827453613281,-228.24134826660156,0.0
5217,204.30000000001243,0.05000000000001137,255.6217254638672,-352.7160339355469,-226.24246215820312,0.0
5218,204.30000000001243,0.05000000000001137,255.6217254638672,-352.6493225097656,-224.2435760498047,0.0
5219,204.35000000001244,0.05000000000001137,255.68421020507813,-352.5826110839844,-222.24468994140625,0.0
5220,204.35000000001244,0.05000000000001137,255.68421020507813,-352.515869140625,-220.2458038330078,0.0
5221,204.40000000001245,0.05000000000001137,255.74471740722657,-352.44915771484375,-218.24691772460938,0.0
5222,204.45000000001247,0.05000000000001137,255.80332946777344,-352.3824462890625,-216.24803161621094,0.0
5223,204.45000000001247,0.05000000000001137,255.80332946777344,-352.31573486328125,-214.2491455078125,0.0
5224,204.50000000001248,0.05000000000001137,255.85999145507813,-352.2490234375,-212.250244140625,0.0
5225,204.50000000001248,0.05000000000001137,255.85999145507813,-352.18231201171875,-210.25137329101562,0.0
5226,204.5500000000125,0.05000000000001137,255.91495056152345,-352.1156005859375,-208.25247192382812,0.0
5227,204.5500000000125,0.05000000000001137,255.91495056152345,-352.04888916015625,-206.25360107421875,0.0
5228,204.6000000000125,0.05000000000001137,255.96809692382814,-351.982177734375,-204.25469970703125,0.0
5229,204.6000000000125,0.05000000000001137,255.96809692382814,-351.9154357910156,-202.2558135986328,0.0
5230,204.6500000000125,0.05000000000001137,256.01954040527346,-351.8487243652344,-200.25692749023438,0.0
5231,204.70000000001252,0.05000000000001137,256.0693084716797,-351.7820129394531,-198.25804138183594,0.0
5232,204.70000000001252,0.05000000000001137,256.0693084716797,-351.7153015136719,-196.2591552734375,0.0
5233,204.75000000001253,0.05000000000001137,256.11756591796876,-351.6485900878906,-194.26026916503906,0.0
5234,204.75000000001253,0.05000000000001137,256.11756591796876,-351.5818786621094,-192.26138305664062,0.0
5235,204.80000000001255,0.05000000000001137,256.1643402099609,-351.5151672363281,-190.2624969482422,0.0
5236,204.80000000001255,0.05000000000001137,256.1643402099609,-351.4484558105469,-188.26361083984375,0.0
5237,204.85000000001256,0.05000000000001137,256.2094940185547,-351.3817443847656,-186.2647247314453,0.0
5238,204.90000000001257,0.05000000000001137,256.25330200195316,-351.31500244140625,-184.26583862304688,0.0
5239,204.90000000001257,0.05000000000001137,256.25330200195316,-351.248291015625,-182.26695251464844,0.0
5240,204.95000000001258,0.05000000000001137,256.29579162597656,-351.18157958984375,-180.26806640625,0.0
5241,204.95000000001258,0.05000000000001137,256.29579162597656,-351.1148681640625,-178.2691650390625,0.0
5242,205.0000000000126,0.05000000000001137,256.336962890625,-351.04815673828125,-176.27029418945312,0.0
5243,205.0000000000126,0.05000000000001137,256.336962890625,-350.9814453125,-174.27139282226562,0.0
5244,205.0500000000126,0.05000000000001137,256.3767333984375,-350.91473388671875,-172.27252197265625,0.0
5245,205.1000000000126,0.05000000000001137,256.4153503417969,-350.8480224609375,-170.27362060546875,0.0
5246,205.1000000000126,0.05000000000001137,256.4153503417969,-350.78131103515625,-168.27474975585938,0.0
5247,205.15000000001262,0.05000000000001137,256.4527587890625,-350.7145690917969,-166.27584838867188,0.0
5248,205.20000000001264,0.05000000000001137,256.489096069336,-350.6478576660156,-164.27696228027344,0.0
5249,205.20000000001264,0.05000000000001137,256.489096069336,-350.5811462402344,-162.278076171875,0.0
5250,205.25000000001265,0.05000000000001137,256.5243347167969,-350.5144348144531,-160.27919006347656,0.0
5251,205.25000000001265,0.05000000000001137,256.5243347167969,-350.4477233886719,-158.28030395507812,0.0
5252,205.30000000001266,0.05000000000001137,256.5583923339844,-350.3810119628906,-156.2814178466797,0.0
5253,205.35000000001267,0.05000000000001137,256.5914611816406,-350.3143005371094,-154.28253173828125,0.0
5254,205.35000000001267,0.05000000000001137,256.5914611816406,-350.2475891113281,-152.2836456298828,0.0
5255,205.40000000001268,0.05000000000001137,256.62354125976566,-350.1808776855469,-150.28475952148438,0.0
5256,205.40000000001268,0.05000000000001137,256.62354125976566,-350.1141357421875,-148.28585815429688,0.0
5257,205.4500000000127,0.05000000000001137,256.6546875,-350.04742431640625,-146.2869873046875,0.0
5258,205.4500000000127,0.05000000000001137,256.6546875,-349.980712890625,-144.2880859375,0.0
5259,205.5000000000127,0.05000000000001137,256.6848999023438,-349.91400146484375,-142.28921508789062,0.0
5260,205.5000000000127,0.05000000000001137,256.6848999023438,-349.8472900390625,-140.29031372070312,0.0
5261,205.55000000001272,0.05000000000001137,256.71428833007815,-349.78057861328125,-138.29144287109375,0.0
5262,205.60000000001273,0.05000000000001137,256.74260559082035,-349.7138671875,-136.29254150390625,0.0
5263,205.60000000001273,0.05000000000001137,256.74260559082035,-349.64715576171875,-134.29367065429688,0.0
5264,205.65000000001274,0.05000000000001137,256.7700988769531,-349.5804443359375,-132.29476928710938,0.0
5265,205.65000000001274,0.05000000000001137,256.7700988769531,-349.5137023925781,-130.29588317871094,0.0
5266,205.70000000001275,0.05000000000001137,256.79674072265624,-349.4469909667969,-128.2969970703125,0.0
5267,205.70000000001275,0.05000000000001137,256.79674072265624,-349.3802795410156,-126.29811096191406,0.0
5268,205.75000000001276,0.05000000000001137,256.82261352539064,-349.3135681152344,-124.29922485351562,0.0
5269,205.80000000001277,0.05000000000001137,256.84771728515625,-349.2468566894531,-122.30033874511719,0.0
5270,205.80000000001277,0.05000000000001137,256.84771728515625,-349.1801452636719,-120.30145263671875,0.0
5271,205.85000000001278,0.05000000000001137,256.8720245361328,-349.1134338378906,-118.30256652832031,0.0
5272,205.85000000001278,0.05000000000001137,256.8720245361328,-349.0467224121094,-116.30368041992188,0.0
5273,205.9000000000128,0.05000000000001137,256.895590209961,-348.9800109863281,-114.30479431152344,0.0
5274,205.9000000000128,0.05000000000001137,256.895590209961,-348.91326904296875,-112.30590057373047,0.0
5275,205.9500000000128,0.05000000000001137,256.91838684082035,-348.8465576171875,-110.30702209472656,0.0
5276,205.9500000000128,0.05000000000001137,256.91838684082035,-348.77984619140625,-108.30813598632812,0.0
5277,206.00000000001282,0.05000000000001137,256.94035949707035,-348.713134765625,-106.30924987792969,0.0
5278,206.05000000001283,0.05000000000001137,256.9616729736328,-348.64642333984375,-104.31036376953125,0.0
5279,206.05000000001283,0.05000000000001137,256.9616729736328,-348.5797119140625,-102.31146240234375,0.0
5280,206.10000000001284,0.05000000000001137,256.9822998046875,-348.51300048828125,-100.31257629394531,0.0
5281,206.10000000001284,0.05000000000001137,256.9822998046875,-348.4462890625,-98.31369018554688,0.0
5282,206.15000000001285,0.05000000000001137,257.0023223876953,-348.37957763671875,-96.31480407714844,0.0
5283,206.15000000001285,0.05000000000001137,257.0023223876953,-348.3128356933594,-94.31591796875,0.0
5284,206.20000000001286,0.05000000000001137,257.02171325683594,-348.2461242675781,-92.31703186035156,0.0
5285,206.20000000001286,0.05000000000001137,257.02171325683594,-348.1794128417969,-90.31814575195312,0.0
5286,206.25000000001288,0.05000000000001137,257.04052734375,-348.1127014160156,-88.31925964355469,0.0
5287,206.3000000000129,0.05000000000001137,257.0587097167969,-348.0459899902344,-86.32037353515625,0.0
5288,206.3000000000129,0.05000000000001137,257.0587097167969,-347.9792785644531,-84.32148742675781,0.0
5289,206.3500000000129,0.05000000000001137,257.0763153076172,-347.9125671386719,-82.32260131835938,0.0
5290,206.3500000000129,0.05000000000001137,257.0763153076172,-347.8458557128906,-80.32371520996094,0.0
5291,206.4000000000129,0.05000000000001137,257.09337158203124,-347.7791442871094,-78.3248291015625,0.0
5292,206.4000000000129,0.05000000000001137,257.09337158203124,-347.71240234375,-76.32594299316406,0.0
5293,206.45000000001292,0.05000000000001137,257.10985107421874,-347.64569091796875,-74.32705688476562,0.0
5294,206.50000000001293,0.05000000000001137,257.12567138671875,-347.5789794921875,-72.32817077636719,0.0
5295,206.50000000001293,0.05000000000001137,257.12567138671875,-347.51226806640625,-70.32928466796875,0.0
5296,206.55000000001294,0.05000000000001137,257.06381835937503,-347.445556640625,-68.33038330078125,0.0
5297,206.55000000001294,0.05000000000001137,257.06381835937503,-347.37884521484375,-66.33149719238281,0.0
5298,206.60000000001295,0.05000000000001137,257.06769104003905,-347.3121337890625,-64.33261108398438,0.0
5299,206.60000000001295,0.05000000000001137,257.06769104003905,-347.24542236328125,-62.33372497558594,0.0
5300,206.65000000001297,0.05000000000001137,257.07878723144535,-347.1787109375,-60.3348388671875,0.0
5301,206.65000000001297,0.05000000000001137,257.07878723144535,-347.1119689941406,-58.33595275878906,0.0
5302,206.65000000001297,0.05000000000001137,257.07878723144535,-347.0452575683594,-56.337066650390625,0.0
5303,206.70000000001298,0.05000000000001137,257.08521423339846,-346.9785461425781,-54.33818054199219,0.0
5304,206.750000000013,0.05000000000001137,257.0882904052734,-346.9118347167969,-52.33929443359375,0.0
5305,206.750000000013,0.05000000000001137,257.0882904052734,-346.8451232910156,-50.34040832519531,0.0
5306,206.800000000013,0.05000000000001137,257.0903778076172,-346.7784118652344,-48.341522216796875,0.0
5307,206.800000000013,0.05000000000001137,257.0903778076172,-346.7117004394531,-46.34263610839844,0.0
5308,206.850000000013,0.05000000000001137,257.0935089111328,-346.6449890136719,-44.34375,0.0
5309,206.850000000013,0.05000000000001137,257.0935089111328,-346.5782470703125,-42.34486389160156,0.0
5310,206.90000000001302,0.05000000000001137,257.0990295410156,-346.51153564453125,-40.345977783203125,0.0
5311,206.90000000001302,0.05000000000001137,257.0990295410156,-346.44482421875,-38.34709167480469,0.0
5312,206.95000000001303,0.05000000000001137,257.1077911376953,-346.37811279296875,-36.34820556640625,0.0
5313,207.00000000001305,0.05000000000001137,257.11984863281253,-346.3114013671875,-34.34931945800781,0.0
5314,207.00000000001305,0.05000000000001137,257.11984863281253,-346.24468994140625,-32.35041809082031,0.0
5315,207.05000000001306,0.05000000000001137,257.13404846191406,-346.177978515625,-30.351531982421875,0.0
5316,207.05000000001306,0.05000000000001137,257.13404846191406,-346.11126708984375,-28.352645874023438,0.0
5317,207.10000000001307,0.05000000000001137,257.1488525390625,-346.0445556640625,-26.353759765625,0.0
5318,207.10000000001307,0.05000000000001137,257.1488525390625,-345.9778137207031,-24.354873657226562,0.0
5319,207.15000000001308,0.05000000000001137,257.16211853027346,-345.9111022949219,-22.355987548828125,0.0
5320,207.15000000001308,0.05000000000001137,257.16211853027346,-345.8443908691406,-20.357101440429688,0.0
5321,207.2000000000131,0.05000000000001137,257.17274780273436,-345.7776794433594,-18.35821533203125,0.0
5322,207.2500000000131,0.05000000000001137,257.1799713134766,-345.7109680175781,-16.359329223632812,0.0
5323,207.2500000000131,0.05000000000001137,257.1799713134766,-345.6442565917969,-14.360443115234375,0.0
5324,207.3000000000131,0.05000000000001137,257.18414611816405,-345.5775451660156,-12.361557006835938,0.0
5325,207.3000000000131,0.05000000000001137,257.18414611816405,-345.5108337402344,-10.3626708984375,0.0
5326,207.35000000001313,0.05000000000001137,257.1859588623047,-345.4441223144531,-8.363784790039062,0.0
5327,207.35000000001313,0.05000000000001137,257.1859588623047,-345.37738037109375,-6.364898681640625,0.0
5328,207.40000000001314,0.05000000000001137,257.1862335205078,-345.3106689453125,-4.3660125732421875,0.0
5329,207.45000000001315,0.05000000000001137,257.1861236572266,-345.24395751953125,-2.36712646484375,0.0
5330,207.45000000001315,0.05000000000001137,257.1861236572266,-345.17724609375,-0.3682403564453125,0.0
5331,207.50000000001316,0.05000000000001137,257.1865905761719,-345.11053466796875,1.630645751953125,0.0
5332,207.50000000001316,0.05000000000001137,257.1865905761719,-345.0438232421875,3.629547119140625,0.0
5333,207.55000000001317,0.05000000000001137,257.18854064941405,-344.97711181640625,5.6284332275390625,0.0
5334,207.55000000001317,0.05000000000001137,257.18854064941405,-344.910400390625,7.6273193359375,0.0
5335,207.60000000001318,0.05000000000001137,257.1924957275391,-344.84368896484375,9.626205444335938,0.0
5336,207.6500000000132,0.05000000000001137,257.19873046875,-344.7769470214844,11.625091552734375,0.0
5337,207.7000000000132,0.05000000000001137,257.20713500976564,-344.7102355957031,13.623977661132812,0.0
5338,207.7000000000132,0.05000000000001137,257.20713500976564,-344.6435241699219,15.62286376953125,0.0
5339,207.75000000001322,0.05000000000001137,257.2173248291016,-344.5768127441406,17.621749877929688,0.0
5340,207.75000000001322,0.05000000000001137,257.2173248291016,-344.5101013183594,19.620651245117188,0.0
5341,207.80000000001323,0.05000000000001137,257.2287231445313,-344.4433898925781,21.619522094726562,0.0
5342,207.80000000001323,0.05000000000001137,257.2287231445313,-344.3766784667969,23.618423461914062,0.0
5343,207.85000000001324,0.05000000000001137,257.2407257080078,-344.3099670410156,25.617294311523438,0.0
5344,207.90000000001325,0.05000000000001137,257.25245361328126,-344.2432556152344,27.616195678710938,0.0
5345,207.90000000001325,0.05000000000001137,257.25245361328126,-344.176513671875,29.615066528320312,0.0
5346,207.95000000001326,0.05000000000001137,257.26335754394535,-344.10980224609375,31.613967895507812,0.0
5347,207.95000000001326,0.05000000000001137,257.26335754394535,-344.0430908203125,33.61283874511719,0.0
5348,208.00000000001327,0.05000000000001137,257.2732727050781,-343.97637939453125,35.61174011230469,0.0
5349,208.00000000001327,0.05000000000001137,257.2732727050781,-343.90966796875,37.61061096191406,0.0
5350,208.05000000001328,0.05000000000001137,257.2822265625,-343.84295654296875,39.60951232910156,0.0
5351,208.05000000001328,0.05000000000001137,257.2822265625,-343.7762451171875,41.60838317871094,0.0
5352,208.1000000000133,0.05000000000001137,257.29041137695316,-343.70953369140625,43.60728454589844,0.0
5353,208.1500000000133,0.05000000000001137,257.29815673828125,-343.642822265625,45.60615539550781,0.0
5354,208.1500000000133,0.05000000000001137,257.29815673828125,-343.5760803222656,47.60505676269531,0.0
5355,208.20000000001332,0.05000000000001137,257.3057098388672,-343.5093688964844,49.60392761230469,0.0
5356,208.20000000001332,0.05000000000001137,257.3057098388672,-343.4426574707031,51.60282897949219,0.0
5357,208.25000000001333,0.05000000000001137,257.31329040527345,-343.3759460449219,53.60169982910156,0.0
5358,208.25000000001333,0.05000000000001137,257.31329040527345,-343.3092346191406,55.60060119628906,0.0
5359,208.30000000001334,0.05000000000001137,257.3211181640625,-343.2425231933594,57.59950256347656,0.0
5360,208.30000000001334,0.05000000000001137,257.3211181640625,-343.1758117675781,59.59837341308594,0.0
5361,208.35000000001335,0.05000000000001137,257.3291381835938,-343.1091003417969,61.59727478027344,0.0
5362,208.40000000001336,0.05000000000001137,257.3374328613281,-343.0423889160156,63.59614562988281,0.0
5363,208.40000000001336,0.05000000000001137,257.3374328613281,-342.97564697265625,65.59504699707031,0.0
5364,208.40000000001336,0.05000000000001137,257.3374328613281,-342.908935546875,67.59391784667969,0.0
5365,208.45000000001338,0.05000000000001137,257.34580993652344,-342.84222412109375,69.59281921386719,0.0
5366,208.45000000001338,0.05000000000001137,257.34580993652344,-342.7755126953125,71.59169006347656,0.0
5367,208.5000000000134,0.05000000000001137,257.3540496826172,-342.70880126953125,73.59059143066406,0.0
5368,208.5000000000134,0.05000000000001137,257.3540496826172,-342.64208984375,75.58946228027344,0.0
5369,208.5500000000134,0.05000000000001137,257.3620971679688,-342.57537841796875,77.58836364746094,0.0
5370,208.6000000000134,0.05000000000001137,257.36976013183596,-342.5086669921875,79.58723449707031,0.0
5371,208.6000000000134,0.05000000000001137,257.36976013183596,-342.44195556640625,81.58613586425781,0.0
5372,208.65000000001342,0.05000000000001137,257.3769561767578,-342.3752136230469,83.58500671386719,0.0
5373,208.65000000001342,0.05000000000001137,257.3769561767578,-342.3085021972656,85.58390808105469,0.0
5374,208.70000000001343,0.05000000000001137,257.38368530273436,-342.2417907714844,87.58277893066406,0.0
5375,208.75000000001344,0.05000000000001137,257.3900573730469,-342.1750793457031,89.58168029785156,0.0
5376,208.75000000001344,0.05000000000001137,257.3900573730469,-342.1083679199219,91.58058166503906,0.0
5377,208.80000000001345,0.05000000000001137,257.396044921875,-342.0416564941406,93.57945251464844,0.0
5378,208.85000000001347,0.05000000000001137,257.40184020996094,-341.9749450683594,95.57835388183594,0.0
5379,208.85000000001347,0.05000000000001137,257.40184020996094,-341.9082336425781,97.57722473144531,0.0
5380,208.90000000001348,0.05000000000001137,257.4074981689453,-341.8415222167969,99.57612609863281,0.0
5381,208.90000000001348,0.05000000000001137,257.4074981689453,-341.7747802734375,101.57499694824219,0.0
5382,208.9500000000135,0.05000000000001137,257.4131286621094,-341.70806884765625,103.57389831542969,0.0
5383,208.9500000000135,0.05000000000001137,257.4131286621094,-341.641357421875,105.57276916503906,0.0
5384,209.0000000000135,0.05000000000001137,257.4187316894531,-341.57464599609375,107.57167053222656,0.0
5385,209.0000000000135,0.05000000000001137,257.4187316894531,-341.5079345703125,109.57054138183594,0.0
5386,209.0500000000135,0.05000000000001137,257.4243072509766,-341.44122314453125,111.56944274902344,0.0
5387,209.10000000001352,0.05000000000001137,257.4298828125,-341.37451171875,113.56831359863281,0.0
5388,209.10000000001352,0.05000000000001137,257.4298828125,-341.30780029296875,115.56721496582031,0.0
5389,209.15000000001353,0.05000000000001137,257.43548583984375,-341.2410888671875,117.56608581542969,0.0
5390,209.15000000001353,0.05000000000001137,257.43548583984375,-341.1743469238281,119.56498718261719,0.0
5391,209.20000000001355,0.05000000000001137,257.44097900390625,-341.1076354980469,121.56385803222656,0.0
5392,209.20000000001355,0.05000000000001137,257.44097900390625,-341.0409240722656,123.56275939941406,0.0
5393,209.25000000001356,0.05000000000001137,257.4463623046875,-340.9742126464844,125.56166076660156,0.0
5394,209.25000000001356,0.05000000000001137,257.4463623046875,-340.9075012207031,127.56053161621094,0.0
5395,209.30000000001357,0.05000000000001137,257.4515808105469,-340.8407897949219,129.55943298339844,0.0
5396,209.35000000001358,0.05000000000001137,257.4565795898438,-340.7740783691406,131.5583038330078,0.0
5397,209.35000000001358,0.05000000000001137,257.4565795898438,-340.7073669433594,133.5572052001953,0.0
5398,209.4000000000136,0.05000000000001137,257.46141357421874,-340.640625,135.5560760498047,0.0
5399,209.4000000000136,0.05000000000001137,257.46141357421874,-340.57391357421875,137.5549774169922,0.0
5400,209.4500000000136,0.05000000000001137,257.4660552978516,-340.5072021484375,139.55384826660156,0.0
5401,209.4500000000136,0.05000000000001137,257.4660552978516,-340.44049072265625,141.55274963378906,0.0
5402,209.5000000000136,0.05000000000001137,257.4705047607422,-340.373779296875,143.55162048339844,0.0
5403,209.55000000001363,0.05000000000001137,257.4748443603516,-340.30706787109375,145.55052185058594,0.0
5404,209.55000000001363,0.05000000000001137,257.4748443603516,-340.2403564453125,147.5493927001953,0.0
5405,209.60000000001364,0.05000000000001137,257.47899169921874,-340.17364501953125,149.5482940673828,0.0
5406,209.60000000001364,0.05000000000001137,257.47899169921874,-340.10693359375,151.5471649169922,0.0
5407,209.65000000001365,0.05000000000001137,257.4830017089844,-340.0401916503906,153.5460662841797,0.0
5408,209.65000000001365,0.05000000000001137,257.4830017089844,-339.9734802246094,155.54493713378906,0.0
5409,209.70000000001366,0.05000000000001137,257.4869842529297,-339.9067687988281,157.54383850097656,0.0
5410,209.70000000001366,0.05000000000001137,257.4869842529297,-339.8400573730469,159.54270935058594,0.0
5411,209.75000000001367,0.05000000000001137,257.49085693359376,-339.7733459472656,161.54161071777344,0.0
5412,209.80000000001368,0.05000000000001137,257.4946197509766,-339.7066345214844,163.54051208496094,0.0
5413,209.80000000001368,0.05000000000001137,257.4946197509766,-339.6399230957031,165.5393829345703,0.0
5414,209.8500000000137,0.05000000000001137,257.4982452392578,-339.5732116699219,167.5382843017578,0.0
5415,209.8500000000137,0.05000000000001137,257.4982452392578,-339.5065002441406,169.5371551513672,0.0
5416,209.9000000000137,0.05000000000001137,257.50165100097655,-339.43975830078125,171.5360565185547,0.0
5417,209.9000000000137,0.05000000000001137,257.50165100097655,-339.373046875,173.53492736816406,0.0
5418,209.95000000001372,0.05000000000001137,257.5049743652344,-339.30633544921875,175.53382873535156,0.0
5419,209.95000000001372,0.05000000000001137,257.5049743652344,-339.2396240234375,177.53269958496094,0.0
5420,210.00000000001373,0.05000000000001137,257.5080780029297,-339.17291259765625,179.53160095214844,0.0
5421,210.05000000001374,0.05000000000001137,257.4213134765625,-339.106201171875,181.5304718017578,0.0
5422,210.05000000001374,0.05000000000001137,257.4213134765625,-339.03948974609375,183.5293731689453,0.0
5423,210.10000000001375,0.05000000000001137,256.87949523925784,-338.9727783203125,185.5282440185547,0.0
5424,210.10000000001375,0.05000000000001137,256.87949523925784,-338.90606689453125,187.5271453857422,0.0
5425,210.15000000001376,0.05000000000001137,255.64301147460938,-338.8393249511719,189.52601623535156,0.0
5426,210.15000000001376,0.05000000000001137,255.64301147460938,-338.7726135253906,191.52491760253906,0.0
5427,210.20000000001377,0.05000000000001137,253.79815979003908,-338.7059020996094,193.52378845214844,0.0
5428,210.25000000001378,0.05000000000001137,251.54431457519533,-338.6391906738281,195.52268981933594,0.0
5429,210.25000000001378,0.05000000000001137,251.54431457519533,-338.5724792480469,197.52159118652344,0.0
5430,210.3000000000138,0.05000000000001137,248.99394836425782,-338.5057678222656,199.5204620361328,0.0
5431,210.3000000000138,0.05000000000001137,248.99394836425782,-338.4390563964844,201.5193634033203,0.0
5432,210.3500000000138,0.05000000000001137,246.21888427734376,-338.3723449707031,203.5182342529297,0.0
5433,210.3500000000138,0.05000000000001137,246.21888427734376,-338.3056335449219,205.5171356201172,0.0
5434,210.40000000001382,0.05000000000001137,243.27169189453124,-338.2388916015625,207.51600646972656,0.0
5435,210.45000000001383,0.05000000000001137,240.19170227050782,-338.17218017578125,209.51490783691406,0.0
5436,210.45000000001383,0.05000000000001137,240.19170227050782,-338.10546875,211.51377868652344,0.0
5437,210.50000000001384,0.05000000000001137,237.00849609375,-338.03875732421875,213.51268005371094,0.0
5438,210.50000000001384,0.05000000000001137,237.00849609375,-337.9720458984375,215.5115509033203,0.0
5439,210.55000000001385,0.05000000000001137,233.74506225585938,-337.90533447265625,217.5104522705078,0.0
5440,210.60000000001386,0.05000000000001137,230.4190887451172,-337.838623046875,219.5093231201172,0.0
5441,210.60000000001386,0.05000000000001137,230.4190887451172,-337.77191162109375,221.5082244873047,0.0
5442,210.65000000001388,0.05000000000001137,227.04454193115234,-337.7052001953125,223.50709533691406,0.0
5443,210.65000000001388,0.05000000000001137,227.04454193115234,-337.6384582519531,225.50599670410156,0.0
5444,210.7000000000139,0.05000000000001137,223.6363494873047,-337.5717468261719,227.50486755371094,0.0
5445,210.7500000000139,0.05000000000001137,220.21876373291016,-337.5050354003906,229.50376892089844,0.0
5446,210.7500000000139,0.05000000000001137,220.21876373291016,-337.4383239746094,231.50267028808594,0.0
5447,210.8000000000139,0.05000000000001137,216.8178497314453,-337.3716125488281,233.5015411376953,0.0
5448,210.85000000001392,0.05000000000001137,213.45645904541016,-337.3049011230469,235.5004425048828,0.0
5449,210.85000000001392,0.05000000000001137,213.45645904541016,-337.2381896972656,237.4993133544922,0.0
5450,210.90000000001393,0.05000000000001137,210.14785766601562,-337.1714782714844,239.4982147216797,0.0
5451,210.90000000001393,0.05000000000001137,210.14785766601562,-337.1047668457031,241.49708557128906,0.0
5452,210.95000000001394,0.05000000000001137,206.89292449951174,-337.03802490234375,243.49598693847656,0.0
5453,211.00000000001396,0.05000000000001137,203.7553253173828,-336.9713134765625,245.49485778808594,0.0
5454,211.00000000001396,0.05000000000001137,203.7553253173828,-336.90460205078125,247.49375915527344,0.0
5455,211.05000000001397,0.05000000000001137,200.92852935791015,-336.837890625,249.4926300048828,0.0
5456,211.10000000001398,0.05000000000001137,198.387858581543,-336.77117919921875,251.4915313720703,0.0
5457,211.150000000014,0.05000000000001137,195.946875,-336.7044677734375,253.4904022216797,0.0
5458,211.150000000014,0.05000000000001137,195.946875,-336.63775634765625,255.4893035888672,0.0
5459,211.200000000014,0.05000000000001137,193.6160430908203,-336.571044921875,257.4881591796875,0.0
5460,211.250000000014,0.05000000000001137,191.53526000976564,-336.50433349609375,259.487060546875,0.0
5461,211.30000000001402,0.05000000000001137,189.70603637695314,-336.4375915527344,261.4859619140625,0.0
5462,211.30000000001402,0.05000000000001137,189.70603637695314,-336.3708801269531,263.48486328125,0.0
5463,211.35000000001403,0.05000000000001137,187.81177368164063,-336.3041687011719,265.48370361328125,0.0
5464,211.40000000001405,0.05000000000001137,185.61183013916016,-336.2374572753906,267.48260498046875,0.0
5465,211.45000000001406,0.05000000000001137,183.09932556152344,-336.1707458496094,269.48150634765625,0.0
5466,211.45000000001406,0.05000000000001137,183.09932556152344,-336.1040344238281,271.48040771484375,0.0
5467,211.50000000001407,0.05000000000001137,180.3961944580078,-336.0373229980469,273.479248046875,0.0
5468,211.55000000001408,0.05000000000001137,177.55706634521485,-335.9706115722656,275.4781494140625,0.0
5469,211.6000000000141,0.05000000000001137,174.6210662841797,-335.90386962890625,277.47705078125,0.0
5470,211.6500000000141,0.05000000000001137,171.60504455566408,-335.837158203125,279.4759521484375,0.0
5471,211.6500000000141,0.05000000000001137,171.60504455566408,-335.77044677734375,281.47479248046875,0.0
5472,211.70000000001411,0.05000000000001137,168.5228713989258,-335.7037353515625,283.47369384765625,0.0
5473,211.75000000001413,0.05000000000001137,165.38513488769533,-335.63702392578125,285.47259521484375,0.0
5474,211.80000000001414,0.05000000000001137,162.19156036376953,-335.5699462890625,287.4714660644531,0.0
5475,211.85000000001415,0.05000000000001137,158.95026397705078,-335.48626708984375,289.4696960449219,0.0
5476,211.90000000001416,0.05000000000001137,155.71143951416016,-335.377685546875,291.46673583984375,0.0
5477,211.95000000001417,0.05000000000001137,152.44961242675782,-335.24420166015625,293.4622802734375,0.0
5478,212.00000000001418,0.05000000000001137,149.15353546142578,-335.0858154296875,295.4559631347656,0.0
5479,212.0500000000142,0.05000000000001137,145.81981658935547,-334.902587890625,297.4475402832031,0.0
5480,212.1000000000142,0.05000000000001137,142.44520111083986,-334.6944580078125,299.4366760253906,0.0
5481,212.15000000001422,0.05000000000001137,139.0212844848633,-334.4615478515625,301.4230651855469,0.0
5482,212.20000000001423,0.05000000000001137,135.54143371582032,-334.203857421875,303.4063720703125,0.0
5483,212.25000000001424,0.05000000000001137,132.00579986572265,-333.92144775390625,305.3863220214844,0.0
5484,212.30000000001425,0.05000000000001137,128.45790252685546,-333.61431884765625,307.3625793457031,0.0
5485,212.35000000001426,0.05000000000001137,125.12694396972657,-333.2825927734375,309.3348693847656,0.0
5486,212.45000000001428,0.10000000000002274,118.74862518310547,-332.92626953125,311.3028564453125,0.0
5487,212.5000000000143,0.05000000000001137,115.89562683105468,-332.5453796386719,313.2662353515625,0.0
5488,212.60000000001432,0.10000000000002274,111.03077087402345,-332.1400146484375,315.2247314453125,0.0
5489,212.65000000001433,0.05000000000001137,108.85422821044922,-331.71026611328125,317.177978515625,0.0
5490,212.75000000001435,0.10000000000002274,105.70444107055664,-331.25616455078125,319.125732421875,0.0
5491,212.80000000001436,0.05000000000001137,104.29428405761719,-330.76397705078125,321.0640563964844,0.0
5492,212.85000000001438,0.05000000000001137,102.90844116210938,-330.0990295410156,322.94921875,0.0
5493,212.9500000000144,0.10000000000002274,100.3372283935547,-329.2337341308594,324.7512512207031,0.0
5494,213.0000000000144,0.05000000000001137,99.14538345336915,-328.1782531738281,326.44891357421875,0.0
5495,213.05000000001442,0.05000000000001137,97.99196319580078,-326.9450378417969,328.022216796875,0.0
5496,213.10000000001443,0.05000000000001137,96.94168395996094,-325.548583984375,329.4526062011719,0.0
5497,213.15000000001444,0.05000000000001137,95.96829528808594,-324.00537109375,330.7232360839844,0.0
5498,213.20000000001446,0.05000000000001137,95.10385665893556,-322.3335266113281,331.8191833496094,0.0
5499,213.25000000001447,0.05000000000001137,94.32927932739258,-320.55279541015625,332.7275085449219,0.0
5500,213.30000000001448,0.05000000000001137,93.69105606079101,-318.68414306640625,333.4375305175781,0.0
5501,213.3500000000145,0.05000000000001137,93.19043655395508,-316.74951171875,333.94085693359375,0.0
5502,213.4000000000145,0.05000000000001137,92.78024139404297,-314.7717590332031,334.2315979003906,0.0
5503,213.50000000001452,0.10000000000002274,92.38410186767578,-312.7741394042969,334.30633544921875,0.0
5504,213.55000000001453,0.05000000000001137,92.42105712890626,-310.7801818847656,334.16412353515625,0.0
5505,213.65000000001456,0.10000000000002274,92.89029006958008,-308.80279541015625,333.8643798828125,0.0
5506,213.70000000001457,0.05000000000001137,93.36472091674806,-307.814697265625,333.7107238769531,0.0
5507,213.75000000001458,0.05000000000001137,93.92932205200195,-306.8265686035156,333.55706787109375,0.0
5508,213.75000000001458,0.05000000000001137,93.92932205200195,-305.83843994140625,333.4034423828125,0.0
5509,213.8000000000146,0.05000000000001137,94.55537109375,-304.8503112792969,333.2497863769531,0.0
5510,213.8500000000146,0.05000000000001137,95.15687255859375,-303.8621826171875,333.09613037109375,0.0
5511,213.95000000001463,0.10000000000002274,96.18920288085938,-301.877197265625,332.8551025390625,0.0
5512,214.00000000001464,0.05000000000001137,96.53266983032226,-299.88006591796875,332.75640869140625,0.0
5513,214.10000000001466,0.10000000000002274,96.74872283935547,-297.8809814453125,332.80072021484375,0.0
5514,214.15000000001467,0.05000000000001137,96.75331649780274,-295.8901672363281,332.98773193359375,0.0
5515,214.2500000000147,0.10000000000002274,96.30977783203126,-293.9178161621094,333.3164978027344,0.0
5516,214.3000000000147,0.05000000000001137,95.87803573608399,-291.9739990234375,333.7853698730469,0.0
5517,214.40000000001473,0.10000000000002274,94.94940948486328,-290.0686340332031,334.3919372558594,0.0
5518,214.45000000001474,0.05000000000001137,94.32094345092774,-288.21148681640625,335.13311767578125,0.0
5519,214.55000000001476,0.10000000000002274,92.97366256713867,-286.41204833984375,336.00506591796875,0.0
5520,214.60000000001477,0.05000000000001137,92.2820526123047,-284.6795349121094,337.0033874511719,0.0
5521,214.65000000001478,0.05000000000001137,91.66439437866211,-283.0273742675781,338.1293029785156,0.0
5522,214.7500000000148,0.10000000000002274,90.37512817382813,-281.5013427734375,339.4205322265625,0.0
5523,214.80000000001482,0.05000000000001137,89.8320671081543,-280.12591552734375,340.87109375,0.0
5524,214.85000000001483,0.05000000000001137,89.53420715332031,-278.9176025390625,342.4635925292969,0.0
5525,214.90000000001484,0.05000000000001137,89.41044616699219,-277.8909912109375,344.1788330078125,0.0
5526,214.95000000001485,0.05000000000001137,89.26964263916015,-277.0583801269531,345.9961853027344,0.0
5527,215.00000000001486,0.05000000000001137,89.16105651855469,-276.4298400878906,347.8937683105469,0.0
5528,215.05000000001488,0.05000000000001137,89.22396697998047,-276.01287841796875,349.84881591796875,0.0
5529,215.1500000000149,0.10000000000002274,89.61647415161133,-275.8125305175781,351.8377380371094,0.0
5530,215.2000000000149,0.05000000000001137,89.92771682739259,-275.83123779296875,353.8366394042969,0.0
5531,215.30000000001493,0.10000000000002274,90.67071533203125,-276.0382080078125,355.8256530761719,0.0
5532,215.35000000001494,0.05000000000001137,91.0874610900879,-276.2694091796875,357.812255859375,0.0
5533,215.45000000001497,0.10000000000002274,92.0055404663086,-276.5009765625,359.7987976074219,0.0
5534,215.550000000015,0.10000000000002274,92.94338836669922,-276.7503662109375,361.7831726074219,0.0
5535,215.650000000015,0.10000000000002274,93.85313186645509,-277.02667236328125,363.76397705078125,0.0
5536,215.70000000001502,0.05000000000001137,94.32250900268555,-277.329833984375,365.7408447265625,0.0
5537,215.80000000001505,0.10000000000002274,95.25067520141602,-277.65985107421875,367.7134094238281,0.0
5538,215.90000000001507,0.10000000000002274,96.17967224121094,-278.0165710449219,369.68133544921875,0.0
5539,215.95000000001508,0.05000000000001137,96.67885665893554,-278.39996337890625,371.64422607421875,0.0
5540,216.0500000000151,0.10000000000002274,97.60922698974609,-278.80999755859375,373.6017150878906,0.0
5541,216.10000000001511,0.05000000000001137,98.04219131469726,-279.24658203125,375.553466796875,0.0
5542,216.15000000001513,0.05000000000001137,98.57787094116212,-279.7095947265625,377.4991455078125,0.0
5543,216.25000000001515,0.10000000000002274,99.64596176147461,-280.198974609375,379.4383239746094,0.0
5544,216.30000000001516,0.05000000000001137,100.19059524536134,-280.71466064453125,381.37066650390625,0.0
5545,216.40000000001518,0.10000000000002274,101.34158477783204,-281.25653076171875,383.2958679199219,0.0
5546,216.4500000000152,0.05000000000001137,101.93053436279297,-281.824462890625,385.2135009765625,0.0
5547,216.55000000001522,0.10000000000002274,103.1358238220215,-282.41839599609375,387.1232604980469,0.0
5548,216.60000000001523,0.05000000000001137,103.74874420166016,-283.0381774902344,389.0247802734375,0.0
5549,216.70000000001525,0.10000000000002274,104.985791015625,-283.79998779296875,391.6999816894531,0.5999999642372131
5550,216.75000000001526,0.05000000000001137,105.60651168823243,-284.6494140625,393.758056640625,0.0
5551,217.05000000001533,0.3000000000000682,109.30735931396485,-289.4931335449219,407.9544677734375,0.0
5552,217.3500000000154,0.3000000000000682,112.94035263061524,-290.13897705078125,409.8473205566406,0.0
5553,217.4000000000154,0.05000000000001137,113.54004135131837,-290.7847900390625,411.74017333984375,0.0
5554,217.45000000001542,0.05000000000001137,114.13826751708984,-291.4306335449219,413.633056640625,0.0
5555,217.50000000001543,0.05000000000001137,114.73508605957032,-292.0764465332031,415.5259094238281,0.0
5556,217.60000000001546,0.10000000000002274,115.92471313476562,-292.7222900390625,417.41876220703125,0.0
5557,217.65000000001547,0.05000000000001137,116.51756286621094,-293.36810302734375,419.3116149902344,0.0
5558,217.70000000001548,0.05000000000001137,117.1091079711914,-294.0139465332031,421.2044677734375,0.0
5559,217.7500000000155,0.05000000000001137,117.69945831298828,-294.6597595214844,423.0973205566406,0.0
5560,217.8500000000155,0.10000000000002274,118.87653350830078,-295.30560302734375,424.99017333984375,0.0
5561,217.90000000001552,0.05000000000001137,119.46328582763672,-295.951416015625,426.883056640625,0.0
5562,217.95000000001554,0.05000000000001137,120.04887084960937,-296.5972595214844,428.7759094238281,0.0
5563,218.00000000001555,0.05000000000001137,120.63330230712891,-297.2430725097656,430.66876220703125,0.0
5564,218.05000000001556,0.05000000000001137,121.21660766601563,-297.888916015625,432.5616149902344,0.0
5565,218.15000000001558,0.10000000000002274,122.37979888916016,-298.53472900390625,434.4544677734375,0.0
5566,218.2000000000156,0.05000000000001137,122.95972595214845,-299.1805725097656,436.3473205566406,0.0
5567,218.2500000000156,0.05000000000001137,123.53854064941406,-299.8263854980469,438.24017333984375,0.0
5568,218.30000000001561,0.05000000000001137,124.11624298095704,-300.41998291015625,439.97998046875,0.0
5569,218.35000000001563,0.05000000000001137,124.69270935058594,-301.0658264160156,441.8728332519531,0.0
5570,218.40000000001564,0.05000000000001137,125.26811828613282,-301.7116394042969,443.76568603515625,0.0
5571,218.45000000001565,0.05000000000001137,125.84238739013672,-302.35748291015625,445.6585388183594,0.0
5572,218.55000000001567,0.10000000000002274,126.98758850097657,-303.0032958984375,447.5513916015625,0.0
5573,218.60000000001568,0.05000000000001137,127.5585205078125,-303.6491394042969,449.44427490234375,0.0
5574,218.6500000000157,0.05000000000001137,128.1283401489258,-304.2949523925781,451.3371276855469,0.0
5575,218.7000000000157,0.05000000000001137,128.69706115722656,-304.9407958984375,453.22998046875,0.0
5576,218.75000000001572,0.05000000000001137,129.26464233398437,-305.58660888671875,455.1228332519531,0.0
5577,218.80000000001573,0.05000000000001137,129.83115234375,-306.2324523925781,457.01568603515625,0.0
5578,218.85000000001574,0.05000000000001137,130.39654998779298,-306.8782653808594,458.9085388183594,0.0
5579,218.90000000001575,0.05000000000001137,130.9596405029297,-307.52410888671875,460.8013916015625,0.0
5580,219.00000000001577,0.10000000000002274,132.08242950439453,-308.169921875,462.6942443847656,0.0
5581,219.05000000001579,0.05000000000001137,132.6417434692383,-308.8157653808594,464.5871276855469,0.0
5582,219.1000000000158,0.05000000000001137,133.19913482666016,-309.4615783691406,466.47998046875,0.0
5583,219.1500000000158,0.05000000000001137,133.7544937133789,-310.10736083984375,468.37286376953125,0.0
5584,219.20000000001582,0.05000000000001137,134.30769653320314,-310.746337890625,470.26800537109375,0.0
5585,219.25000000001583,0.05000000000001137,134.8586196899414,-311.374267578125,472.1669006347656,0.0
5586,219.30000000001584,0.05000000000001137,135.40711212158203,-311.9910583496094,474.06939697265625,0.0
5587,219.35000000001585,0.05000000000001137,135.95306396484375,-312.5967712402344,475.9754638671875,0.0
5588,219.40000000001586,0.05000000000001137,136.49640655517578,-313.1913146972656,477.88507080078125,0.0
5589,219.45000000001588,0.05000000000001137,137.03705749511718,-313.7746887207031,479.798095703125,0.0
5590,219.5000000000159,0.05000000000001137,137.5756622314453,-314.3468933105469,481.7144775390625,0.0
5591,219.5500000000159,0.05000000000001137,138.11157531738283,-314.90789794921875,483.6341857910156,0.0
5592,219.6000000000159,0.05000000000001137,138.64493408203126,-315.4576721191406,485.55712890625,0.0
5593,219.65000000001592,0.05000000000001137,139.17582092285156,-315.9962158203125,487.4832458496094,0.0
5594,219.70000000001593,0.05000000000001137,139.70437316894532,-316.52349853515625,489.4124755859375,0.0
5595,219.75000000001594,0.05000000000001137,140.23067321777344,-317.03948974609375,491.34478759765625,0.0
5596,219.80000000001596,0.05000000000001137,140.75481719970705,-317.544189453125,493.280029296875,0.0
5597,219.85000000001597,0.05000000000001137,141.27684631347657,-318.03759765625,495.2182312011719,0.0
5598,219.90000000001598,0.05000000000001137,141.79685668945314,-318.5196533203125,497.1592712402344,0.0
5599,219.950000000016,0.05000000000001137,142.3148208618164,-318.9903869628906,499.10308837890625,0.0
5600,220.000000000016,0.05000000000001137,142.8308349609375,-319.4497375488281,501.0495910644531,0.0
5601,220.050000000016,0.05000000000001137,143.3448715209961,-319.8977355957031,502.998779296875,0.0
5602,220.10000000001602,0.05000000000001137,143.85690307617188,-320.3343200683594,504.9505615234375,0.0
5603,220.15000000001604,0.05000000000001137,144.36695709228516,-320.759521484375,506.9048156738281,0.0
5604,220.20000000001605,0.05000000000001137,144.87500610351563,-321.17327880859375,508.8615417480469,0.0
5605,220.25000000001606,0.05000000000001137,145.38100891113282,-321.57562255859375,510.8206787109375,0.0
5606,220.30000000001607,0.05000000000001137,145.88492431640626,-321.96649169921875,512.7821044921875,0.0
5607,220.35000000001608,0.05000000000001137,146.3867385864258,-322.3459167480469,514.7457885742188,0.0
5608,220.4000000000161,0.05000000000001137,146.8864242553711,-322.7138671875,516.7116088867188,0.0
5609,220.4500000000161,0.05000000000001137,147.3840087890625,-323.0703125,518.6796264648438,0.0
5610,220.50000000001612,0.05000000000001137,147.87950592041017,-323.4152526855469,520.649658203125,0.0
5611,220.55000000001613,0.05000000000001137,148.37295684814453,-323.74871826171875,522.6216430664062,0.0
5612,220.60000000001614,0.05000000000001137,148.86441650390626,-324.07061767578125,524.5955810546875,0.0
5613,220.65000000001615,0.05000000000001137,149.3539810180664,-324.3810119628906,526.5712890625,0.0
5614,220.70000000001616,0.05000000000001137,149.84180145263673,-324.678466796875,528.549072265625,0.0
5615,220.75000000001617,0.05000000000001137,150.32796020507814,-324.96136474609375,530.5289916992188,0.0
5616,220.80000000001618,0.05000000000001137,150.8125946044922,-325.22967529296875,532.5109252929688,0.0
5617,220.8500000000162,0.05000000000001137,151.2958969116211,-325.4833984375,534.4947509765625,0.0
5618,220.9000000000162,0.05000000000001137,151.7779769897461,-325.7225036621094,536.4804077148438,0.0
5619,220.95000000001622,0.05000000000001137,152.2589584350586,-325.947021484375,538.4677124023438,0.0
5620,221.00000000001623,0.05000000000001137,152.73900604248047,-326.1568908691406,540.4566650390625,0.0
5621,221.05000000001624,0.05000000000001137,153.21818847656252,-326.3521423339844,542.4471435546875,0.0
5622,221.10000000001625,0.05000000000001137,153.69667053222656,-326.53271484375,544.43896484375,0.0
5623,221.10000000001625,0.05000000000001137,153.69667053222656,-326.6986389160156,546.4320678710938,0.0
5624,221.15000000001626,0.05000000000001137,154.17449340820312,-326.84991455078125,548.4263305664062,0.0
5625,221.20000000001627,0.05000000000001137,154.65183563232424,-326.9864807128906,550.421630859375,0.0
5626,221.25000000001629,0.05000000000001137,155.12872467041015,-327.1083679199219,552.4179077148438,0.0
5627,221.3000000000163,0.05000000000001137,155.6052978515625,-327.215576171875,554.4150390625,0.0
5628,221.3500000000163,0.05000000000001137,156.08152770996094,-327.30810546875,556.4129028320312,0.0
5629,221.40000000001632,0.05000000000001137,156.55762023925783,-327.3858947753906,558.411376953125,0.0
5630,221.45000000001633,0.05000000000001137,157.03357543945313,-327.4490051269531,560.410400390625,0.0
5631,221.50000000001634,0.05000000000001137,157.5094757080078,-327.49737548828125,562.4097900390625,0.0
5632,221.50000000001634,0.05000000000001137,157.5094757080078,-327.53106689453125,564.4094848632812,0.0
5633,221.55000000001635,0.05000000000001137,157.9853759765625,-327.550048828125,566.409423828125,0.0
5634,221.60000000001637,0.05000000000001137,158.4613998413086,-327.5542907714844,568.409423828125,0.0
5635,221.65000000001638,0.05000000000001137,158.93750610351563,-327.5438232421875,570.4093627929688,0.0
5636,221.7000000000164,0.05000000000001137,159.4132827758789,-327.5186462402344,572.4092407226562,0.0
5637,221.7500000000164,0.05000000000001137,159.88922424316408,-327.478759765625,574.4088134765625,0.0
5638,221.8000000000164,0.05000000000001137,160.365234375,-327.42413330078125,576.4080810546875,0.0
5639,221.85000000001642,0.05000000000001137,160.8370559692383,-327.3548278808594,578.4068603515625,0.0
5640,221.85000000001642,0.05000000000001137,160.8370559692383,-327.27081298828125,580.4050903320312,0.0
5641,221.90000000001643,0.05000000000001137,161.30868530273438,-327.1720886230469,582.4026489257812,0.0
5642,221.95000000001644,0.05000000000001137,161.77947692871095,-327.0586853027344,584.3994140625,0.0
5643,222.00000000001646,0.05000000000001137,162.2490463256836,-326.93060302734375,586.3953247070312,0.0
5644,222.05000000001647,0.05000000000001137,162.71717376708986,-326.7931823730469,588.3905639648438,0.0
5645,222.10000000001648,0.05000000000001137,163.18377685546875,-326.6556701660156,590.3858032226562,0.0
5646,222.1500000000165,0.05000000000001137,163.64900665283204,-326.51812744140625,592.381103515625,0.0
5647,222.2000000000165,0.05000000000001137,164.1129592895508,-326.3805847167969,594.3763427734375,0.0
5648,222.2500000000165,0.05000000000001137,164.57574462890625,-326.2430725097656,596.37158203125,0.0
5649,222.30000000001652,0.05000000000001137,165.03758239746094,-326.10552978515625,598.3668823242188,0.0
5650,222.35000000001654,0.05000000000001137,165.49771728515626,-325.9679870605469,600.3621215820312,0.0
5651,222.40000000001655,0.05000000000001137,165.95704193115236,-325.8304748535156,602.357421875,0.0
5652,222.45000000001656,0.05000000000001137,166.4155288696289,-325.6914367675781,604.3526000976562,0.0
5653,222.45000000001656,0.05000000000001137,166.4155288696289,-325.54193115234375,606.3469848632812,0.0
5654,222.50000000001657,0.05000000000001137,166.8730682373047,-325.3805236816406,608.3404541015625,0.0
5655,222.55000000001658,0.05000000000001137,167.32961883544922,-325.2071838378906,610.3329467773438,0.0
5656,222.6000000000166,0.05000000000001137,167.7850570678711,-325.02197265625,612.3243408203125,0.0
5657,222.6500000000166,0.05000000000001137,168.2392318725586,-324.8248291015625,614.3145751953125,0.0
5658,222.70000000001662,0.05000000000001137,168.6918685913086,-324.6158447265625,616.3036499023438,0.0
5659,222.70000000001662,0.05000000000001137,168.6918685913086,-324.3949279785156,618.2913818359375,0.0
5660,222.75000000001663,0.05000000000001137,169.14276123046875,-324.16217041015625,620.27783203125,0.0
5661,222.80000000001664,0.05000000000001137,169.59173126220705,-323.91754150390625,622.2628173828125,0.0
5662,222.85000000001665,0.05000000000001137,170.0369659423828,-323.6610412597656,624.2462768554688,0.0
5663,222.90000000001666,0.05000000000001137,170.47948150634767,-323.3927001953125,626.2282104492188,0.0
5664,222.95000000001667,0.05000000000001137,170.91875610351562,-323.112548828125,628.2084350585938,0.0
5665,222.95000000001667,0.05000000000001137,170.91875610351562,-322.8205261230469,630.18701171875,0.0
5666,223.00000000001668,0.05000000000001137,171.35428161621095,-322.5167236328125,632.163818359375,0.0
5667,223.0500000000167,0.05000000000001137,171.7856872558594,-322.2010803222656,634.1387329101562,0.0
5668,223.1000000000167,0.05000000000001137,172.21253356933593,-321.8736572265625,636.1117553710938,0.0
5669,223.15000000001672,0.05000000000001137,172.6345458984375,-321.5344543457031,638.082763671875,0.0
5670,223.20000000001673,0.05000000000001137,173.04932098388673,-321.1834716796875,640.0517578125,0.0
5671,223.20000000001673,0.05000000000001137,173.04932098388673,-320.82073974609375,642.0185546875,0.0
5672,223.25000000001674,0.05000000000001137,173.45856170654298,-320.4462585449219,643.9832153320312,0.0
5673,223.30000000001675,0.05000000000001137,173.86177368164064,-320.06005859375,645.945556640625,0.0
5674,223.35000000001676,0.05000000000001137,174.2585861206055,-319.662109375,647.9055786132812,0.0
5675,223.40000000001677,0.05000000000001137,174.64876556396484,-319.2524719238281,649.8631591796875,0.0
5676,223.4500000000168,0.05000000000001137,175.0322021484375,-318.8311462402344,651.8182373046875,0.0
5677,223.4500000000168,0.05000000000001137,175.0322021484375,-318.3981628417969,653.7708129882812,0.0
5678,223.5000000000168,0.05000000000001137,175.40877227783204,-317.9534912109375,655.7207641601562,0.0
5679,223.5500000000168,0.05000000000001137,175.77605895996095,-317.4971923828125,657.6680297851562,0.0
5680,223.60000000001682,0.05000000000001137,176.1366439819336,-317.029052734375,659.6124877929688,0.0
5681,223.65000000001683,0.05000000000001137,176.49032135009767,-316.5418395996094,661.5521850585938,0.0
5682,223.65000000001683,0.05000000000001137,176.49032135009767,-316.03179931640625,663.486083984375,0.0
5683,223.70000000001684,0.05000000000001137,176.83721466064455,-315.4990234375,665.4137573242188,0.0
5684,223.75000000001685,0.05000000000001137,177.17752990722656,-314.943603515625,667.3350830078125,0.0
5685,223.80000000001687,0.05000000000001137,177.5116928100586,-314.36553955078125,669.2496948242188,0.0
5686,223.80000000001687,0.05000000000001137,177.5116928100586,-313.7650146484375,671.1574096679688,0.0
5687,223.85000000001688,0.05000000000001137,177.8377670288086,-313.14202880859375,673.0579223632812,0.0
5688,223.9000000000169,0.05000000000001137,178.15870513916016,-312.4966735839844,674.950927734375,0.0
5689,223.9000000000169,0.05000000000001137,178.15870513916016,-311.8291015625,676.836181640625,0.0
5690,223.9500000000169,0.05000000000001137,178.47489166259766,-311.13934326171875,678.7135009765625,0.0
5691,224.0000000000169,0.05000000000001137,178.78690338134766,-310.42755126953125,680.58251953125,0.0
5692,224.05000000001692,0.05000000000001137,179.09549560546876,-309.69378662109375,682.4430541992188,0.0
5693,224.10000000001693,0.05000000000001137,179.39924011230468,-308.9381103515625,684.2947998046875,0.0
5694,224.10000000001693,0.05000000000001137,179.39924011230468,-308.16070556640625,686.1375122070312,0.0
5695,224.15000000001695,0.05000000000001137,179.70115814208984,-307.3616638183594,687.970947265625,0.0
5696,224.20000000001696,0.05000000000001137,180.00186767578126,-306.54107666015625,689.7947998046875,0.0
5697,224.25000000001697,0.05000000000001137,180.29488677978517,-305.69903564453125,691.60888671875,0.0
5698,224.25000000001697,0.05000000000001137,180.29488677978517,-304.835693359375,693.4129638671875,0.0
5699,224.30000000001698,0.05000000000001137,180.5886199951172,-303.951171875,695.2067260742188,0.0
5700,224.350000000017,0.05000000000001137,180.8825454711914,-303.04559326171875,696.9899291992188,0.0
5701,224.400000000017,0.05000000000001137,181.177734375,-302.1190490722656,698.7623291015625,0.0
5702,224.400000000017,0.05000000000001137,181.177734375,-301.17169189453125,700.5237426757812,0.0
5703,224.450000000017,0.05000000000001137,181.4748321533203,-300.20367431640625,702.2738647460938,0.0
5704,224.50000000001702,0.05000000000001137,181.77478637695313,-299.215087890625,704.012451171875,0.0
5705,224.55000000001704,0.05000000000001137,182.07855834960938,-298.2060852050781,705.7392578125,0.0
5706,224.60000000001705,0.05000000000001137,182.3873291015625,-297.17681884765625,707.4540405273438,0.0
5707,224.60000000001705,0.05000000000001137,182.3873291015625,-296.12744140625,709.1566162109375,0.0
5708,224.65000000001706,0.05000000000001137,182.701579284668,-295.0580749511719,710.8466796875,0.0
5709,224.70000000001707,0.05000000000001137,183.0229019165039,-293.9797668457031,712.5310668945312,0.0
5710,224.75000000001708,0.05000000000001137,183.35218963623046,-292.9014587402344,714.2155151367188,0.0
5711,224.75000000001708,0.05000000000001137,183.35218963623046,-291.8224182128906,715.8994140625,0.0
5712,224.8000000000171,0.05000000000001137,183.69012908935548,-290.7375793457031,717.5797119140625,0.0
5713,224.8500000000171,0.05000000000001137,184.03714599609376,-289.6460266113281,719.2554931640625,0.0
5714,224.90000000001712,0.05000000000001137,184.3927734375,-288.54779052734375,720.927001953125,0.0
5715,224.95000000001713,0.05000000000001137,184.75768432617187,-287.44287109375,722.5941162109375,0.0
5716,224.95000000001713,0.05000000000001137,184.75768432617187,-286.331298828125,724.2567138671875,0.0
5717,225.00000000001714,0.05000000000001137,185.13154907226564,-285.21307373046875,725.9149169921875,0.0
5718,225.05000000001715,0.05000000000001137,185.51384582519532,-284.0882568359375,727.568603515625,0.0
5719,225.10000000001716,0.05000000000001137,185.90316009521484,-282.956787109375,729.2178344726562,0.0
5720,225.15000000001717,0.05000000000001137,186.29938201904298,-281.8187561035156,730.8624877929688,0.0
5721,225.15000000001717,0.05000000000001137,186.29938201904298,-280.6741638183594,732.5025634765625,0.0
5722,225.20000000001718,0.05000000000001137,186.70152282714844,-279.52301025390625,734.1380615234375,0.0
5723,225.2500000000172,0.05000000000001137,187.10852508544923,-278.3653259277344,735.7689208984375,0.0
5724,225.3000000000172,0.05000000000001137,187.51940002441407,-277.20111083984375,737.3951416015625,0.0
5725,225.3000000000172,0.05000000000001137,187.51940002441407,-276.0304260253906,739.0167236328125,0.0
5726,225.40000000001723,0.10000000000002274,188.34781036376953,-274.8532409667969,740.633544921875,0.0
5727,225.40000000001723,0.10000000000002274,188.34781036376953,-273.66961669921875,742.2457275390625,0.0
5728,225.45000000001724,0.05000000000001137,188.76472778320314,-272.47955322265625,743.8531494140625,0.0
5729,225.50000000001725,0.05000000000001137,189.1815628051758,-271.2830505371094,745.4557495117188,0.0
5730,225.55000000001726,0.05000000000001137,189.59750518798828,-270.0801696777344,747.0535888671875,0.0
5731,225.55000000001726,0.05000000000001137,189.59750518798828,-268.8708801269531,748.6466064453125,0.0
5732,225.60000000001727,0.05000000000001137,190.01262359619142,-267.6552429199219,750.2347412109375,0.0
5733,225.6500000000173,0.05000000000001137,190.42630004882812,-266.4332580566406,751.8179931640625,0.0
5734,225.7000000000173,0.05000000000001137,190.83808135986328,-265.2049560546875,753.3963623046875,0.0
5735,225.7000000000173,0.05000000000001137,190.83808135986328,-263.9703674316406,754.9698486328125,0.0
5736,225.7500000000173,0.05000000000001137,191.24669036865234,-262.7294616699219,756.538330078125,0.0
5737,225.80000000001732,0.05000000000001137,191.6526626586914,-261.48297119140625,758.1024169921875,0.0
5738,225.85000000001733,0.05000000000001137,192.055517578125,-260.2355041503906,759.6657104492188,0.0
5739,225.85000000001733,0.05000000000001137,192.055517578125,-258.9880676269531,761.2289428710938,0.0
5740,225.90000000001734,0.05000000000001137,192.45514526367188,-257.7406005859375,762.792236328125,0.0
5741,225.95000000001735,0.05000000000001137,192.8501724243164,-256.4931640625,764.3555297851562,0.0
5742,226.00000000001737,0.05000000000001137,193.24154663085938,-255.24571228027344,765.9188232421875,0.0
5743,226.05000000001738,0.05000000000001137,193.62902069091797,-253.99826049804688,767.4821166992188,0.0
5744,226.05000000001738,0.05000000000001137,193.62902069091797,-252.7508087158203,769.04541015625,0.0
5745,226.1000000000174,0.05000000000001137,194.0113311767578,-251.49908447265625,770.605224609375,0.0
5746,226.1500000000174,0.05000000000001137,194.3895492553711,-250.23558044433594,772.1555786132812,0.0
5747,226.1500000000174,0.05000000000001137,194.3895492553711,-248.960205078125,773.6961669921875,0.0
5748,226.2000000000174,0.05000000000001137,194.76360626220705,-247.67303466796875,775.2269287109375,0.0
5749,226.25000000001742,0.05000000000001137,195.13217010498047,-246.37416076660156,776.7477416992188,0.0
5750,226.30000000001743,0.05000000000001137,195.4965591430664,-245.0636444091797,778.258544921875,0.0
5751,226.30000000001743,0.05000000000001137,195.4965591430664,-243.74156188964844,779.7592163085938,0.0
5752,226.35000000001745,0.05000000000001137,195.85680084228517,-242.40798950195312,781.249755859375,0.0
5753,226.40000000001746,0.05000000000001137,196.21292266845703,-241.06301879882812,782.7299194335938,0.0
5754,226.40000000001746,0.05000000000001137,196.21292266845703,-239.70672607421875,784.1997680664062,0.0
5755,226.45000000001747,0.05000000000001137,196.56366119384765,-238.3391876220703,785.6591796875,0.0
5756,226.50000000001748,0.05000000000001137,196.91060943603517,-236.96047973632812,787.1080322265625,0.0
5757,226.5500000000175,0.05000000000001137,197.25387725830078,-235.57069396972656,788.5462036132812,0.0
5758,226.5500000000175,0.05000000000001137,197.25387725830078,-234.16989135742188,789.9737548828125,0.0
5759,226.6000000000175,0.05000000000001137,197.59191284179687,-232.75819396972656,791.3904418945312,0.0
5760,226.6000000000175,0.05000000000001137,197.59191284179687,-231.33563232421875,792.7962646484375,0.0
5761,226.6500000000175,0.05000000000001137,197.92647399902344,-229.90234375,794.1911010742188,0.0
5762,226.70000000001752,0.05000000000001137,198.25753326416017,-228.4583740234375,795.574951171875,0.0
5763,226.70000000001752,0.05000000000001137,198.25753326416017,-227.00381469726562,796.9476318359375,0.0
5764,226.75000000001754,0.05000000000001137,198.58336029052734,-225.5387725830078,798.30908203125,0.0
5765,226.80000000001755,0.05000000000001137,198.90575408935547,-224.0633087158203,799.6593017578125,0.0
5766,226.85000000001756,0.05000000000001137,199.22464599609376,-222.57752990722656,800.9981079101562,0.0
5767,226.85000000001756,0.05000000000001137,199.22464599609376,-221.08151245117188,802.325439453125,0.0
5768,226.90000000001757,0.05000000000001137,199.54009094238282,-219.57534790039062,803.6412963867188,0.0
5769,226.95000000001758,0.05000000000001137,199.85015258789062,-218.05911254882812,804.945556640625,0.0
5770,226.95000000001758,0.05000000000001137,199.85015258789062,-216.53292846679688,806.2380981445312,0.0
5771,227.0000000000176,0.05000000000001137,200.15676727294922,-214.99685668945312,807.5189208984375,0.0
5772,227.0500000000176,0.05000000000001137,200.4484405517578,-213.45098876953125,808.787841796875,0.0
5773,227.0500000000176,0.05000000000001137,200.4484405517578,-211.8954315185547,810.044921875,0.0
5774,227.10000000001762,0.05000000000001137,200.73433227539064,-210.33026123046875,811.2900390625,0.0
5775,227.15000000001763,0.05000000000001137,201.01425018310547,-208.75558471679688,812.5230712890625,0.0
5776,227.20000000001764,0.05000000000001137,201.28719177246094,-207.17147827148438,813.7439575195312,0.0
5777,227.20000000001764,0.05000000000001137,201.28719177246094,-205.5780487060547,814.95263671875,0.0
5778,227.25000000001765,0.05000000000001137,201.55115203857423,-203.9753875732422,816.1490478515625,0.0
5779,227.30000000001766,0.05000000000001137,201.80721588134767,-202.3635711669922,817.3331909179688,0.0
5780,227.30000000001766,0.05000000000001137,201.80721588134767,-200.7427215576172,818.5048828125,0.0
5781,227.35000000001767,0.05000000000001137,202.05553436279297,-199.11293029785156,819.6640625,0.0
5782,227.40000000001768,0.05000000000001137,202.2949676513672,-197.4742889404297,820.8106689453125,0.0
5783,227.40000000001768,0.05000000000001137,202.2949676513672,-195.82687377929688,821.9447021484375,0.0
5784,227.4500000000177,0.05000000000001137,202.52772674560546,-194.17440795898438,823.0714111328125,0.0
5785,227.5000000000177,0.05000000000001137,202.75464935302736,-192.52188110351562,824.197998046875,0.0
5786,227.55000000001772,0.05000000000001137,202.97509002685547,-190.86936950683594,825.3245239257812,0.0
5787,227.55000000001772,0.05000000000001137,202.97509002685547,-189.2168426513672,826.4511108398438,0.0
5788,227.65000000001774,0.10000000000002274,203.40626220703126,-187.5643310546875,827.5776977539062,0.0
5789,227.65000000001774,0.10000000000002274,203.40626220703126,-185.91180419921875,828.7042846679688,0.0
5790,227.70000000001775,0.05000000000001137,203.61754302978517,-184.25848388671875,829.8297119140625,0.0
5791,227.75000000001776,0.05000000000001137,203.82879638671875,-182.59414672851562,830.938720703125,0.0
5792,227.75000000001776,0.05000000000001137,203.82879638671875,-180.91592407226562,832.026611328125,0.0
5793,227.80000000001777,0.05000000000001137,204.04107971191408,-179.22402954101562,833.0931396484375,0.0
5794,227.8500000000178,0.05000000000001137,204.2535415649414,-177.51876831054688,834.1381225585938,0.0
5795,227.8500000000178,0.05000000000001137,204.2535415649414,-175.80039978027344,835.1614379882812,0.0
5796,227.9000000000178,0.05000000000001137,204.4689697265625,-174.0692138671875,836.1629028320312,0.0
5797,227.9000000000178,0.05000000000001137,204.4689697265625,-172.32546997070312,837.142333984375,0.0
5798,227.9500000000178,0.05000000000001137,204.6881057739258,-170.5694580078125,838.099609375,0.0
5799,228.00000000001782,0.05000000000001137,204.90985107421875,-168.80148315429688,839.0346069335938,0.0
5800,228.00000000001782,0.05000000000001137,204.90985107421875,-167.02178955078125,839.9470825195312,0.0
5801,228.05000000001783,0.05000000000001137,205.13640289306642,-165.23068237304688,840.8369750976562,0.0
5802,228.10000000001784,0.05000000000001137,205.36660766601562,-163.42843627929688,841.7041015625,0.0
5803,228.10000000001784,0.05000000000001137,205.36660766601562,-161.6153564453125,842.5482788085938,0.0
5804,228.15000000001785,0.05000000000001137,205.60214080810547,-159.79171752929688,843.3694458007812,0.0
5805,228.20000000001787,0.05000000000001137,205.84304351806642,-157.9578399658203,844.16748046875,0.0
5806,228.20000000001787,0.05000000000001137,205.84304351806642,-156.11399841308594,844.9421997070312,0.0
5807,228.3000000000179,0.10000000000002274,206.338623046875,-154.36795043945312,846.057373046875,-0.7423192906426266
5808,228.3500000000179,0.05000000000001137,206.59439849853516,-152.55679321289062,846.9325561523438,-0.7423192143905908
5809,228.3500000000179,0.05000000000001137,206.59439849853516,-150.7034454345703,847.7677001953125,-0.7423105550697073
5810,228.3500000000179,0.05000000000001137,206.59439849853516,-148.8768310546875,848.5831909179688,-0.7423179936595261
5811,228.4000000000179,0.05000000000001137,206.85443115234375,-147.03807067871094,849.3896484375,-0.7423135685967281
5812,228.45000000001792,0.05000000000001137,207.11961364746094,-145.18508911132812,850.1881103515625,-0.742318146280013
5813,228.50000000001793,0.05000000000001137,207.389794921875,-143.33547973632812,850.983154296875,-0.7423159718746319
5814,228.50000000001793,0.05000000000001137,207.389794921875,-141.43858337402344,851.7215576171875,-0.7423157811863348
5815,228.55000000001795,0.05000000000001137,207.6643295288086,-139.54708862304688,852.4189453125,-0.7423103642649949
5816,228.55000000001795,0.05000000000001137,207.6643295288086,-137.62425231933594,853.1213989257812,-0.742317802971229
5817,228.60000000001796,0.05000000000001137,207.9438217163086,-135.679443359375,853.7489624023438,-0.7423150563845411
5818,228.65000000001797,0.05000000000001137,208.22820281982422,-133.767578125,854.356201171875,-0.742315819254145
5819,228.65000000001797,0.05000000000001137,208.22820281982422,-131.83816528320312,854.968505859375,-0.7423190617701039
5820,228.70000000001798,0.05000000000001137,208.51715698242188,-129.7726287841797,855.6014404296875,-0.7423067403724417
5821,228.750000000018,0.05000000000001137,208.8110549926758,-127.6743392944336,856.1951293945312,-0.7423175740987062
5822,228.750000000018,0.05000000000001137,208.8110549926758,-125.72252655029297,856.756103515625,-0.7423189092660323
5823,228.800000000018,0.05000000000001137,209.10974578857423,-123.79461669921875,857.3106079101562,-0.7423189855180681
5824,228.850000000018,0.05000000000001137,209.41254272460938,-121.84640502929688,857.8703002929688,-0.7423187184613198
5825,228.90000000001803,0.05000000000001137,209.72145080566406,-119.86144256591797,858.4368286132812,-0.7423176121665165
5826,228.90000000001803,0.05000000000001137,209.72145080566406,-117.91573333740234,858.9888305664062,-0.7423183369683102
5827,228.95000000001804,0.05000000000001137,210.03528900146486,-115.96150207519531,859.5438232421875,-0.7423184514045715
5828,229.00000000001805,0.05000000000001137,210.3544143676758,-113.98946380615234,860.1044311523438,-0.7423180318437517
5829,229.00000000001805,0.05000000000001137,210.3544143676758,-112.03289031982422,860.659423828125,-0.7423180318437517
5830,229.05000000001806,0.05000000000001137,210.67879943847657,-110.06941223144531,861.21630859375,-0.7423178410390392
5831,229.10000000001807,0.05000000000001137,211.00859527587892,-108.09536743164062,861.7774047851562,-0.7423177647870034
5832,229.15000000001808,0.05000000000001137,211.3437744140625,-106.0878677368164,862.3458251953125,-0.7423171544214711
5833,229.15000000001808,0.05000000000001137,211.3437744140625,-104.08751678466797,862.8329467773438,-0.7423136067809537
5834,229.2000000000181,0.05000000000001137,211.6842819213867,-102.11485290527344,863.329833984375,-0.7423172688577324
5835,229.2500000000181,0.05000000000001137,212.02998046875,-100.10910034179688,863.835693359375,-0.7423175740987062
5836,229.2500000000181,0.05000000000001137,212.02998046875,-98.1087875366211,864.339111328125,-0.7423175740987062
5837,229.30000000001812,0.05000000000001137,212.38065032958986,-96.12859344482422,864.83740234375,-0.7423174977302551
5838,229.35000000001813,0.05000000000001137,212.7360855102539,-94.10589599609375,865.25390625,-0.742308952845633
5839,229.35000000001813,0.05000000000001137,212.7360855102539,-92.1097412109375,865.667236328125,-0.742316811112687
5840,229.40000000001814,0.05000000000001137,213.0959014892578,-90.1331787109375,866.0759887695312,-0.7423177266027778
5841,229.45000000001815,0.05000000000001137,213.4597412109375,-88.09532165527344,866.4987182617188,-0.7423176885349676
5842,229.50000000001816,0.05000000000001137,213.8271240234375,-86.10646057128906,866.9581298828125,-0.7423080754233524
5843,229.50000000001816,0.05000000000001137,213.8271240234375,-84.1097412109375,867.43359375,-0.7423166204243898
5844,229.55000000001817,0.05000000000001137,214.19763793945313,-82.13143157958984,867.9024047851562,-0.7423173452261835
5845,229.55000000001817,0.05000000000001137,214.19763793945313,-80.10454559326172,868.3023071289062,-0.7423136830329895
5846,229.60000000001818,0.05000000000001137,214.57073364257812,-78.0959701538086,868.7196044921875,-0.7423147893277928
5847,229.7000000000182,0.10000000000002274,215.3226104736328,-76.13871765136719,869.1990356445312,-0.7423147893277928
5848,229.7000000000182,0.10000000000002274,215.3226104736328,-74.13933563232422,869.6703491210938,-0.7423178410390392
5849,229.7000000000182,0.10000000000002274,215.3226104736328,-72.14686584472656,870.1027221679688,-0.7423162771156058
5850,229.75000000001822,0.05000000000001137,215.70052642822267,-70.16342163085938,870.5419311523438,-0.7423180318437517
5851,229.80000000001823,0.05000000000001137,216.07911529541016,-68.16283416748047,870.9840698242188,-0.7423182607162744
5852,229.85000000001824,0.05000000000001137,216.45797882080078,-66.17866516113281,871.4223022460938,-0.7423179936595261
5853,229.90000000001825,0.05000000000001137,216.8367874145508,-64.20767211914062,871.8572998046875,-0.7423177647870034
5854,229.90000000001825,0.05000000000001137,216.8367874145508,-62.19183349609375,872.3031005859375,-0.742317650350742
5855,229.95000000001826,0.05000000000001137,217.21519775390627,-60.19862747192383,872.7432861328125,-0.7423175359144807
5856,230.00000000001828,0.05000000000001137,217.59304504394532,-58.2325553894043,873.1782836914062,-0.7423173832939938
5857,230.00000000001828,0.05000000000001137,217.59304504394532,-56.2407112121582,873.618408203125,-0.7423173452261835
5858,230.0500000000183,0.05000000000001137,217.9699722290039,-54.22637939453125,874.0639038085938,-0.7423172307899222
5859,230.1000000000183,0.05000000000001137,218.34591064453124,-52.24134063720703,874.5026245117188,-0.7423171544214711
5860,230.1000000000183,0.05000000000001137,218.34591064453124,-50.24821853637695,874.9442138671875,-0.7423170399852097
5861,230.1500000000183,0.05000000000001137,218.7206268310547,-48.21564865112305,875.392822265625,-0.7423169637331739
5862,230.20000000001832,0.05000000000001137,219.09412078857423,-46.21809387207031,875.8348388671875,-0.7423168492969126
5863,230.20000000001832,0.05000000000001137,219.09412078857423,-44.22169876098633,876.2759399414062,-0.7423167729284614
5864,230.25000000001833,0.05000000000001137,219.46626892089844,-42.18745040893555,876.7252807617188,-0.7423166966764256
5865,230.30000000001834,0.05000000000001137,219.83685150146485,-40.175777435302734,877.169677734375,-0.7423166204243898
5866,230.30000000001834,0.05000000000001137,219.83685150146485,-38.16870880126953,877.6128540039062,-0.7423165059881285
5867,230.35000000001835,0.05000000000001137,220.2060333251953,-36.15973663330078,878.0563354492188,-0.7423164296196774
5868,230.40000000001837,0.05000000000001137,220.57351226806642,-34.128963470458984,878.5047607421875,-0.7423163533676416
5869,230.40000000001837,0.05000000000001137,220.57351226806642,-32.10663604736328,878.952880859375,-0.7423162771156058
5870,230.45000000001838,0.05000000000001137,220.93952178955078,-30.08648681640625,879.3995971679688,-0.7423162389313802
5871,230.5000000000184,0.05000000000001137,221.30380096435547,-28.04209327697754,879.8510131835938,-0.7423161626793444
5872,230.5500000000184,0.05000000000001137,221.66655578613282,-25.999967575073242,880.3024291992188,-0.7423161244951189
5873,230.5500000000184,0.05000000000001137,221.66655578613282,-23.959491729736328,880.7537841796875,-0.7423160863108933
5874,230.6000000000184,0.05000000000001137,222.0276077270508,-21.892118453979492,881.1619873046875,-0.7423063206952065
5875,230.6000000000184,0.05000000000001137,222.0276077270508,-19.84028434753418,881.5512084960938,-0.7423151708208025
5876,230.65000000001842,0.05000000000001137,222.3871078491211,-17.792442321777344,881.9407348632812,-0.742316315183416
5877,230.70000000001843,0.05000000000001137,222.7448913574219,-15.7233247756958,882.3345336914062,-0.7423163915518671
5878,230.75000000001845,0.05000000000001137,223.10124664306642,-13.661931037902832,882.727294921875,-0.742316315183416
5879,230.75000000001845,0.05000000000001137,223.10124664306642,-11.620858192443848,883.1163940429688,-0.7423162771156058
5880,230.80000000001846,0.05000000000001137,223.45618743896486,-9.57780933380127,883.5059204101562,-0.7423162007471547
5881,230.85000000001847,0.05000000000001137,223.8095901489258,-7.529439926147461,883.8958129882812,-0.7423161626793444
5882,230.85000000001847,0.05000000000001137,223.8095901489258,-5.476761341094971,884.2868041992188,-0.7423161244951189
5883,230.90000000001848,0.05000000000001137,224.16172943115234,-3.431509017944336,884.6767578125,-0.7423160482430831
5884,230.90000000001848,0.05000000000001137,224.16172943115234,-1.378775715827942,884.9990234375,-0.7423099827719852
5885,230.9500000000185,0.05000000000001137,224.51248168945312,0.6551559567451477,885.3225708007812,-0.7423157048178837
5886,231.0000000000185,0.05000000000001137,224.86214904785157,2.6909375190734863,885.646484375,-0.7423164296196774
5887,231.0000000000185,0.05000000000001137,224.86214904785157,4.768572807312012,885.9769287109375,-0.7423163915518671
5888,231.0500000000185,0.05000000000001137,225.21067657470704,6.819311141967773,886.3031616210938,-0.7423163915518671
5889,231.10000000001853,0.05000000000001137,225.55838012695312,8.851128578186035,886.6261596679688,-0.742316315183416
5890,231.10000000001853,0.05000000000001137,225.55838012695312,10.952326774597168,886.9524536132812,-0.742315819254145
5891,231.15000000001854,0.05000000000001137,225.9051498413086,13.005718231201172,887.271728515625,-0.7423162007471547
5892,231.15000000001854,0.05000000000001137,225.9051498413086,15.052348136901855,887.508544921875,-0.7423058247659355
5893,231.20000000001855,0.05000000000001137,226.2513427734375,17.09379768371582,887.7367553710938,-0.7423153996933252
5894,231.20000000001855,0.05000000000001137,226.2513427734375,19.140380859375,887.9671630859375,-0.7423166584922001
5895,231.25000000001856,0.05000000000001137,226.5969451904297,21.152267456054688,888.193603515625,-0.7423167729284614
5896,231.30000000001857,0.05000000000001137,226.9422592163086,23.175113677978516,888.4609375,-0.7423059011343867
5897,231.35000000001858,0.05000000000001137,227.28720245361328,25.21249771118164,888.751220703125,-0.7423153615090996
5898,231.4000000000186,0.05000000000001137,227.63211822509766,27.22637367248535,889.0358276367188,-0.7423168492969126
5899,231.4000000000186,0.05000000000001137,227.63211822509766,29.2480411529541,889.3212890625,-0.7423169637331739
5900,231.4500000000186,0.05000000000001137,227.97696533203126,31.306772232055664,889.6118774414062,-0.7423168873647228
5901,231.50000000001862,0.05000000000001137,228.32196350097658,33.31977081298828,889.8853149414062,-0.7423121953615919
5902,231.50000000001862,0.05000000000001137,228.32196350097658,35.34669494628906,890.1417236328125,-0.7423159718746319
5903,231.55000000001863,0.05000000000001137,228.66707153320314,37.383201599121094,890.4027709960938,-0.7423167729284614
5904,231.55000000001863,0.05000000000001137,228.66707153320314,39.406494140625,890.631103515625,-0.7423145604552701
5905,231.60000000001864,0.05000000000001137,229.01246795654296,41.43008804321289,890.8630981445312,-0.7423166584922001
5906,231.60000000001864,0.05000000000001137,229.01246795654296,43.449344635009766,891.0764770507812,-0.7423128057271242
5907,231.65000000001865,0.05000000000001137,229.35816650390626,45.5091552734375,891.288330078125,-0.7423162389313802
5908,231.65000000001865,0.05000000000001137,229.35816650390626,47.542938232421875,891.4973754882812,-0.7423167729284614
5909,231.70000000001866,0.05000000000001137,229.70418090820314,49.56647491455078,891.7055053710938,-0.742316811112687
5910,231.75000000001867,0.05000000000001137,230.05052490234377,51.62203598022461,891.9166259765625,-0.7423167348606512
5911,231.75000000001867,0.05000000000001137,230.05052490234377,53.65696334838867,892.1266479492188,-0.7423166584922001
5912,231.80000000001868,0.05000000000001137,230.39712982177736,55.68870162963867,892.334716796875,-0.7423165822401643
5913,231.8500000000187,0.05000000000001137,230.74400939941407,57.75621032714844,892.5472412109375,-0.7423165059881285
5914,231.8500000000187,0.05000000000001137,230.74400939941407,59.80052185058594,892.7576904296875,-0.7423164296196774
5915,231.9000000000187,0.05000000000001137,231.09101257324218,61.83844757080078,892.966796875,-0.7423163533676416
5916,231.95000000001872,0.05000000000001137,231.43818054199218,63.88750457763672,893.17724609375,-0.742316315183416
5917,232.00000000001873,0.05000000000001137,231.78534851074218,66.03363800048828,893.397216796875,-0.7423160100588575
5918,232.00000000001873,0.05000000000001137,231.78534851074218,68.09015655517578,893.5742797851562,-0.7423148275120184
5919,232.05000000001874,0.05000000000001137,232.13240661621094,70.14085388183594,893.7584838867188,-0.7423161626793444
5920,232.05000000001874,0.05000000000001137,232.13240661621094,72.21057891845703,893.9450073242188,-0.7423162389313802
5921,232.10000000001875,0.05000000000001137,232.4792449951172,74.23670196533203,894.1272583007812,-0.7423162007471547
5922,232.10000000001875,0.05000000000001137,232.4792449951172,76.30012512207031,894.3133544921875,-0.7423161626793444
5923,232.15000000001876,0.05000000000001137,232.82583618164062,78.36811065673828,894.498779296875,-0.7423161244951189
5924,232.20000000001878,0.05000000000001137,233.17198791503907,80.4090347290039,894.6820678710938,-0.7423160863108933
5925,232.20000000001878,0.05000000000001137,233.17198791503907,82.47021484375,894.8667602539062,-0.7423160100588575
5926,232.2500000000188,0.05000000000001137,233.5177001953125,84.5287857055664,895.0514526367188,-0.7423159718746319
5927,232.3000000000188,0.05000000000001137,233.86278076171877,86.59842681884766,895.2374877929688,-0.7423159336904064
5928,232.3000000000188,0.05000000000001137,233.86278076171877,88.65918731689453,895.422607421875,-0.7423158574383706
5929,232.3500000000188,0.05000000000001137,234.20725708007814,90.73540496826172,895.6096801757812,-0.742315819254145
5930,232.40000000001882,0.05000000000001137,234.55099182128907,92.8222427368164,895.7975463867188,-0.7423157811863348
5931,232.40000000001882,0.05000000000001137,234.55099182128907,94.88494110107422,895.9780883789062,-0.7423147511435673
5932,232.45000000001883,0.05000000000001137,234.89393005371093,96.94379425048828,896.1558227539062,-0.7423156667500734
5933,232.50000000001884,0.05000000000001137,235.2361267089844,99.0518569946289,896.3374633789062,-0.7423157811863348
5934,232.50000000001884,0.05000000000001137,235.2361267089844,101.16486358642578,896.5202026367188,-0.7423157811863348
5935,232.55000000001885,0.05000000000001137,235.57744445800782,103.25045013427734,896.7001953125,-0.7423157811863348
5936,232.55000000001885,0.05000000000001137,235.57744445800782,105.3270492553711,896.8787841796875,-0.7423157430021092
5937,232.60000000001887,0.05000000000001137,235.91791076660158,107.39311981201172,897.0569458007812,-0.7423157048178837
5938,232.65000000001888,0.05000000000001137,236.25749816894532,109.43415069580078,897.2980346679688,-0.7423097538994625
5939,232.7000000000189,0.05000000000001137,236.5962341308594,111.48505401611328,897.5369873046875,-0.7423153234412894
5940,232.7500000000189,0.05000000000001137,236.93409118652343,113.56121826171875,897.7686767578125,-0.7423111272510141
5941,232.7500000000189,0.05000000000001137,236.93409118652343,115.57569122314453,897.9718627929688,-0.7423152470728382
5942,232.8000000000189,0.05000000000001137,237.2710693359375,117.64411163330078,898.1856079101562,-0.7423161244951189
5943,232.8000000000189,0.05000000000001137,237.2710693359375,119.71046447753906,898.3984375,-0.7423162007471547
5944,232.85000000001892,0.05000000000001137,237.6071960449219,121.75749969482422,898.60888671875,-0.7423162771156058
5945,232.90000000001893,0.05000000000001137,237.94249877929687,123.7805404663086,898.8175048828125,-0.7423162389313802
5946,232.90000000001893,0.05000000000001137,237.94249877929687,125.84166717529297,899.0296020507812,-0.7423161626793444
5947,232.95000000001895,0.05000000000001137,238.27692260742188,127.8831787109375,899.2391357421875,-0.7423161244951189
5948,233.00000000001896,0.05000000000001137,238.61046752929687,129.91355895996094,899.447265625,-0.7423160863108933
5949,233.00000000001896,0.05000000000001137,238.61046752929687,131.96983337402344,899.6586303710938,-0.7423160482430831
5950,233.05000000001897,0.05000000000001137,238.94327087402345,134.02664184570312,899.8472290039062,-0.7423122716136277
5951,233.05000000001897,0.05000000000001137,238.94327087402345,136.06422424316406,900.0293579101562,-0.7423155523138121
5952,233.05000000001897,0.05000000000001137,238.94327087402345,138.10646057128906,900.2003173828125,-0.7423074651742354
5953,233.10000000001898,0.05000000000001137,239.2751678466797,140.15354919433594,900.3108520507812,-0.7423135305289179
5954,233.150000000019,0.05000000000001137,239.60635070800782,142.194091796875,900.4359741210938,-0.7423161626793444
5955,233.150000000019,0.05000000000001137,239.60635070800782,144.2500457763672,900.5611572265625,-0.7423164678039029
5956,233.200000000019,0.05000000000001137,239.93668212890626,146.3067169189453,900.6873168945312,-0.7423162007471547
5957,233.250000000019,0.05000000000001137,240.26624450683593,148.31723022460938,900.8815307617188,-0.7423126149224117
5958,233.30000000001903,0.05000000000001137,240.59498291015626,150.36607360839844,901.0647583007812,-0.7423162771156058
5959,233.30000000001903,0.05000000000001137,240.59498291015626,152.4544219970703,901.2508544921875,-0.7423166966764256
5960,233.35000000001904,0.05000000000001137,240.92297973632813,154.4845428466797,901.4322509765625,-0.7423166966764256
5961,233.35000000001904,0.05000000000001137,240.92297973632813,156.53749084472656,901.6155395507812,-0.7423166204243898
5962,233.40000000001905,0.05000000000001137,241.25018005371095,158.59957885742188,901.8002319335938,-0.7423165440559387
5963,233.45000000001906,0.05000000000001137,241.5765838623047,160.70826721191406,901.988037109375,-0.7423164678039029
5964,233.45000000001906,0.05000000000001137,241.5765838623047,162.77243041992188,902.1731567382812,-0.7423163915518671
5965,233.50000000001907,0.05000000000001137,241.90227355957032,164.83778381347656,902.357421875,-0.742316315183416
5966,233.55000000001908,0.05000000000001137,242.22716674804687,166.93478393554688,902.5439453125,-0.7423162389313802
5967,233.55000000001908,0.05000000000001137,242.22716674804687,168.99411010742188,902.7282104492188,-0.7423161626793444
5968,233.6000000000191,0.05000000000001137,242.55131835937502,171.06224060058594,902.912841796875,-0.7423161244951189
5969,233.6000000000191,0.05000000000001137,242.55131835937502,173.15652465820312,903.098876953125,-0.7423160482430831
5970,233.6500000000191,0.05000000000001137,242.87470092773438,175.2406005859375,903.2854614257812,-0.7423160100588575
5971,233.70000000001912,0.05000000000001137,243.1973419189453,177.31634521484375,903.4715576171875,-0.7423159718746319
5972,233.70000000001912,0.05000000000001137,243.1973419189453,179.3948974609375,903.6566772460938,-0.7423159336904064
5973,233.75000000001913,0.05000000000001137,243.51926879882814,181.45333862304688,903.8409423828125,-0.7423158956225961
5974,233.80000000001914,0.05000000000001137,243.84039916992188,183.51150512695312,904.024658203125,-0.7423158956225961
5975,233.80000000001914,0.05000000000001137,243.84039916992188,185.58314514160156,904.2107543945312,-0.7423158574383706
5976,233.85000000001915,0.05000000000001137,244.1607879638672,187.66824340820312,904.3971557617188,-0.742315819254145
5977,233.85000000001915,0.05000000000001137,244.1607879638672,189.7214813232422,904.5804443359375,-0.7423157811863348
5978,233.90000000001916,0.05000000000001137,244.48043518066407,191.79025268554688,904.765625,-0.7423157430021092
5979,233.95000000001917,0.05000000000001137,244.7993408203125,193.89498901367188,904.9530029296875,-0.7423157430021092
5980,233.95000000001917,0.05000000000001137,244.7993408203125,195.96109008789062,905.1376953125,-0.7423157048178837
5981,234.00000000001918,0.05000000000001137,245.1174774169922,198.01527404785156,905.320556640625,-0.7423156667500734
5982,234.00000000001918,0.05000000000001137,245.1174774169922,200.11485290527344,905.5079345703125,-0.7423156667500734
5983,234.0500000000192,0.05000000000001137,245.43487243652345,202.16903686523438,905.6912231445312,-0.7423156285658479
5984,234.1000000000192,0.05000000000001137,245.75158081054687,204.2289581298828,905.8754272460938,-0.7423156285658479
5985,234.1000000000192,0.05000000000001137,245.75158081054687,206.29896545410156,906.0601196289062,-0.7423155903816223
5986,234.15000000001922,0.05000000000001137,246.06743774414062,208.37692260742188,906.2457885742188,-0.7423155903816223
5987,234.15000000001922,0.05000000000001137,246.06743774414062,210.42477416992188,906.4281005859375,-0.7423155523138121
5988,234.20000000001923,0.05000000000001137,246.28414306640624,212.47146606445312,906.6109008789062,-0.7423155523138121
5989,234.20000000001923,0.05000000000001137,246.28414306640624,214.60096740722656,906.72412109375,-0.7423033070517704
5990,234.25000000001924,0.05000000000001137,245.9955596923828,216.66427612304688,906.814208984375,-0.7423145604552701
5991,234.25000000001924,0.05000000000001137,245.9955596923828,218.69488525390625,906.905029296875,-0.7423160100588575
5992,234.30000000001925,0.05000000000001137,244.94644775390626,220.74569702148438,906.9963989257812,-0.7423162007471547
5993,234.30000000001925,0.05000000000001137,244.94644775390626,222.7841796875,907.09912109375,-0.7423079609870911
5994,234.40000000001928,0.10000000000002274,241.10106811523437,224.8072052001953,907.3267211914062,-0.7423109746305272
5995,234.40000000001928,0.10000000000002274,241.10106811523437,226.85801696777344,907.53076171875,-0.7423159718746319
5996,234.4500000000193,0.05000000000001137,238.6443328857422,228.88645935058594,907.7318725585938,-0.7423167729284614
5997,234.5000000000193,0.05000000000001137,235.9498260498047,230.90478515625,907.9320068359375,-0.7423167729284614
5998,234.5000000000193,0.05000000000001137,235.9498260498047,232.9270782470703,908.1321411132812,-0.7423167729284614
5999,234.5500000000193,0.05000000000001137,233.07390747070312,234.9722442626953,908.334716796875,-0.7423166966764256
6000,234.5500000000193,0.05000000000001137,233.07390747070312,237.0029296875,908.5358276367188,-0.7423166204243898
6001,234.60000000001932,0.05000000000001137,230.0584899902344,239.03378295898438,908.7378540039062,-0.7423165440559387
6002,234.65000000001933,0.05000000000001137,226.93509063720703,241.09353637695312,908.9423217773438,-0.7423164678039029
6003,234.65000000001933,0.05000000000001137,226.93509063720703,243.1121826171875,909.1424560546875,-0.7423164296196774
6004,234.70000000001934,0.05000000000001137,223.72792053222656,245.1516571044922,909.344482421875,-0.7423163533676416
6005,234.70000000001934,0.05000000000001137,223.72792053222656,247.22909545898438,909.5241088867188,-0.7423025441821665
6006,234.75000000001936,0.05000000000001137,220.4556427001953,249.25840759277344,909.6548461914062,-0.7423141027102247
6007,234.75000000001936,0.05000000000001137,220.4556427001953,251.3125457763672,909.7962036132812,-0.7423162771156058
6008,234.80000000001937,0.05000000000001137,217.1328140258789,253.35560607910156,909.9359130859375,-0.7423165059881285
6009,234.85000000001938,0.05000000000001137,213.77106628417968,255.4447784423828,910.0792236328125,-0.7423165059881285
6010,234.85000000001938,0.05000000000001137,213.77106628417968,257.47869873046875,910.2188720703125,-0.7423164678039029
6011,234.9000000000194,0.05000000000001137,210.38304748535157,259.53973388671875,910.3604736328125,-0.7423164678039029
6012,234.9500000000194,0.05000000000001137,206.98827209472657,261.6141357421875,910.5031127929688,-0.7423163915518671
6013,235.0000000000194,0.05000000000001137,203.60659790039062,263.6501770019531,910.6432495117188,-0.742316315183416
6014,235.0000000000194,0.05000000000001137,203.60659790039062,265.69793701171875,910.7942504882812,-0.7423159336904064
6015,235.05000000001942,0.05000000000001137,200.31726379394533,267.78594970703125,910.9456787109375,-0.7423162389313802
6016,235.10000000001943,0.05000000000001137,197.3107452392578,269.8420104980469,911.140869140625,-0.7423065877519548
6017,235.15000000001945,0.05000000000001137,194.61161041259766,271.8592224121094,911.3466186523438,-0.7423151326365769
6018,235.20000000001946,0.05000000000001137,192.11175384521485,273.8828430175781,911.5508422851562,-0.7423163915518671
6019,235.20000000001946,0.05000000000001137,192.11175384521485,275.9330749511719,911.7582397460938,-0.7423165440559387
6020,235.25000000001947,0.05000000000001137,189.88310852050782,277.9701843261719,911.9645385742188,-0.7423164678039029
6021,235.30000000001948,0.05000000000001137,187.99281463623046,280.00048828125,912.1693725585938,-0.7423164678039029
6022,235.3500000000195,0.05000000000001137,186.4276885986328,282.0760803222656,912.3792114257812,-0.7423163915518671
6023,235.3500000000195,0.05000000000001137,186.4276885986328,284.1090087890625,912.5840454101562,-0.742316315183416
6024,235.4000000000195,0.05000000000001137,185.15621337890624,286.1311950683594,912.789794921875,-0.7423162771156058
6025,235.45000000001951,0.05000000000001137,184.1012924194336,288.1921081542969,912.9985961914062,-0.7423162007471547
6026,235.50000000001953,0.05000000000001137,183.13617095947265,290.2184143066406,913.204345703125,-0.7423161626793444
6027,235.55000000001954,0.05000000000001137,181.89441375732423,292.23944091796875,913.4135131835938,-0.7423136067809537
6028,235.55000000001954,0.05000000000001137,181.89441375732423,294.2854309082031,913.6978759765625,-0.7423130726674572
6029,235.60000000001955,0.05000000000001137,180.14136657714843,296.32049560546875,913.963623046875,-0.7423159336904064
6030,235.65000000001956,0.05000000000001137,177.9402282714844,298.34033203125,914.2282104492188,-0.7423160100588575
6031,235.70000000001957,0.05000000000001137,175.47938690185546,300.35986328125,914.5670776367188,-0.7423126531066373
6032,235.75000000001958,0.05000000000001137,172.8100112915039,302.39361572265625,914.893310546875,-0.7423163915518671
6033,235.8000000000196,0.05000000000001137,169.97588195800782,304.4005126953125,915.2149047851562,-0.7423167348606512
6034,235.8500000000196,0.05000000000001137,167.0101776123047,306.41229248046875,915.5369873046875,-0.7423167348606512
6035,235.8500000000196,0.05000000000001137,167.0101776123047,308.4471435546875,915.8638305664062,-0.7423166584922001
6036,235.90000000001962,0.05000000000001137,163.93650512695314,310.4346618652344,916.2388916015625,-0.7423097538994625
6037,235.95000000001963,0.05000000000001137,160.7565124511719,312.4259948730469,916.6160888671875,-0.7423159336904064
6038,236.00000000001964,0.05000000000001137,157.49431457519532,314.45330810546875,916.9998168945312,-0.7423167729284614
6039,236.05000000001965,0.05000000000001137,154.21751861572267,316.4488220214844,917.376708984375,-0.7423168873647228
6040,236.10000000001966,0.05000000000001137,150.89891967773437,318.43701171875,917.7531127929688,-0.7423168492969126
6041,236.15000000001967,0.05000000000001137,147.63628234863282,320.4090270996094,918.1710815429688,-0.7423077321145684
6042,236.20000000001968,0.05000000000001137,144.6063217163086,322.3974609375,918.60546875,-0.7423158574383706
6043,236.3000000000197,0.10000000000002274,139.3758544921875,324.38427734375,919.038330078125,-0.7423164296196774
6044,236.35000000001972,0.05000000000001137,137.13721160888673,326.32696533203125,919.53515625,-0.7423130345996469
6045,236.40000000001973,0.05000000000001137,135.1258071899414,328.265380859375,920.089599609375,-0.7423048330238089
6046,236.45000000001974,0.05000000000001137,133.31384582519533,330.2064514160156,920.68505859375,-0.7423124242341146
6047,236.50000000001975,0.05000000000001137,131.6769241333008,332.12152099609375,921.335205078125,-0.7423030781792477
6048,236.55000000001976,0.05000000000001137,130.19523925781252,334.0133972167969,922.1041259765625,-0.7423039937857538
6049,236.60000000001978,0.05000000000001137,128.866374206543,335.8881530761719,923.1626586914062,-0.7422999502159655
6050,236.6500000000198,0.05000000000001137,127.76466522216798,337.70257568359375,924.3040161132812,-0.7423073125537485
6051,236.7500000000198,0.10000000000002274,125.85197296142579,339.39117431640625,925.3854370117188,-0.742309448774904
6052,236.80000000001982,0.05000000000001137,125.03529052734375,341.1343688964844,926.63232421875,-0.7423093343386427
6053,236.80000000001982,0.05000000000001137,125.03529052734375,342.74029541015625,928.0257568359375,-0.7423048330238089
6054,236.85000000001983,0.05000000000001137,124.30685577392579,344.21875,929.5775756835938,-0.7423113561235368
6055,236.90000000001984,0.05000000000001137,123.6828598022461,345.6282653808594,931.1237182617188,-0.7423108601942658
6056,237.00000000001987,0.10000000000002274,122.7615737915039,346.9608154296875,932.741943359375,-0.7422999502159655
6057,237.05000000001988,0.05000000000001137,122.4630340576172,348.2108154296875,934.452392578125,-0.7423052144004032
6058,237.1000000000199,0.05000000000001137,122.27448120117188,349.3708801269531,936.1747436523438,-0.7422987294849008
6059,237.1500000000199,0.05000000000001137,122.19412994384766,350.2872619628906,938.0270385742188,-0.7423114705597982
6060,237.2000000000199,0.05000000000001137,122.21976928710937,351.1484375,939.9030151367188,-0.7423100591404364
6061,237.25000000001992,0.05000000000001137,122.33471374511718,351.9280090332031,941.8198852539062,-0.7423054432729259
6062,237.35000000001995,0.10000000000002274,122.85045318603515,352.60736083984375,943.7799072265625,-0.7423082280438393
6063,237.40000000001996,0.05000000000001137,123.24548034667968,353.03924560546875,945.7901611328125,-0.7423109364463016
6064,237.45000000001997,0.05000000000001137,123.71532440185547,353.5901794433594,948.256591796875,0.0
6065,237.55000000002,0.10000000000002274,124.81453399658203,353.8815612792969,950.2350463867188,0.0
6066,237.60000000002,0.05000000000001137,125.42669219970703,354.2611389160156,952.1985473632812,0.0
6067,237.65000000002001,0.05000000000001137,126.05081176757812,354.7281494140625,954.14306640625,0.0
6068,237.75000000002004,0.10000000000002274,127.22663726806641,355.28167724609375,956.0647583007812,0.0
6069,237.80000000002005,0.05000000000001137,127.73914947509766,355.9206237792969,957.9597778320312,0.0
6070,237.85000000002006,0.05000000000001137,128.18762512207033,356.6436767578125,959.8243408203125,0.0
6071,237.90000000002007,0.05000000000001137,128.56734008789064,357.44940185546875,961.6546630859375,0.0
6072,237.95000000002008,0.05000000000001137,128.8765640258789,358.3362121582031,963.4471435546875,0.0
6073,237.95000000002008,0.05000000000001137,128.8765640258789,359.3022766113281,965.1981811523438,0.0
6074,238.0000000000201,0.05000000000001137,129.12466278076172,360.345703125,966.9041748046875,0.0
6075,238.0500000000201,0.05000000000001137,129.30135040283204,361.46441650390625,968.5618286132812,0.0
6076,238.10000000002012,0.05000000000001137,129.4174758911133,362.6561279296875,970.1678466796875,0.0
6077,238.15000000002013,0.05000000000001137,129.48046875,363.91851806640625,971.7188720703125,0.0
6078,238.25000000002015,0.10000000000002274,129.479150390625,365.2489929199219,973.2119140625,0.0
6079,238.30000000002016,0.05000000000001137,129.43233489990234,366.6449279785156,974.6439208984375,0.0
6080,238.35000000002017,0.05000000000001137,129.3676254272461,368.103515625,976.0120849609375,0.0
6081,238.40000000002019,0.05000000000001137,129.29295959472657,369.621826171875,977.3136596679688,0.0
6082,238.4500000000202,0.05000000000001137,129.2168930053711,371.19683837890625,978.5459594726562,0.0
6083,238.5000000000202,0.05000000000001137,129.14656677246094,372.8254089355469,979.7066040039062,0.0
6084,238.55000000002022,0.05000000000001137,129.09219818115236,374.5042724609375,980.7932739257812,0.0
6085,238.65000000002024,0.10000000000002274,129.06363372802736,376.23004150390625,981.8037109375,0.0
6086,238.70000000002025,0.05000000000001137,129.10729064941407,377.9992980957031,982.7359619140625,0.0
6087,238.75000000002026,0.05000000000001137,129.19632110595703,379.8084716796875,983.5881958007812,0.0
6088,238.80000000002028,0.05000000000001137,129.33502349853515,381.6539306640625,984.3585815429688,0.0
6089,238.9000000000203,0.10000000000002274,129.76690979003908,383.52581787109375,985.0628051757812,0.0
6090,238.9500000000203,0.05000000000001137,130.05970916748046,385.3998107910156,985.7615356445312,0.0
6091,239.00000000002032,0.05000000000001137,130.3915237426758,387.2738037109375,986.460205078125,0.0
6092,239.05000000002033,0.05000000000001137,130.772900390625,389.1477966308594,987.1588745117188,0.0
6093,239.10000000002034,0.05000000000001137,131.1957778930664,391.02178955078125,987.8576049804688,0.0
6094,239.15000000002036,0.05000000000001137,131.65367431640627,392.8957824707031,988.5562744140625,0.0
6095,239.20000000002037,0.05000000000001137,132.14028625488282,394.769775390625,989.2549438476562,0.0
6096,239.25000000002038,0.05000000000001137,132.64962615966797,396.6437683105469,989.9536743164062,0.0
6097,239.3000000000204,0.05000000000001137,133.1763931274414,398.5177307128906,990.65234375,0.0
6098,239.4000000000204,0.10000000000002274,134.26428680419923,400.3917236328125,991.3510131835938,0.0
6099,239.45000000002042,0.05000000000001137,134.81864318847656,402.2657165527344,992.0497436523438,0.0
6100,239.50000000002044,0.05000000000001137,135.37657012939454,404.13970947265625,992.7484130859375,0.0
6101,239.55000000002045,0.05000000000001137,135.93629608154296,406.0137023925781,993.4470825195312,0.0
6102,239.60000000002046,0.05000000000001137,136.4965576171875,407.8876953125,994.145751953125,0.0
6103,239.65000000002047,0.05000000000001137,137.05647583007814,409.7616882324219,994.844482421875,0.0
6104,239.70000000002048,0.05000000000001137,137.615185546875,411.63568115234375,995.5431518554688,0.0
6105,239.7500000000205,0.05000000000001137,138.17283782958984,413.5096435546875,996.2418212890625,0.0
6106,239.8000000000205,0.05000000000001137,138.72900695800783,415.3836364746094,996.9405517578125,0.0
6107,239.85000000002051,0.05000000000001137,139.28363800048828,417.25762939453125,997.6392211914062,0.0
6108,239.90000000002053,0.05000000000001137,139.83663482666017,419.13214111328125,998.3365478515625,0.0
6109,239.95000000002054,0.05000000000001137,140.38805236816407,421.00885009765625,999.0278930664062,0.0
6110,240.00000000002055,0.05000000000001137,140.93794555664064,422.8858642578125,999.7183837890625,0.0
6111,240.05000000002056,0.05000000000001137,141.48628692626954,424.7629089355469,1000.4088134765625,0.0
6112,240.10000000002057,0.05000000000001137,142.03306274414064,426.63995361328125,1001.0993041992188,0.0
6113,240.15000000002058,0.05000000000001137,142.57831420898438,428.5169677734375,1001.789794921875,0.0
6114,240.2000000000206,0.05000000000001137,143.12205505371094,430.3940124511719,1002.480224609375,0.0
6115,240.2500000000206,0.05000000000001137,143.66421661376953,432.27105712890625,1003.1707153320312,0.0
6116,240.30000000002062,0.05000000000001137,144.2048538208008,434.1480712890625,1003.8611450195312,0.0
6117,240.35000000002063,0.05000000000001137,144.7439392089844,436.0251159667969,1004.5516357421875,0.0
6118,240.40000000002064,0.05000000000001137,145.28148651123047,437.90216064453125,1005.2420654296875,0.0
6119,240.45000000002065,0.05000000000001137,145.81753692626953,439.7791748046875,1005.9325561523438,0.0
6120,240.50000000002066,0.05000000000001137,146.35209045410156,441.6562194824219,1006.6229858398438,0.0
6121,240.55000000002067,0.05000000000001137,146.88521575927734,443.53326416015625,1007.3134765625,0.0
6122,240.60000000002069,0.05000000000001137,147.41699523925783,445.4102783203125,1008.0039672851562,0.0
6123,240.6500000000207,0.05000000000001137,147.947428894043,447.2873229980469,1008.6943969726562,0.0
6124,240.7000000000207,0.05000000000001137,148.47657165527343,449.16436767578125,1009.3848876953125,0.0
6125,240.7000000000207,0.05000000000001137,148.47657165527343,451.0413818359375,1010.0753173828125,0.0
6126,240.75000000002072,0.05000000000001137,149.00450592041017,452.9184265136719,1010.7658081054688,0.0
6127,240.80000000002073,0.05000000000001137,149.53128662109376,454.79547119140625,1011.4562377929688,0.0
6128,240.85000000002074,0.05000000000001137,150.0569274902344,456.6724853515625,1012.146728515625,0.0
6129,240.90000000002075,0.05000000000001137,150.58146972656252,458.5495300292969,1012.837158203125,0.0
6130,240.95000000002076,0.05000000000001137,151.10492706298828,460.42657470703125,1013.5276489257812,0.0
6131,241.00000000002078,0.05000000000001137,151.62731323242187,462.3035888671875,1014.2181396484375,0.0
6132,241.0500000000208,0.05000000000001137,152.14866943359377,464.1806335449219,1014.9085693359375,0.0
6133,241.1000000000208,0.05000000000001137,152.6689682006836,466.05767822265625,1015.5990600585938,0.0
6134,241.1500000000208,0.05000000000001137,153.1882095336914,467.9347229003906,1016.2894897460938,0.0
6135,241.20000000002082,0.05000000000001137,153.70637969970704,469.8117370605469,1016.97998046875,0.0
6136,241.25000000002083,0.05000000000001137,154.2235061645508,471.68878173828125,1017.67041015625,0.0
6137,241.30000000002084,0.05000000000001137,154.7395751953125,473.5658264160156,1018.3609008789062,0.0
6138,241.35000000002086,0.05000000000001137,155.25457305908205,475.4428405761719,1019.0513916015625,0.0
6139,241.40000000002087,0.05000000000001137,155.76851348876954,477.31988525390625,1019.7418212890625,0.0
6140,241.45000000002088,0.05000000000001137,156.281396484375,479.1969299316406,1020.432373046875,0.0
6141,241.5000000000209,0.05000000000001137,156.79319458007814,481.0739440917969,1021.122802734375,0.0
6142,241.5500000000209,0.05000000000001137,157.30394897460937,482.95098876953125,1021.813232421875,0.0
6143,241.5500000000209,0.05000000000001137,157.30394897460937,484.8280334472656,1022.503662109375,0.0
6144,241.6000000000209,0.05000000000001137,157.8136184692383,486.7050476074219,1023.1942138671875,0.0
6145,241.65000000002092,0.05000000000001137,158.322216796875,488.58209228515625,1023.8846435546875,0.0
6146,241.70000000002094,0.05000000000001137,158.82977142333985,490.4591369628906,1024.5750732421875,0.0
6147,241.75000000002095,0.05000000000001137,159.33621368408203,492.3361511230469,1025.2655029296875,0.0
6148,241.80000000002096,0.05000000000001137,159.8416534423828,494.21319580078125,1025.9560546875,0.0
6149,241.85000000002097,0.05000000000001137,160.3459945678711,496.0902404785156,1026.646484375,0.0
6150,241.90000000002098,0.05000000000001137,160.84934692382814,497.96728515625,1027.3369140625,0.0
6151,241.950000000021,0.05000000000001137,161.35160064697266,499.84429931640625,1028.02734375,0.0
6152,242.000000000021,0.05000000000001137,161.85283813476562,501.7213439941406,1028.7178955078125,0.0
6153,242.05000000002102,0.05000000000001137,162.35301818847657,503.598388671875,1029.4083251953125,0.0
6154,242.10000000002103,0.05000000000001137,162.85215454101564,505.47540283203125,1030.0987548828125,0.0
6155,242.10000000002103,0.05000000000001137,162.85215454101564,507.3524475097656,1030.789306640625,0.0
6156,242.15000000002104,0.05000000000001137,163.350260925293,509.2294921875,1031.479736328125,0.0
6157,242.20000000002105,0.05000000000001137,163.8473373413086,511.10650634765625,1032.170166015625,0.0
6158,242.25000000002106,0.05000000000001137,164.3433563232422,512.9835205078125,1032.860595703125,0.0
6159,242.30000000002107,0.05000000000001137,164.8383041381836,514.860595703125,1033.5511474609375,0.0
6160,242.35000000002108,0.05000000000001137,165.3322494506836,516.7376098632812,1034.2415771484375,0.0
6161,242.4000000000211,0.05000000000001137,165.82513732910158,518.6146240234375,1034.9320068359375,0.0
6162,242.4500000000211,0.05000000000001137,166.31700897216797,520.49169921875,1035.6224365234375,0.0
6163,242.4500000000211,0.05000000000001137,166.31700897216797,522.3687133789062,1036.31298828125,0.0
6164,242.50000000002112,0.05000000000001137,166.80775451660156,524.2457275390625,1037.00341796875,0.0
6165,242.55000000002113,0.05000000000001137,167.29745635986328,526.122802734375,1037.69384765625,0.0
6166,242.60000000002114,0.05000000000001137,167.78610076904297,527.9998168945312,1038.3843994140625,0.0
6167,242.65000000002115,0.05000000000001137,168.27367401123047,529.8768310546875,1039.0748291015625,0.0
6168,242.70000000002116,0.05000000000001137,168.76014862060546,531.75390625,1039.7652587890625,0.0
6169,242.70000000002116,0.05000000000001137,168.76014862060546,533.6309204101562,1040.4556884765625,0.0
6170,242.75000000002117,0.05000000000001137,169.24555206298828,535.5079345703125,1041.146240234375,0.0
6171,242.80000000002119,0.05000000000001137,169.72987060546876,537.385009765625,1041.836669921875,0.0
6172,242.8500000000212,0.05000000000001137,170.21317291259766,539.2620239257812,1042.527099609375,0.0
6173,242.9000000000212,0.05000000000001137,170.69536285400392,541.1390380859375,1043.2176513671875,0.0
6174,242.95000000002122,0.05000000000001137,171.17644042968752,543.01611328125,1043.9080810546875,0.0
6175,242.95000000002122,0.05000000000001137,171.17644042968752,544.8931274414062,1044.5985107421875,0.0
6176,243.00000000002123,0.05000000000001137,171.65646057128907,546.7701416015625,1045.2889404296875,0.0
6177,243.05000000002124,0.05000000000001137,172.1353958129883,548.647216796875,1045.9794921875,0.0
6178,243.10000000002125,0.05000000000001137,172.61324615478517,550.5242309570312,1046.669921875,0.0
6179,243.15000000002127,0.05000000000001137,173.08992919921874,552.4012451171875,1047.3603515625,0.0
6180,243.20000000002128,0.05000000000001137,173.56545867919922,554.2783203125,1048.05078125,0.0
6181,243.20000000002128,0.05000000000001137,173.56545867919922,556.1553344726562,1048.7413330078125,0.0
6182,243.2500000000213,0.05000000000001137,174.03980712890626,558.0323486328125,1049.4317626953125,0.0
6183,243.3000000000213,0.05000000000001137,174.5127685546875,559.909423828125,1050.1221923828125,0.0
6184,243.3500000000213,0.05000000000001137,174.9844528198242,561.7864379882812,1050.812744140625,0.0
6185,243.40000000002132,0.05000000000001137,175.45476379394532,563.6634521484375,1051.503173828125,0.0
6186,243.40000000002132,0.05000000000001137,175.45476379394532,565.54052734375,1052.193603515625,0.0
6187,243.45000000002133,0.05000000000001137,175.92359161376953,567.4175415039062,1052.884033203125,0.0
6188,243.50000000002134,0.05000000000001137,176.3908676147461,569.2945556640625,1053.5745849609375,0.0
6189,243.55000000002136,0.05000000000001137,176.85655059814454,571.171630859375,1054.2650146484375,0.0
6190,243.60000000002137,0.05000000000001137,177.3198989868164,573.0486450195312,1054.9554443359375,0.0
6191,243.60000000002137,0.05000000000001137,177.3198989868164,574.9256591796875,1055.64599609375,0.0
6192,243.65000000002138,0.05000000000001137,177.78137969970703,576.802734375,1056.33642578125,0.0
6193,243.7000000000214,0.05000000000001137,178.2407455444336,578.6797485351562,1057.02685546875,0.0
6194,243.7500000000214,0.05000000000001137,178.69785919189454,580.5567626953125,1057.71728515625,0.0
6195,243.8000000000214,0.05000000000001137,179.15251464843752,582.4338989257812,1058.4075927734375,0.0
6196,243.8000000000214,0.05000000000001137,179.15251464843752,584.3129272460938,1059.0926513671875,0.0
6197,243.85000000002142,0.05000000000001137,179.6040252685547,586.1946411132812,1059.770263671875,0.0
6198,243.90000000002144,0.05000000000001137,180.05155334472656,588.0791015625,1060.440185546875,0.0
6199,243.95000000002145,0.05000000000001137,180.49279174804687,589.9661865234375,1061.1026611328125,0.0
6200,244.00000000002146,0.05000000000001137,180.93034973144532,591.85595703125,1061.757568359375,0.0
6201,244.05000000002147,0.05000000000001137,181.3633758544922,593.748291015625,1062.40478515625,0.0
6202,244.05000000002147,0.05000000000001137,181.3633758544922,595.6431884765625,1063.0445556640625,0.0
6203,244.10000000002148,0.05000000000001137,181.7913070678711,597.5406494140625,1063.6767578125,0.0
6204,244.1500000000215,0.05000000000001137,182.21146545410156,599.440673828125,1064.30126953125,0.0
6205,244.2000000000215,0.05000000000001137,182.6254852294922,601.3430786132812,1064.9183349609375,0.0
6206,244.25000000002152,0.05000000000001137,183.03296813964843,603.248046875,1065.527587890625,0.0
6207,244.25000000002152,0.05000000000001137,183.03296813964843,605.1553344726562,1066.12939453125,0.0
6208,244.30000000002153,0.05000000000001137,183.4336669921875,607.0650634765625,1066.7235107421875,0.0
6209,244.35000000002154,0.05000000000001137,183.82364044189453,608.9771728515625,1067.3099365234375,0.0
6210,244.40000000002155,0.05000000000001137,184.20628051757814,610.8916015625,1067.888671875,0.0
6211,244.40000000002155,0.05000000000001137,184.20628051757814,612.8082885742188,1068.4598388671875,0.0
6212,244.45000000002156,0.05000000000001137,184.58109283447266,614.727294921875,1069.0233154296875,0.0
6213,244.50000000002157,0.05000000000001137,184.94774780273437,616.6484985351562,1069.5791015625,0.0
6214,244.55000000002158,0.05000000000001137,185.30425415039062,618.5718994140625,1070.127197265625,0.0
6215,244.6000000000216,0.05000000000001137,185.64862060546875,620.49755859375,1070.6676025390625,0.0
6216,244.6000000000216,0.05000000000001137,185.64862060546875,622.42529296875,1071.2003173828125,0.0
6217,244.6500000000216,0.05000000000001137,185.98430786132812,624.3551635742188,1071.7252197265625,0.0
6218,244.70000000002162,0.05000000000001137,186.31106872558595,626.287109375,1072.242431640625,0.0
6219,244.75000000002163,0.05000000000001137,186.62678833007814,628.2211303710938,1072.751953125,0.0
6220,244.75000000002163,0.05000000000001137,186.62678833007814,630.1571655273438,1073.2537841796875,0.0
6221,244.80000000002164,0.05000000000001137,186.92876129150392,632.0951538085938,1073.747802734375,0.0
6222,244.85000000002165,0.05000000000001137,187.22005004882814,634.03515625,1074.234130859375,0.0
6223,244.90000000002166,0.05000000000001137,187.4995559692383,635.97705078125,1074.712646484375,0.0
6224,244.95000000002167,0.05000000000001137,187.75476837158203,637.9208984375,1075.183349609375,0.0
6225,244.95000000002167,0.05000000000001137,187.75476837158203,639.8665771484375,1075.646240234375,0.0
6226,245.00000000002169,0.05000000000001137,187.9939956665039,641.8140869140625,1076.1014404296875,0.0
6227,245.0500000000217,0.05000000000001137,188.21449127197266,643.7633666992188,1076.548828125,0.0
6228,245.1000000000217,0.05000000000001137,188.39814147949218,645.7144775390625,1076.9884033203125,0.0
6229,245.1000000000217,0.05000000000001137,188.39814147949218,647.6672973632812,1077.420166015625,0.0
6230,245.15000000002172,0.05000000000001137,188.55545196533203,649.6217651367188,1077.8447265625,0.0
6231,245.20000000002173,0.05000000000001137,188.63392181396486,651.5765380859375,1078.267578125,0.0
6232,245.25000000002174,0.05000000000001137,188.47271118164062,653.533203125,1078.6815185546875,0.0
6233,245.30000000002175,0.05000000000001137,187.79322052001953,655.50146484375,1079.035888671875,0.0
6234,245.35000000002177,0.05000000000001137,186.3983139038086,657.6668090820312,1079.166015625,-0.7423182989004999
6235,245.40000000002178,0.05000000000001137,184.43557891845703,659.6688232421875,1079.5289306640625,-0.7423181080957875
6236,245.4500000000218,0.05000000000001137,182.0680389404297,661.8072509765625,1079.91650390625,-0.7423179936595261
6237,245.4500000000218,0.05000000000001137,182.0680389404297,663.9493408203125,1080.1993408203125,-0.7423068548087031
6238,245.5000000000218,0.05000000000001137,179.47288970947267,666.109130859375,1080.414794921875,-0.742303345235996
6239,245.5500000000218,0.05000000000001137,176.97891082763672,668.242431640625,1080.5736083984375,-0.7423024678137153
6240,245.60000000002182,0.05000000000001137,174.65408020019532,670.3635864257812,1080.6585693359375,-0.7423162389313802
6241,245.65000000002183,0.05000000000001137,172.49485473632814,672.40185546875,1080.6839599609375,-0.7423128437949345
6242,245.70000000002184,0.05000000000001137,170.52971649169922,674.5316162109375,1080.6422119140625,-0.7423089910298586
6243,245.70000000002184,0.05000000000001137,170.52971649169922,676.6309204101562,1080.5,-0.742306282510981
6244,245.75000000002186,0.05000000000001137,168.73012847900392,678.7628784179688,1080.2989501953125,-0.7423016285756603
6245,245.80000000002187,0.05000000000001137,167.0606872558594,680.8408203125,1080.035888671875,-0.7423107075737789
6246,245.80000000002187,0.05000000000001137,167.0606872558594,682.8848876953125,1079.6641845703125,-0.7423163533676416
6247,245.85000000002188,0.05000000000001137,165.50557250976564,684.9441528320312,1079.21435546875,-0.7423163915518671
6248,245.9000000000219,0.05000000000001137,164.04573669433594,686.9503173828125,1078.70947265625,-0.7423144078347832
6249,245.9500000000219,0.05000000000001137,162.65023956298828,688.9417114257812,1078.0906982421875,-0.7423139119055122
6250,246.0000000000219,0.05000000000001137,161.3173782348633,690.902099609375,1077.41748046875,-0.7423117756843567
6251,246.05000000002192,0.05000000000001137,160.03622131347657,692.8579711914062,1076.7139892578125,-0.742309448774904
6252,246.10000000002194,0.05000000000001137,158.7930633544922,694.7534790039062,1075.9326171875,-0.7423009038902819
6253,246.15000000002195,0.05000000000001137,157.6493865966797,696.6484375,1075.0543212890625,-0.7423009038902819
6254,246.15000000002195,0.05000000000001137,157.6493865966797,698.4599609375,1074.134765625,-0.7423201680649072
6255,246.20000000002196,0.05000000000001137,156.5373779296875,700.28076171875,1073.1539306640625,-0.7423190617701039
6256,246.25000000002197,0.05000000000001137,155.4562957763672,702.104736328125,1072.1549072265625,-0.742320244316943
6257,246.30000000002198,0.05000000000001137,154.40244598388674,703.907470703125,1071.126953125,-0.7423125004861504
6258,246.350000000022,0.05000000000001137,153.37825927734374,705.6593627929688,1070.0303955078125,-0.7423103261971846
6259,246.400000000022,0.05000000000001137,152.37938232421877,707.3565673828125,1068.843505859375,-0.7423095250269398
6260,246.45000000002202,0.05000000000001137,151.41338195800782,708.9691772460938,1067.5904541015625,-0.7423149037640542
6261,246.50000000002203,0.05000000000001137,150.48187866210938,710.5309448242188,1066.2861328125,-0.7423124624183401
6262,246.60000000002205,0.10000000000002274,148.73646697998046,712.048095703125,1064.8817138671875,-0.7423171163536608
6263,246.65000000002206,0.05000000000001137,147.92556610107422,713.4571533203125,1063.432373046875,-0.7423006749013439
6264,246.70000000002207,0.05000000000001137,147.15601501464843,714.8348999023438,1061.9320068359375,-0.7423215032322332
6265,246.75000000002208,0.05000000000001137,146.42887115478516,716.2431030273438,1060.427978515625,-0.7423239827621728
6266,246.8000000000221,0.05000000000001137,145.7493118286133,717.6368408203125,1058.8948974609375,-0.7423129582311958
6267,246.8500000000221,0.05000000000001137,145.1198913574219,718.9954223632812,1057.3594970703125,-0.7423222661018372
6268,246.90000000002212,0.05000000000001137,144.54315032958985,720.3859252929688,1055.7943115234375,-0.7423233723966405
6269,246.95000000002213,0.05000000000001137,144.0211898803711,721.7715454101562,1054.2342529296875,-0.7423228383995593
6270,247.00000000002214,0.05000000000001137,143.55697631835938,723.1630249023438,1052.6617431640625,-0.7423199391923845
6271,247.05000000002215,0.05000000000001137,143.15174560546876,724.4800415039062,1050.990234375,-0.7423043370945379
6272,247.10000000002216,0.05000000000001137,142.80709075927734,725.6632080078125,1049.2928466796875,-0.7422966313315555
6273,247.2000000000222,0.10000000000002274,142.3045211791992,726.6638793945312,1047.4781494140625,-0.7423155141295865
6274,247.2500000000222,0.05000000000001137,142.1496551513672,727.6619873046875,1045.634765625,-0.7423019720008597
6275,247.3000000000222,0.05000000000001137,142.058935546875,728.5922241210938,1043.7821044921875,-0.7423205876257271
6276,247.35000000002222,0.05000000000001137,142.03237609863282,729.541259765625,1041.9195556640625,-0.7423225331585854
6277,247.40000000002223,0.05000000000001137,142.069482421875,730.4794311523438,1040.025390625,-0.742306778440252
6278,247.45000000002224,0.05000000000001137,142.16912841796875,731.3046875,1038.1162109375,-0.7423191762063652
6279,247.50000000002225,0.05000000000001137,142.33009185791016,732.1298828125,1036.2003173828125,-0.7423199391923845
6280,247.55000000002227,0.05000000000001137,142.5490493774414,732.9694213867188,1034.256591796875,-0.7423218847252429
6281,247.60000000002228,0.05000000000001137,142.822705078125,733.7667846679688,1032.314453125,-0.7423111653188244
6282,247.6500000000223,0.05000000000001137,143.14688415527345,734.5419921875,1030.3682861328125,-0.7423200918128714
6283,247.7000000000223,0.05000000000001137,143.51690368652345,735.232421875,1028.3651123046875,-0.7423169255489483
6284,247.7500000000223,0.05000000000001137,143.92666625976562,735.8409423828125,1026.36962890625,-0.7423157430021092
6285,247.85000000002233,0.10000000000002274,144.84355773925782,736.3995361328125,1024.3211669921875,-0.7423116612480953
6286,247.90000000002235,0.05000000000001137,145.33887634277343,736.9556274414062,1022.2462768554688,-0.7423211599234492
6287,247.95000000002236,0.05000000000001137,145.85140228271484,737.50732421875,1020.1935424804688,-0.7423219991615042
6288,248.00000000002237,0.05000000000001137,146.3764389038086,738.061767578125,1018.1292114257812,-0.7423216557363048
6289,248.05000000002238,0.05000000000001137,146.90966033935547,738.5880126953125,1016.0263671875,-0.7423200154444203
6290,248.1000000000224,0.05000000000001137,147.4477294921875,739.048828125,1013.9462890625,-0.7423165440559387
6291,248.1500000000224,0.05000000000001137,147.98795471191406,739.4263916015625,1011.8434448242188,-0.7423139500897378
6292,248.2000000000224,0.05000000000001137,148.52848205566406,739.8131713867188,1009.7236328125,-0.7423205495579168
6293,248.25000000002242,0.05000000000001137,149.0678695678711,740.2349243164062,1007.6287841796875,-0.7423107075737789
6294,248.30000000002244,0.05000000000001137,149.60521087646484,740.6785888671875,1005.5433959960938,-0.7423201680649072
6295,248.35000000002245,0.05000000000001137,150.14002532958986,741.12646484375,1003.4244995117188,-0.7423208166146651
6296,248.40000000002246,0.05000000000001137,150.67207946777344,741.5186767578125,1001.322021484375,-0.7423128437949345
6297,248.45000000002247,0.05000000000001137,151.2012908935547,741.8797607421875,999.3385620117188,-0.742319748387672
6298,248.50000000002248,0.05000000000001137,151.72771453857422,742.2467651367188,997.3274536132812,-0.7423205113736913
6299,248.5500000000225,0.05000000000001137,152.25151519775392,742.6082153320312,995.3466186523438,-0.7423203206853941
6300,248.6000000000225,0.05000000000001137,152.77295379638673,742.9824829101562,993.374755859375,-0.7423151326365769
6301,248.65000000002252,0.05000000000001137,153.29212646484376,743.3729248046875,991.3908081054688,-0.7423192143905908
6302,248.70000000002253,0.05000000000001137,153.80923919677736,743.7640991210938,989.3895263671875,-0.7423196339514107
6303,248.75000000002254,0.05000000000001137,154.32463531494142,744.1550903320312,987.3921508789062,-0.7423195195151493
6304,248.80000000002255,0.05000000000001137,154.83843841552735,744.5455322265625,985.3910522460938,-0.7423192906426266
6305,248.85000000002256,0.05000000000001137,155.3507308959961,744.9406127929688,983.3677368164062,-0.742319138138555
6306,248.85000000002256,0.05000000000001137,155.3507308959961,745.338134765625,981.335205078125,-0.7423187947133556
6307,248.90000000002257,0.05000000000001137,155.86173248291016,745.72998046875,979.3298950195312,-0.7423185658408329
6308,248.95000000002258,0.05000000000001137,156.3715805053711,746.1295776367188,977.2844848632812,-0.7423184895887971
6309,249.0000000000226,0.05000000000001137,156.88028869628906,746.5233154296875,975.2726440429688,-0.7423182607162744
6310,249.0500000000226,0.05000000000001137,157.38778839111328,746.94921875,973.2760620117188,-0.7423164678039029
6311,249.10000000002262,0.05000000000001137,157.89427185058594,747.3781127929688,971.2308959960938,-0.742317802971229
6312,249.15000000002263,0.05000000000001137,158.3996566772461,747.7463989257812,969.223876953125,-0.7423021245049313
6313,249.20000000002264,0.05000000000001137,158.90387420654298,748.0814819335938,967.1878662109375,-0.7423159718746319
6314,249.25000000002265,0.05000000000001137,159.40699310302736,748.4231567382812,965.1488647460938,-0.7423181080957875
6315,249.30000000002266,0.05000000000001137,159.90904083251954,748.7644653320312,963.1107788085938,-0.7423182607162744
6316,249.35000000002267,0.05000000000001137,160.409619140625,749.1061401367188,961.072265625,-0.7423180700279772
6317,249.4000000000227,0.05000000000001137,160.9081787109375,749.3955078125,959.0240478515625,-0.7423021626891568
6318,249.4500000000227,0.05000000000001137,161.40544738769532,749.654296875,956.9144897460938,-0.7423162007471547
6319,249.5000000000227,0.05000000000001137,161.9014114379883,749.90966796875,954.8754272460938,-0.7423180700279772
6320,249.55000000002272,0.05000000000001137,162.39602966308595,750.1660766601562,952.8292236328125,-0.742318146280013
6321,249.60000000002273,0.05000000000001137,162.88934326171875,750.4258422851562,950.7594604492188,-0.7423179936595261
6322,249.65000000002274,0.05000000000001137,163.38143463134767,750.6841430664062,948.6983642578125,-0.7423177647870034
6323,249.70000000002275,0.05000000000001137,163.8723861694336,750.9423828125,946.6423950195312,-0.7423177266027778
6324,249.75000000002277,0.05000000000001137,164.3624450683594,751.1992797851562,944.593505859375,-0.7423175359144807
6325,249.80000000002278,0.05000000000001137,164.85174865722658,751.4561767578125,942.5478515625,-0.7423173832939938
6326,249.80000000002278,0.05000000000001137,164.85174865722658,751.7679443359375,940.518310546875,-0.7423106695059687
6327,249.8500000000228,0.05000000000001137,165.34039306640625,752.0833129882812,938.475341796875,-0.7423168492969126
6328,249.9000000000228,0.05000000000001137,165.82858428955078,752.3961791992188,936.44287109375,-0.7423174977302551
6329,249.9500000000228,0.05000000000001137,166.3164047241211,752.6439819335938,934.4044189453125,-0.7423118138685822
6330,250.00000000002282,0.05000000000001137,166.80388183593752,752.8971557617188,932.3667602539062,-0.7423171163536608
6331,250.05000000002283,0.05000000000001137,167.29100189208984,753.154296875,930.3036499023438,-0.7423176121665165
6332,250.10000000002285,0.05000000000001137,167.77776489257812,753.4074096679688,928.2691040039062,-0.7423176121665165
6333,250.15000000002286,0.05000000000001137,168.26410217285158,753.6610107421875,926.2272338867188,-0.7423174977302551
6334,250.15000000002286,0.05000000000001137,168.26410217285158,753.9169921875,924.1639404296875,-0.7423173832939938
6335,250.20000000002287,0.05000000000001137,168.74991760253906,754.170166015625,922.1267700195312,-0.7423171544214711
6336,250.25000000002288,0.05000000000001137,169.2351287841797,754.427001953125,920.0614624023438,-0.7423171544214711
6337,250.3000000000229,0.05000000000001137,169.7197494506836,754.6843872070312,917.990966796875,-0.7423169255489483
6338,250.3500000000229,0.05000000000001137,170.2034912109375,754.9398193359375,915.9341430664062,-0.7423169637331739
6339,250.4000000000229,0.05000000000001137,170.68639526367187,755.1957397460938,913.8809814453125,-0.7423168873647228
6340,250.4000000000229,0.05000000000001137,170.68639526367187,755.4555053710938,911.7857666015625,-0.7423167348606512
6341,250.45000000002292,0.05000000000001137,171.16839294433595,755.7114868164062,909.72607421875,-0.7423166966764256
6342,250.50000000002294,0.05000000000001137,171.64937438964844,755.97021484375,907.6415405273438,-0.7423166204243898
6343,250.55000000002295,0.05000000000001137,172.12938079833984,756.2266235351562,905.5753173828125,-0.7423165440559387
6344,250.60000000002296,0.05000000000001137,172.60838470458984,756.4866333007812,903.478271484375,-0.7423164678039029
6345,250.65000000002297,0.05000000000001137,173.0863998413086,756.7470703125,901.384033203125,-0.742316315183416
6346,250.70000000002298,0.05000000000001137,173.56330261230468,757.00537109375,899.3070068359375,-0.7423163533676416
6347,250.70000000002298,0.05000000000001137,173.56330261230468,757.267333984375,897.1970825195312,-0.7423162007471547
6348,250.750000000023,0.05000000000001137,174.0391616821289,757.525634765625,895.113525390625,-0.7423162389313802
6349,250.800000000023,0.05000000000001137,174.51397705078125,757.783447265625,893.0346069335938,-0.7423160482430831
6350,250.85000000002302,0.05000000000001137,174.98776245117188,758.0425415039062,890.9484252929688,-0.7423161626793444
6351,250.90000000002303,0.05000000000001137,175.46053161621094,758.2999267578125,888.8775024414062,-0.7423161244951189
6352,250.95000000002304,0.05000000000001137,175.9322708129883,758.5154418945312,886.81201171875,-0.7423047185875475
6353,251.00000000002305,0.05000000000001137,176.40300750732422,758.7112426757812,884.7130126953125,-0.7423148275120184
6354,251.05000000002306,0.05000000000001137,176.87276916503907,758.923095703125,882.629638671875,-0.7423110890667886
6355,251.10000000002307,0.05000000000001137,177.34145965576172,759.1497192382812,880.5576171875,-0.7423157048178837
6356,251.15000000002308,0.05000000000001137,177.80917510986328,759.3719482421875,878.4965209960938,-0.7423165059881285
6357,251.15000000002308,0.05000000000001137,177.80917510986328,759.5983276367188,876.4009399414062,-0.7423163915518671
6358,251.2000000000231,0.05000000000001137,178.27594299316408,759.820068359375,874.344970703125,-0.7423163533676416
6359,251.2500000000231,0.05000000000001137,178.74170837402343,760.0441284179688,872.2733154296875,-0.742316315183416
6360,251.30000000002312,0.05000000000001137,179.2064163208008,760.2662963867188,870.2098999023438,-0.7423162771156058
6361,251.35000000002313,0.05000000000001137,179.6701217651367,760.4927368164062,868.1192626953125,-0.7423162771156058
6362,251.40000000002314,0.05000000000001137,180.13283843994142,760.716796875,866.0520629882812,-0.7423162389313802
6363,251.40000000002314,0.05000000000001137,180.13283843994142,760.9423217773438,863.96435546875,-0.7423161626793444
6364,251.45000000002315,0.05000000000001137,180.59455261230468,761.1677856445312,861.871826171875,-0.7423161244951189
6365,251.50000000002316,0.05000000000001137,181.05526428222657,761.3909301757812,859.810302734375,-0.7423160482430831
6366,251.55000000002318,0.05000000000001137,181.5149871826172,761.6163940429688,857.7262573242188,-0.7423160100588575
6367,251.6000000000232,0.05000000000001137,181.97369384765625,761.8413696289062,855.6412353515625,-0.7423159718746319
6368,251.6500000000232,0.05000000000001137,182.4314392089844,762.0654296875,853.5679321289062,-0.7423159718746319
6369,251.6500000000232,0.05000000000001137,182.4314392089844,762.2880859375,851.50341796875,-0.7423158956225961
6370,251.7000000000232,0.05000000000001137,182.88814086914064,762.5121459960938,849.4232788085938,-0.7423158956225961
6371,251.75000000002322,0.05000000000001137,183.3438674926758,762.734375,847.3678588867188,-0.7423157811863348
6372,251.80000000002323,0.05000000000001137,183.79849548339845,762.9574584960938,845.3016357421875,-0.7423157811863348
6373,251.85000000002324,0.05000000000001137,184.25201110839845,763.1831665039062,843.20849609375,-0.7423157430021092
6374,251.90000000002325,0.05000000000001137,184.70430450439454,763.4072265625,841.1375732421875,-0.7423157430021092
6375,251.90000000002325,0.05000000000001137,184.70430450439454,763.6298828125,839.0712890625,-0.7423157048178837
6376,251.95000000002327,0.05000000000001137,185.15503234863283,763.8572387695312,836.9671020507812,-0.7423156667500734
6377,252.00000000002328,0.05000000000001137,185.60407104492188,764.082275390625,834.87646484375,-0.7423156285658479
6378,252.0500000000233,0.05000000000001137,186.05095367431642,764.3053588867188,832.807373046875,-0.7423156285658479
6379,252.0500000000233,0.05000000000001137,186.05095367431642,764.5280151367188,830.7425537109375,-0.7423155903816223
6380,252.1000000000233,0.05000000000001137,186.4952133178711,764.7777099609375,828.6817626953125,-0.7423124242341146
6381,252.1500000000233,0.05000000000001137,186.93619079589845,765.0321655273438,826.6013793945312,-0.7423154378775507
6382,252.20000000002332,0.05000000000001137,187.37351531982424,765.2838745117188,824.540771484375,-0.742315819254145
6383,252.20000000002332,0.05000000000001137,187.37351531982424,765.5407104492188,822.4385986328125,-0.7423158574383706
6384,252.25000000002333,0.05000000000001137,187.80599212646484,765.7942504882812,820.3526611328125,-0.742315819254145
6385,252.30000000002335,0.05000000000001137,188.23272857666015,766.0506591796875,818.2498168945312,-0.7423157811863348
6386,252.35000000002336,0.05000000000001137,188.65288696289062,766.3094482421875,816.1253662109375,-0.7423157048178837
6387,252.40000000002337,0.05000000000001137,189.01018981933595,766.564453125,814.0296020507812,-0.7423157048178837
6388,252.40000000002337,0.05000000000001137,189.01018981933595,766.8189697265625,811.9459838867188,-0.7423156667500734
6389,252.45000000002338,0.05000000000001137,189.13926544189454,767.0789794921875,809.818603515625,-0.7423156285658479
6390,252.5000000000234,0.05000000000001137,188.71690979003907,767.335693359375,807.7141723632812,-0.7423156285658479
6391,252.5500000000234,0.05000000000001137,187.54336395263672,767.5804443359375,805.6196899414062,-0.7423104787012562
6392,252.6000000000234,0.05000000000001137,185.8233856201172,767.8053588867188,803.5131225585938,-0.7423147893277928
6393,252.6000000000234,0.05000000000001137,185.8233856201172,768.0336303710938,801.4115600585938,-0.7423156667500734
6394,252.65000000002343,0.05000000000001137,183.71835021972657,768.261962890625,799.3143310546875,-0.7423157430021092
6395,252.70000000002344,0.05000000000001137,181.34412231445313,768.4946899414062,797.1687622070312,-0.7423157430021092
6396,252.75000000002345,0.05000000000001137,178.81990356445314,768.725830078125,795.0407104492188,-0.7423157048178837
6397,252.80000000002346,0.05000000000001137,176.18572540283205,768.9531860351562,792.9506225585938,-0.7423157048178837
6398,252.85000000002347,0.05000000000001137,173.55094299316406,769.1795654296875,790.857666015625,-0.7423156667500734
6399,252.90000000002348,0.05000000000001137,171.17733306884767,769.4074096679688,788.75390625,-0.7423156285658479
6400,252.90000000002348,0.05000000000001137,171.17733306884767,769.6292724609375,786.6708374023438,-0.7423128437949345
6401,252.9500000000235,0.05000000000001137,169.17073516845704,769.8209228515625,784.5796508789062,-0.7423145222710446
6402,253.0000000000235,0.05000000000001137,167.4903076171875,770.0220336914062,782.4585571289062,-0.7423156667500734
6403,253.05000000002352,0.05000000000001137,166.09883422851564,770.22216796875,780.36279296875,-0.7423157811863348
6404,253.10000000002353,0.05000000000001137,164.9520263671875,770.421875,778.2628173828125,-0.7423157430021092
6405,253.15000000002354,0.05000000000001137,164.01264038085938,770.62060546875,776.18505859375,-0.7423157430021092
6406,253.20000000002355,0.05000000000001137,163.1427978515625,770.8175048828125,774.116455078125,-0.7423157048178837
6407,253.25000000002356,0.05000000000001137,162.1800521850586,771.0143432617188,772.0446166992188,-0.7423156667500734
6408,253.30000000002357,0.05000000000001137,161.29216461181642,771.2096557617188,769.9835205078125,-0.7423153234412894
6409,253.35000000002358,0.05000000000001137,160.53902435302734,771.2975463867188,767.9135131835938,-0.7423071599332616
6410,253.4000000000236,0.05000000000001137,159.90025177001954,771.2691040039062,765.8651123046875,-0.7423092961544171
6411,253.4500000000236,0.05000000000001137,159.3539291381836,771.2639770507812,763.7862548828125,-0.7423161244951189
6412,253.50000000002362,0.05000000000001137,158.8717254638672,771.2587280273438,761.6884155273438,-0.7423169637331739
6413,253.55000000002363,0.05000000000001137,158.4398391723633,771.249267578125,759.6234130859375,-0.742314217146486
6414,253.60000000002364,0.05000000000001137,158.04089813232423,771.211181640625,757.5516357421875,-0.7423157430021092
6415,253.65000000002365,0.05000000000001137,157.66616821289062,771.0968017578125,755.4833374023438,-0.7422922826372087
6416,253.70000000002366,0.05000000000001137,157.30587158203124,770.8131713867188,753.44873046875,-0.7423113943077624
6417,253.75000000002368,0.05000000000001137,156.95252380371093,770.4473876953125,751.4130859375,-0.7423022771254182
6418,253.8000000000237,0.05000000000001137,156.5157211303711,770.0400390625,749.3793334960938,-0.7423063969472423
6419,253.8500000000237,0.05000000000001137,156.0732604980469,769.4944458007812,747.3814086914062,-0.7423036122927442
6420,253.8500000000237,0.05000000000001137,156.0732604980469,768.8312377929688,745.451171875,-0.7423125386703759
6421,253.9000000000237,0.05000000000001137,155.62265625,768.0853881835938,743.5703125,-0.7423017049441114
6422,253.95000000002372,0.05000000000001137,155.1595001220703,767.2445068359375,741.7239379882812,-0.7422949528554454
6423,253.95000000002372,0.05000000000001137,155.1595001220703,766.2857055664062,739.9307861328125,-0.7422969365725294
6424,254.00000000002373,0.05000000000001137,154.67916412353517,765.1336059570312,738.2741088867188,-0.7423094105906785
6425,254.05000000002374,0.05000000000001137,154.18336486816406,763.9116821289062,736.6513671875,-0.7422961735865101
6426,254.10000000002375,0.05000000000001137,153.67328338623048,762.6016235351562,735.1362915039062,-0.7423142553307116
6427,254.15000000002377,0.05000000000001137,153.1515838623047,761.2134399414062,733.685546875,-0.7423161244951189
6428,254.20000000002378,0.05000000000001137,152.6223587036133,759.7565307617188,732.30029296875,-0.7423132252879441
6429,254.2500000000238,0.05000000000001137,152.09060668945312,758.1156005859375,730.8775024414062,-0.742307617678307
6430,254.3000000000238,0.05000000000001137,151.56031036376953,756.4514770507812,729.4776611328125,-0.7423214268637821
6431,254.3500000000238,0.05000000000001137,151.04024505615234,754.8825073242188,728.1710205078125,-0.742313377908431
6432,254.40000000002382,0.05000000000001137,150.53795013427734,753.2809448242188,726.9573364257812,-0.7423191762063652
6433,254.50000000002385,0.10000000000002274,149.61471405029297,751.64453125,725.7698364257812,-0.7423171544214711
6434,254.55000000002386,0.05000000000001137,149.19064178466797,749.9868774414062,724.6240234375,-0.7423065877519548
6435,254.60000000002387,0.05000000000001137,148.8000228881836,748.292236328125,723.4955444335938,-0.7423203587532043
6436,254.65000000002388,0.05000000000001137,148.45271759033204,746.5691528320312,722.4483642578125,-0.742314369766973
6437,254.7000000000239,0.05000000000001137,148.15752868652345,744.8391723632812,721.3909301757812,-0.7423219991615042
6438,254.7500000000239,0.05000000000001137,147.92207794189454,743.1275634765625,720.34375,-0.7423224569065496
6439,254.8000000000239,0.05000000000001137,147.75266876220704,741.358642578125,719.3234252929688,-0.7423068548087031
6440,254.85000000002393,0.05000000000001137,147.6542175292969,739.55419921875,718.3248291015625,-0.7423199391923845
6441,254.90000000002394,0.05000000000001137,147.62991027832032,737.775390625,717.3352661132812,-0.7423216939205304
6442,254.95000000002395,0.05000000000001137,147.68113403320314,735.9932861328125,716.3433227539062,-0.7423216557363048
6443,255.00000000002393,0.04999999999998295,147.91852111816408,734.1543579101562,715.3193359375,-0.7423213124275208
6444,255.05000000002394,0.05000000000001137,148.23945922851564,732.3410034179688,714.3501586914062,-0.742308456916362
6445,255.10000000002395,0.05000000000001137,148.6354202270508,730.5183715820312,713.4105834960938,-0.7423190617701039
6446,255.15000000002397,0.05000000000001137,149.10323181152344,728.697509765625,712.4268798828125,-0.7423083806643263
6447,255.20000000002398,0.05000000000001137,149.63253936767578,726.8885498046875,711.4146118164062,-0.7423188328975812
6448,255.20000000002398,0.05000000000001137,149.63253936767578,725.1082153320312,710.423095703125,-0.7423205495579168
6449,255.250000000024,0.05000000000001137,150.20623168945312,723.308349609375,709.4202270507812,-0.7423205113736913
6450,255.300000000024,0.05000000000001137,150.80593414306642,721.4984741210938,708.4127807617188,-0.7423200918128714
6451,255.350000000024,0.05000000000001137,151.4114181518555,719.69873046875,707.4102783203125,-0.74231997737661
6452,255.40000000002402,0.05000000000001137,152.00565490722656,717.8887939453125,706.402587890625,-0.7423196339514107
6453,255.45000000002403,0.05000000000001137,152.58201141357424,716.0477905273438,705.378662109375,-0.7423193288268521
6454,255.50000000002404,0.05000000000001137,153.13903198242187,714.2102661132812,704.3553466796875,-0.7423191762063652
6455,255.55000000002406,0.05000000000001137,153.6803970336914,712.37841796875,703.3359375,-0.7423189473338425
6456,255.60000000002407,0.05000000000001137,154.2110092163086,710.5161743164062,702.298583984375,-0.7423186802770942
6457,255.65000000002408,0.05000000000001137,154.73541412353515,708.666015625,701.2684936523438,-0.7423185658408329
6458,255.7000000000241,0.05000000000001137,155.25720977783203,706.822265625,700.2416381835938,-0.7423182607162744
6459,255.7500000000241,0.05000000000001137,155.77855224609377,704.946533203125,699.197021484375,-0.7423179555917159
6460,255.8000000000241,0.05000000000001137,156.3002655029297,703.1136474609375,698.177001953125,-0.7423179174074903
6461,255.85000000002412,0.05000000000001137,156.8224319458008,701.2525024414062,697.1406860351562,-0.7423176121665165
6462,255.90000000002414,0.05000000000001137,157.34418640136718,699.3790283203125,696.0982055664062,-0.7423177647870034
6463,255.95000000002415,0.05000000000001137,157.86438903808593,697.5098266601562,695.05810546875,-0.7423176121665165
6464,256.00000000002416,0.05000000000001137,158.38206481933594,695.65625,694.0261840820312,-0.7423174214782193
6465,256.05000000002417,0.05000000000001137,158.8964859008789,693.7705078125,692.9769897460938,-0.7423172688577324
6466,256.1000000000242,0.05000000000001137,159.4074462890625,691.901611328125,691.9364013671875,-0.7423170781694353
6467,256.1500000000242,0.05000000000001137,159.91509704589845,690.0443115234375,690.9027099609375,-0.7423169637331739
6468,256.2000000000242,0.05000000000001137,160.4199188232422,688.2884521484375,689.9255981445312,-0.742316811112687
6469,256.2500000000242,0.05000000000001137,160.92254333496095,686.3914794921875,688.8699951171875,-0.7423166966764256
6470,256.3000000000242,0.05000000000001137,161.42351989746095,684.5103759765625,687.8223876953125,-0.7423168492969126
6471,256.35000000002424,0.05000000000001137,161.9234115600586,682.5811767578125,686.7472534179688,-0.7423166204243898
6472,256.40000000002425,0.05000000000001137,162.42261657714843,680.6767578125,685.6867065429688,-0.7423165822401643
6473,256.45000000002426,0.05000000000001137,162.92135467529297,678.7884521484375,684.6353759765625,-0.7423163533676416
6474,256.45000000002426,0.05000000000001137,162.92135467529297,677.0401611328125,683.661865234375,-0.7423163915518671
6475,256.5000000000243,0.05000000000001137,163.4197219848633,675.130615234375,682.5994262695312,-0.7423164296196774
6476,256.5500000000243,0.05000000000001137,163.9175811767578,673.2427368164062,681.5475463867188,-0.7423162771156058
6477,256.6000000000243,0.05000000000001137,164.41475372314454,671.3389892578125,680.488037109375,-0.7423161244951189
6478,256.6500000000243,0.05000000000001137,164.91097869873047,669.4193115234375,679.4188232421875,-0.7423162007471547
6479,256.7000000000243,0.05000000000001137,165.40603637695312,667.5164184570312,678.3592529296875,-0.7423162007471547
6480,256.75000000002433,0.05000000000001137,165.89966583251953,665.6065673828125,677.2960205078125,-0.7423159718746319
6481,256.80000000002434,0.05000000000001137,166.39172973632813,663.8457641601562,676.3156127929688,-0.7423160482430831
6482,256.85000000002435,0.05000000000001137,166.88214569091798,662.094970703125,675.3401489257812,-0.7423160100588575
6483,256.90000000002436,0.05000000000001137,167.37091369628908,660.34326171875,674.3646240234375,-0.7423158574383706
6484,256.9500000000244,0.05000000000001137,167.8580749511719,658.416259765625,673.2919311523438,-0.7423158956225961
6485,257.0000000000244,0.05000000000001137,168.34375305175783,656.5078735351562,672.2279663085938,-0.7423158956225961
6486,257.0500000000244,0.05000000000001137,168.82805786132812,654.7241821289062,671.2349243164062,-0.7423157430021092
6487,257.1000000000244,0.05000000000001137,169.31112670898438,652.7996215820312,670.1641845703125,-0.7423157811863348
6488,257.1500000000244,0.05000000000001137,169.79312438964845,650.9098510742188,669.1109008789062,-0.7423157048178837
6489,257.20000000002443,0.05000000000001137,170.2741470336914,648.9963989257812,668.045166015625,-0.7423157430021092
6490,257.25000000002444,0.05000000000001137,170.75426330566407,647.1124877929688,666.9965209960938,-0.7423157430021092
6491,257.25000000002444,0.05000000000001137,170.75426330566407,645.2067260742188,665.9359130859375,-0.7423158574383706
6492,257.30000000002445,0.05000000000001137,171.2336380004883,643.3223266601562,664.8859252929688,-0.7423156285658479
6493,257.35000000002447,0.05000000000001137,171.71221618652345,641.4432373046875,663.8392333984375,-0.7423157811863348
6494,257.4000000000245,0.05000000000001137,172.19005279541017,639.5513916015625,662.7859497070312,-0.7423155903816223
6495,257.4500000000245,0.05000000000001137,172.66712036132813,637.67626953125,661.7420043945312,-0.7423153996933252
6496,257.5000000000245,0.05000000000001137,173.14351501464844,635.7838745117188,660.6829833984375,-0.7423126912908629
6497,257.5000000000245,0.05000000000001137,173.14351501464844,633.8876342773438,659.5838012695312,-0.7423145986394957
6498,257.6000000000245,0.10000000000002274,174.09383239746094,632.022705078125,658.5112915039062,-0.7423157048178837
6499,257.6000000000245,0.10000000000002274,174.09383239746094,630.1793823242188,657.4005126953125,-0.7423046041512862
6500,257.65000000002453,0.05000000000001137,174.5677276611328,628.3280639648438,656.25537109375,-0.7423149037640542
6501,257.70000000002454,0.05000000000001137,175.04078521728516,626.5057373046875,655.1375732421875,-0.7423129582311958
6502,257.75000000002456,0.05000000000001137,175.51292266845704,624.6355590820312,654.0831298828125,-0.7423131108516827
6503,257.80000000002457,0.05000000000001137,175.98414001464843,622.7648315429688,653.0079956054688,-0.742316315183416
6504,257.8500000000246,0.05000000000001137,176.45445098876954,620.9070434570312,651.9107055664062,-0.7423129582311958
6505,257.9000000000246,0.05000000000001137,176.9238006591797,619.0673828125,650.8185424804688,-0.7423162007471547
6506,257.9000000000246,0.05000000000001137,176.9238006591797,617.2235107421875,649.7243041992188,-0.7423167729284614
6507,257.9500000000246,0.05000000000001137,177.39214782714845,615.3805541992188,648.6307983398438,-0.7423167729284614
6508,258.0000000000246,0.05000000000001137,177.85953369140626,613.5301513671875,647.5328369140625,-0.7423166204243898
6509,258.0500000000246,0.05000000000001137,178.32598571777345,611.654052734375,646.4194946289062,-0.7423166204243898
6510,258.10000000002464,0.05000000000001137,178.79144897460938,609.7936401367188,645.3159790039062,-0.7423165059881285
6511,258.15000000002465,0.05000000000001137,179.2559783935547,607.9262084960938,644.2078247070312,-0.7423163915518671
6512,258.20000000002466,0.05000000000001137,179.71942291259765,606.0618896484375,643.1015625,-0.742316315183416
6513,258.20000000002466,0.05000000000001137,179.71942291259765,604.3362426757812,642.0778198242188,-0.7423162007471547
6514,258.25000000002467,0.05000000000001137,180.18187866210937,602.6425170898438,640.5009765625,0.0
6515,258.3000000000247,0.05000000000001137,180.64337310791015,600.9219360351562,639.4813842773438,0.0
6516,258.3500000000247,0.05000000000001137,181.10393371582032,599.2013549804688,638.4617919921875,0.0
6517,258.4000000000247,0.05000000000001137,181.56356048583984,597.4807739257812,637.4421997070312,0.0
6518,258.4500000000247,0.05000000000001137,182.0221710205078,595.7601928710938,636.422607421875,0.0
6519,258.4500000000247,0.05000000000001137,182.0221710205078,594.0396118164062,635.4029541015625,0.0
6520,258.5000000000247,0.05000000000001137,182.479833984375,592.3190307617188,634.3833618164062,0.0
6521,258.55000000002474,0.05000000000001137,182.93648071289064,590.598388671875,633.36376953125,0.0
6522,258.60000000002475,0.05000000000001137,183.3922073364258,588.8778076171875,632.3441772460938,0.0
6523,258.65000000002476,0.05000000000001137,183.84695892333986,587.1572265625,631.3245849609375,0.0
6524,258.7000000000248,0.05000000000001137,184.30074920654297,585.4366455078125,630.3049926757812,0.0
6525,258.7000000000248,0.05000000000001137,184.30074920654297,583.716064453125,629.285400390625,0.0
6526,258.7500000000248,0.05000000000001137,184.7535369873047,581.9954833984375,628.2658081054688,0.0
6527,258.8000000000248,0.05000000000001137,185.2053634643555,580.27490234375,627.2462158203125,0.0
6528,258.8500000000248,0.05000000000001137,185.65618743896485,578.5543212890625,626.2265625,0.0
6529,258.9000000000248,0.05000000000001137,186.10603637695314,576.833740234375,625.2069702148438,0.0
6530,258.9000000000248,0.05000000000001137,186.10603637695314,575.1131591796875,624.1873779296875,0.0
6531,258.95000000002483,0.05000000000001137,186.55492401123047,573.392578125,623.1677856445312,0.0
6532,259.00000000002484,0.05000000000001137,187.00282287597656,571.6719970703125,622.148193359375,0.0
6533,259.05000000002485,0.05000000000001137,187.44973297119142,569.9513549804688,621.1286010742188,0.0
6534,259.05000000002485,0.05000000000001137,187.44973297119142,568.2307739257812,620.1090087890625,0.0
6535,259.10000000002486,0.05000000000001137,187.89568176269532,566.5101928710938,619.0894165039062,0.0
6536,259.1500000000249,0.05000000000001137,188.34073791503906,564.7896118164062,618.06982421875,0.0
6537,259.2000000000249,0.05000000000001137,188.78475036621094,563.0690307617188,617.0501708984375,0.0
6538,259.2000000000249,0.05000000000001137,188.78475036621094,561.3484497070312,616.0305786132812,0.0
6539,259.2500000000249,0.05000000000001137,189.22781524658203,559.6278686523438,615.010986328125,0.0
6540,259.3000000000249,0.05000000000001137,189.66996002197266,557.9072875976562,613.9913940429688,0.0
6541,259.3500000000249,0.05000000000001137,190.1111297607422,556.1867065429688,612.9718017578125,0.0
6542,259.3500000000249,0.05000000000001137,190.1111297607422,554.4661254882812,611.9522094726562,0.0
6543,259.40000000002493,0.05000000000001137,190.55128326416016,552.7454833984375,610.9326171875,0.0
6544,259.45000000002494,0.05000000000001137,190.99048919677736,551.02490234375,609.9130249023438,0.0
6545,259.50000000002495,0.05000000000001137,191.4286651611328,549.3043212890625,608.8934326171875,0.0
6546,259.50000000002495,0.05000000000001137,191.4286651611328,547.583740234375,607.8738403320312,0.0
6547,259.55000000002497,0.05000000000001137,191.86572875976563,545.8631591796875,606.8541870117188,0.0
6548,259.600000000025,0.05000000000001137,192.30169372558595,544.142578125,605.8345947265625,0.0
6549,259.650000000025,0.05000000000001137,192.73647766113282,542.4219970703125,604.8150024414062,0.0
6550,259.700000000025,0.05000000000001137,193.1699981689453,540.701416015625,603.79541015625,0.0
6551,259.700000000025,0.05000000000001137,193.1699981689453,538.9808349609375,602.7758178710938,0.0
6552,259.750000000025,0.05000000000001137,193.6021453857422,537.26025390625,601.7562255859375,0.0
6553,259.800000000025,0.05000000000001137,194.032878112793,535.5396728515625,600.7366333007812,0.0
6554,259.85000000002503,0.05000000000001137,194.46208648681642,533.819091796875,599.717041015625,0.0
6555,259.85000000002503,0.05000000000001137,194.46208648681642,532.0984497070312,598.6974487304688,0.0
6556,259.90000000002505,0.05000000000001137,194.88963317871094,530.3778686523438,597.6778564453125,0.0
6557,259.95000000002506,0.05000000000001137,195.31539459228517,528.6572875976562,596.658203125,0.0
6558,260.00000000002507,0.05000000000001137,195.73927459716796,526.9367065429688,595.6386108398438,0.0
6559,260.00000000002507,0.05000000000001137,195.73927459716796,525.2161254882812,594.6190185546875,0.0
6560,260.0500000000251,0.05000000000001137,196.16114959716796,523.4955444335938,593.5994262695312,0.0
6561,260.1000000000251,0.05000000000001137,196.5808822631836,521.7749633789062,592.579833984375,0.0
6562,260.1000000000251,0.05000000000001137,196.5808822631836,520.0559692382812,591.5576171875,0.0
6563,260.1500000000251,0.05000000000001137,196.9983627319336,518.3410034179688,590.528564453125,0.0
6564,260.2000000000251,0.05000000000001137,197.41346740722656,516.6301879882812,589.49267578125,0.0
6565,260.2500000000251,0.05000000000001137,197.82608642578126,514.9235229492188,588.4498901367188,0.0
6566,260.2500000000251,0.05000000000001137,197.82608642578126,513.2210693359375,587.400390625,0.0
6567,260.30000000002514,0.05000000000001137,198.23613739013672,511.52276611328125,586.343994140625,0.0
6568,260.30000000002514,0.05000000000001137,198.23613739013672,509.82879638671875,585.2808837890625,0.0
6569,260.35000000002515,0.05000000000001137,198.64344177246093,508.1390075683594,584.2109375,0.0
6570,260.40000000002516,0.05000000000001137,199.04801330566406,506.4535217285156,583.13427734375,0.0
6571,260.40000000002516,0.05000000000001137,199.04801330566406,504.77239990234375,582.0509033203125,0.0
6572,260.45000000002517,0.05000000000001137,199.4497833251953,503.0955810546875,580.9608154296875,0.0
6573,260.5000000000252,0.05000000000001137,199.8487106323242,501.42315673828125,579.8639526367188,0.0
6574,260.5500000000252,0.05000000000001137,200.24478149414062,499.755126953125,578.760498046875,0.0
6575,260.5500000000252,0.05000000000001137,200.24478149414062,498.091552734375,577.6503295898438,0.0
6576,260.6000000000252,0.05000000000001137,200.6379821777344,496.4324035644531,576.5335693359375,0.0
6577,260.6500000000252,0.05000000000001137,201.02845001220703,494.7777404785156,575.4100952148438,0.0
6578,260.6500000000252,0.05000000000001137,201.02845001220703,493.1275634765625,574.280029296875,0.0
6579,260.7000000000252,0.05000000000001137,201.41626739501953,491.4819641113281,573.1434326171875,0.0
6580,260.75000000002524,0.05000000000001137,201.80151672363283,489.84088134765625,572.000244140625,0.0
6581,260.75000000002524,0.05000000000001137,201.80151672363283,488.20440673828125,570.8504638671875,0.0
6582,260.80000000002525,0.05000000000001137,202.1843490600586,486.5725402832031,569.6942138671875,0.0
6583,260.85000000002526,0.05000000000001137,202.56495666503906,484.9453125,568.5313720703125,0.0
6584,260.9000000000253,0.05000000000001137,202.94354553222658,483.32275390625,567.362060546875,0.0
6585,260.9000000000253,0.05000000000001137,202.94354553222658,481.70489501953125,566.186279296875,0.0
6586,260.9500000000253,0.05000000000001137,203.3200881958008,480.09173583984375,565.0040283203125,0.0
6587,261.0000000000253,0.05000000000001137,203.6950927734375,478.4833068847656,563.8153076171875,0.0
6588,261.0000000000253,0.05000000000001137,203.6950927734375,476.8796691894531,562.6202392578125,0.0
6589,261.0500000000253,0.05000000000001137,204.0688201904297,475.28082275390625,561.418701171875,0.0
6590,261.1000000000253,0.05000000000001137,204.44142150878906,473.686767578125,560.2108154296875,0.0
6591,261.15000000002533,0.05000000000001137,204.81281433105468,472.09759521484375,558.9965209960938,0.0
6592,261.15000000002533,0.05000000000001137,204.81281433105468,470.5132751464844,557.77587890625,0.0
6593,261.20000000002534,0.05000000000001137,205.18404235839844,468.933837890625,556.5489501953125,0.0
6594,261.25000000002535,0.05000000000001137,205.55491333007814,467.3593444824219,555.315673828125,0.0
6595,261.25000000002535,0.05000000000001137,205.55491333007814,465.7897644042969,554.076171875,0.0
6596,261.30000000002536,0.05000000000001137,205.92567443847656,464.2251892089844,552.830322265625,0.0
6597,261.3500000000254,0.05000000000001137,206.29655914306642,462.66558837890625,551.5782470703125,0.0
6598,261.3500000000254,0.05000000000001137,206.29655914306642,461.11102294921875,550.3199462890625,0.0
6599,261.4000000000254,0.05000000000001137,206.6678421020508,459.5611267089844,549.055908203125,0.0
6600,261.4500000000254,0.05000000000001137,207.0393310546875,458.01220703125,547.7906494140625,0.0
6601,261.4500000000254,0.05000000000001137,207.0393310546875,456.46331787109375,546.525390625,0.0
6602,261.5000000000254,0.05000000000001137,207.4119873046875,454.9143981933594,545.2601318359375,0.0
6603,261.5500000000254,0.05000000000001137,207.78554992675782,453.3655090332031,543.9948120117188,0.0
6604,261.60000000002543,0.05000000000001137,208.16014251708984,451.8166198730469,542.7295532226562,0.0
6605,261.60000000002543,0.05000000000001137,208.16014251708984,450.2677001953125,541.4642944335938,0.0
6606,261.65000000002544,0.05000000000001137,208.53584747314454,448.71881103515625,540.1990356445312,0.0
6607,261.70000000002545,0.05000000000001137,208.91274719238282,447.1698913574219,538.9337768554688,0.0
6608,261.75000000002547,0.05000000000001137,209.29089660644533,445.6210021972656,537.6685180664062,0.0
6609,261.8000000000255,0.05000000000001137,209.67026824951174,444.0721130371094,536.4032592773438,0.0
6610,261.8000000000255,0.05000000000001137,209.67026824951174,442.523193359375,535.137939453125,0.0
6611,261.8500000000255,0.05000000000001137,210.05083465576172,440.97430419921875,533.8726806640625,0.0
6612,261.9000000000255,0.05000000000001137,210.4325408935547,439.4253845214844,532.607421875,0.0
6613,261.9000000000255,0.05000000000001137,210.4325408935547,437.87677001953125,531.341796875,0.0
6614,261.9500000000255,0.05000000000001137,210.8152633666992,436.33203125,530.0714721679688,0.0
6615,262.0000000000255,0.05000000000001137,211.1989471435547,434.7923889160156,528.794921875,0.0
6616,262.0000000000255,0.05000000000001137,211.1989471435547,433.25787353515625,527.5122680664062,0.0
6617,262.05000000002553,0.05000000000001137,211.5834686279297,431.728515625,526.2235107421875,0.0
6618,262.10000000002555,0.05000000000001137,211.9686492919922,430.2043151855469,524.9285888671875,0.0
6619,262.10000000002555,0.05000000000001137,211.9686492919922,428.685302734375,523.6275634765625,0.0
6620,262.15000000002556,0.05000000000001137,212.3543655395508,427.1714782714844,522.3204956054688,0.0
6621,262.20000000002557,0.05000000000001137,212.74046630859377,425.6629333496094,521.0073852539062,0.0
6622,262.20000000002557,0.05000000000001137,212.74046630859377,424.1596374511719,519.688232421875,0.0
6623,262.2500000000256,0.05000000000001137,213.12681427001954,422.6616516113281,518.3631591796875,0.0
6624,262.2500000000256,0.05000000000001137,213.12681427001954,421.1689453125,517.031982421875,0.0
6625,262.3000000000256,0.05000000000001137,213.51331329345703,419.68157958984375,515.6949462890625,0.0
6626,262.3500000000256,0.05000000000001137,213.89981231689453,418.1995849609375,514.3519287109375,0.0
6627,262.3500000000256,0.05000000000001137,213.89981231689453,416.7229919433594,513.0029907226562,0.0
6628,262.4000000000256,0.05000000000001137,214.28618774414062,415.25177001953125,511.6481628417969,0.0
6629,262.4500000000256,0.05000000000001137,214.67234344482424,413.7860107421875,510.2874755859375,0.0
6630,262.4500000000256,0.05000000000001137,214.67234344482424,412.3236999511719,508.92303466796875,0.0
6631,262.50000000002564,0.05000000000001137,215.05814208984376,410.8614501953125,507.5585632324219,0.0
6632,262.55000000002565,0.05000000000001137,215.44356994628907,409.399169921875,506.1941223144531,0.0
6633,262.55000000002565,0.05000000000001137,215.44356994628907,407.9368896484375,504.82965087890625,0.0
6634,262.60000000002566,0.05000000000001137,215.8284896850586,406.4746398925781,503.4651794433594,0.0
6635,262.65000000002567,0.05000000000001137,216.21286010742188,405.0123596191406,502.1007080078125,0.0
6636,262.65000000002567,0.05000000000001137,216.21286010742188,403.55010986328125,500.7362365722656,0.0
6637,262.7000000000257,0.05000000000001137,216.596598815918,402.08782958984375,499.37176513671875,0.0
6638,262.7500000000257,0.05000000000001137,216.97967834472658,400.62554931640625,498.00732421875,0.0
6639,262.7500000000257,0.05000000000001137,216.97967834472658,399.1632995605469,496.6428527832031,0.0
6640,262.8000000000257,0.05000000000001137,217.36198883056642,397.7010192871094,495.27838134765625,0.0
6641,262.8500000000257,0.05000000000001137,217.74354400634766,396.2387390136719,493.9139099121094,0.0
6642,262.8500000000257,0.05000000000001137,217.74354400634766,394.7764892578125,492.5494384765625,0.0
6643,262.9000000000257,0.05000000000001137,218.12433013916015,393.314208984375,491.18499755859375,0.0
6644,262.95000000002574,0.05000000000001137,218.50430603027345,391.8519287109375,489.8205261230469,0.0
6645,262.95000000002574,0.05000000000001137,218.50430603027345,390.3896789550781,488.4560546875,0.0
6646,263.00000000002575,0.05000000000001137,218.88340301513674,388.9273986816406,487.0915832519531,0.0
6647,263.05000000002576,0.05000000000001137,219.26160736083986,387.4651184082031,485.72711181640625,0.0
6648,263.05000000002576,0.05000000000001137,219.26160736083986,386.00286865234375,484.3626403808594,0.0
6649,263.1000000000258,0.05000000000001137,219.63890533447267,384.54058837890625,482.9981689453125,0.0
6650,263.1000000000258,0.05000000000001137,219.63890533447267,383.07830810546875,481.63372802734375,0.0
6651,263.1500000000258,0.05000000000001137,220.01526947021486,381.6160583496094,480.2692565917969,0.0
6652,263.2000000000258,0.05000000000001137,220.39071350097657,380.1537780761719,478.90478515625,0.0
6653,263.2000000000258,0.05000000000001137,220.39071350097657,378.6915283203125,477.5403137207031,0.0
6654,263.2500000000258,0.05000000000001137,220.76526489257813,377.229248046875,476.17584228515625,0.0
6655,263.3000000000258,0.05000000000001137,221.13882751464845,375.7669677734375,474.8114013671875,0.0
6656,263.3000000000258,0.05000000000001137,221.13882751464845,374.3047180175781,473.4469299316406,0.0
6657,263.35000000002583,0.05000000000001137,221.5115524291992,372.8424377441406,472.08245849609375,0.0
6658,263.40000000002584,0.05000000000001137,221.8833023071289,371.3801574707031,470.7179870605469,0.0
6659,263.40000000002584,0.05000000000001137,221.8833023071289,369.91790771484375,469.353515625,0.0
6660,263.45000000002585,0.05000000000001137,222.25413208007814,368.45562744140625,467.9890441894531,0.0
6661,263.50000000002586,0.05000000000001137,222.6240692138672,366.99334716796875,466.6246032714844,0.0
6662,263.50000000002586,0.05000000000001137,222.6240692138672,365.5310974121094,465.2601318359375,0.0
6663,263.5500000000259,0.05000000000001137,222.99305877685546,364.0688171386719,463.8956604003906,0.0
6664,263.6000000000259,0.05000000000001137,223.36121063232423,362.6065368652344,462.53118896484375,0.0
6665,263.6000000000259,0.05000000000001137,223.36121063232423,361.144287109375,461.1667175292969,0.0
6666,263.6500000000259,0.05000000000001137,223.72848358154297,359.6820068359375,459.80224609375,0.0
6667,263.7000000000259,0.05000000000001137,224.09487762451172,358.2197265625,458.43780517578125,0.0
6668,263.7000000000259,0.05000000000001137,224.09487762451172,356.7574768066406,457.0733337402344,0.0
6669,263.7500000000259,0.05000000000001137,224.46037902832032,355.2951965332031,455.7088623046875,0.0
6670,263.7500000000259,0.05000000000001137,224.46037902832032,353.83294677734375,454.3443908691406,0.0
6671,263.80000000002593,0.05000000000001137,224.82498779296876,352.37066650390625,452.97991943359375,0.0
6672,263.85000000002594,0.05000000000001137,225.18882751464844,350.90838623046875,451.615478515625,0.0
6673,263.85000000002594,0.05000000000001137,225.18882751464844,349.44610595703125,450.2510070800781,0.0
6674,263.90000000002595,0.05000000000001137,225.55176086425783,347.9838562011719,448.88653564453125,0.0
6675,263.95000000002597,0.05000000000001137,225.91387023925782,346.5215759277344,447.5220642089844,0.0
6676,263.95000000002597,0.05000000000001137,225.91387023925782,345.059326171875,446.1575927734375,0.0
6677,264.000000000026,0.05000000000001137,226.27511444091797,343.5970458984375,444.7931213378906,0.0
6678,264.050000000026,0.05000000000001137,226.63556213378908,342.13543701171875,443.427978515625,0.0
6679,264.050000000026,0.05000000000001137,226.63556213378908,340.67852783203125,442.05780029296875,0.0
6680,264.100000000026,0.05000000000001137,226.99514465332032,339.22711181640625,440.6817932128906,0.0
6681,264.100000000026,0.05000000000001137,226.99514465332032,337.78118896484375,439.3000183105469,0.0
6682,264.150000000026,0.05000000000001137,227.3539031982422,336.33929443359375,437.91400146484375,0.0
6683,264.200000000026,0.05000000000001137,227.71182403564453,334.8976135253906,436.5278015136719,0.0
6684,264.200000000026,0.05000000000001137,227.71182403564453,333.4559326171875,435.1416015625,0.0
6685,264.25000000002603,0.05000000000001137,228.0689483642578,332.0142517089844,433.7554016113281,0.0
6686,264.30000000002605,0.05000000000001137,228.42527618408204,330.57257080078125,432.36920166015625,0.0
6687,264.30000000002605,0.05000000000001137,228.42527618408204,329.1308898925781,430.9830017089844,0.0
6688,264.35000000002606,0.05000000000001137,228.78082122802735,327.689208984375,429.5968017578125,0.0
6689,264.35000000002606,0.05000000000001137,228.78082122802735,326.2475280761719,428.2106018066406,0.0
6690,264.40000000002607,0.05000000000001137,229.13555603027345,324.80584716796875,426.82440185546875,0.0
6691,264.4500000000261,0.05000000000001137,229.489453125,323.3641662597656,425.4382019042969,0.0
6692,264.4500000000261,0.05000000000001137,229.489453125,321.9224853515625,424.052001953125,0.0
6693,264.5000000000261,0.05000000000001137,229.84256744384766,320.4808044433594,422.6658020019531,0.0
6694,264.5500000000261,0.05000000000001137,230.19485778808595,319.03912353515625,421.27960205078125,0.0
6695,264.5500000000261,0.05000000000001137,230.19485778808595,317.5974426269531,419.89337158203125,0.0
6696,264.6000000000261,0.05000000000001137,230.54642028808595,316.15576171875,418.5071716308594,0.0
6697,264.6000000000261,0.05000000000001137,230.54642028808595,314.7140808105469,417.1209716796875,0.0
6698,264.6500000000261,0.05000000000001137,230.89715881347658,313.27239990234375,415.7347717285156,0.0
6699,264.70000000002614,0.05000000000001137,231.24707336425783,311.8307189941406,414.34857177734375,0.0
6700,264.70000000002614,0.05000000000001137,231.24707336425783,310.3890380859375,412.9623718261719,0.0
6701,264.75000000002615,0.05000000000001137,231.59621887207032,308.9473571777344,411.576171875,0.0
6702,264.80000000002616,0.05000000000001137,231.94456787109377,307.50567626953125,410.1899719238281,0.0
6703,264.80000000002616,0.05000000000001137,231.94456787109377,306.0639953613281,408.80377197265625,0.0
6704,264.85000000002617,0.05000000000001137,232.2920928955078,304.622314453125,407.4175720214844,0.0
6705,264.85000000002617,0.05000000000001137,232.2920928955078,303.1806335449219,406.0313720703125,0.0
6706,264.9000000000262,0.05000000000001137,232.63882141113282,301.73895263671875,404.6451416015625,0.0
6707,264.9500000000262,0.05000000000001137,232.98480834960938,300.2972717285156,403.25897216796875,0.0
6708,264.9500000000262,0.05000000000001137,232.98480834960938,298.8555908203125,401.87274169921875,0.0
6709,265.0000000000262,0.05000000000001137,233.33002624511718,297.4139099121094,400.4865417480469,0.0
6710,265.0500000000262,0.05000000000001137,233.67444763183593,295.97222900390625,399.100341796875,0.0
6711,265.0500000000262,0.05000000000001137,233.67444763183593,294.5305480957031,397.7141418457031,0.0
6712,265.1000000000262,0.05000000000001137,234.01807250976563,293.0888671875,396.32794189453125,0.0
6713,265.1000000000262,0.05000000000001137,234.01807250976563,291.6471862792969,394.9417419433594,0.0
6714,265.15000000002624,0.05000000000001137,234.36092834472657,290.20550537109375,393.5555419921875,0.0
6715,265.20000000002625,0.05000000000001137,234.70301513671876,288.7638244628906,392.1693420410156,0.0
6716,265.20000000002625,0.05000000000001137,234.70301513671876,287.3221435546875,390.78314208984375,0.0
6717,265.25000000002626,0.05000000000001137,235.04430541992187,285.8804626464844,389.3969421386719,0.0
6718,265.25000000002626,0.05000000000001137,235.04430541992187,284.43878173828125,388.0107421875,0.0
6719,265.3000000000263,0.05000000000001137,235.38485412597657,282.99713134765625,386.62451171875,0.0
6720,265.3500000000263,0.05000000000001137,235.72457885742188,281.555419921875,385.2383117675781,0.0
6721,265.3500000000263,0.05000000000001137,235.72457885742188,280.11376953125,383.85211181640625,0.0
6722,265.4000000000263,0.05000000000001137,236.06356201171874,278.67205810546875,382.4659118652344,0.0
6723,265.4500000000263,0.05000000000001137,236.40174865722656,277.23040771484375,381.0797119140625,0.0
6724,265.4500000000263,0.05000000000001137,236.40174865722656,275.7886962890625,379.6935119628906,0.0
6725,265.5000000000263,0.05000000000001137,236.73916625976562,274.3470458984375,378.30731201171875,0.0
6726,265.5000000000263,0.05000000000001137,236.73916625976562,272.90533447265625,376.9211120605469,0.0
6727,265.55000000002633,0.05000000000001137,237.07581481933593,271.46368408203125,375.534912109375,0.0
6728,265.60000000002634,0.05000000000001137,237.4116668701172,270.02197265625,374.1487121582031,0.0
6729,265.60000000002634,0.05000000000001137,237.4116668701172,268.580322265625,372.76251220703125,0.0
6730,265.65000000002635,0.05000000000001137,237.7468048095703,267.1395263671875,371.37530517578125,0.0
6731,265.65000000002635,0.05000000000001137,237.7468048095703,265.70379638671875,369.9829406738281,0.0
6732,265.70000000002636,0.05000000000001137,238.0811737060547,264.2736511230469,368.5848388671875,0.0
6733,265.7500000000264,0.05000000000001137,238.4147735595703,262.84912109375,367.1810302734375,0.0
6734,265.7500000000264,0.05000000000001137,238.4147735595703,261.4302062988281,365.7715148925781,0.0
6735,265.8000000000264,0.05000000000001137,238.7476043701172,260.0169982910156,364.3563537597656,0.0
6736,265.8000000000264,0.05000000000001137,238.7476043701172,258.6064453125,362.9384765625,0.0
6737,265.8500000000264,0.05000000000001137,239.07963867187502,257.1959228515625,361.52056884765625,0.0
6738,265.9000000000264,0.05000000000001137,239.410986328125,255.785400390625,360.1026916503906,0.0
6739,265.9500000000264,0.05000000000001137,239.74151000976562,254.3748779296875,358.6847839355469,0.0
6740,265.9500000000264,0.05000000000001137,239.74151000976562,252.96435546875,357.26690673828125,0.0
6741,266.00000000002643,0.05000000000001137,240.07129211425783,251.5538330078125,355.8490295410156,0.0
6742,266.05000000002644,0.05000000000001137,240.40033264160158,250.14329528808594,354.4311218261719,0.0
6743,266.05000000002644,0.05000000000001137,240.40033264160158,248.73277282714844,353.01324462890625,0.0
6744,266.10000000002645,0.05000000000001137,240.7286590576172,247.32225036621094,351.5953369140625,0.0
6745,266.10000000002645,0.05000000000001137,240.7286590576172,245.91171264648438,350.1774597167969,0.0
6746,266.15000000002647,0.05000000000001137,241.05621643066408,244.50119018554688,348.7595520019531,0.0
6747,266.2000000000265,0.05000000000001137,241.38292236328127,243.09066772460938,347.3416748046875,0.0
6748,266.2000000000265,0.05000000000001137,241.38292236328127,241.68014526367188,345.92376708984375,0.0
6749,266.2500000000265,0.05000000000001137,241.70896911621094,240.2696075439453,344.5058898925781,0.0
6750,266.2500000000265,0.05000000000001137,241.70896911621094,238.8590850830078,343.0880126953125,0.0
6751,266.3000000000265,0.05000000000001137,242.03424682617188,237.4485626220703,341.67010498046875,0.0
6752,266.3500000000265,0.05000000000001137,242.3587829589844,236.03802490234375,340.2522277832031,0.0
6753,266.3500000000265,0.05000000000001137,242.3587829589844,234.62750244140625,338.8343200683594,0.0
6754,266.4000000000265,0.05000000000001137,242.68257751464844,233.21697998046875,337.41644287109375,0.0
6755,266.4000000000265,0.05000000000001137,242.68257751464844,231.80645751953125,335.99853515625,0.0
6756,266.45000000002653,0.05000000000001137,243.00560302734377,230.3959197998047,334.5806579589844,0.0
6757,266.50000000002655,0.05000000000001137,243.32791442871095,228.9853973388672,333.1627502441406,0.0
6758,266.50000000002655,0.05000000000001137,243.32791442871095,227.5748748779297,331.744873046875,0.0
6759,266.55000000002656,0.05000000000001137,243.6494567871094,226.16433715820312,330.32696533203125,0.0
6760,266.55000000002656,0.05000000000001137,243.6494567871094,224.75381469726562,328.9090881347656,0.0
6761,266.60000000002657,0.05000000000001137,243.9702575683594,223.34329223632812,327.4912109375,0.0
6762,266.6500000000266,0.05000000000001137,244.29031677246095,221.93276977539062,326.07330322265625,0.0
6763,266.6500000000266,0.05000000000001137,244.29031677246095,220.52224731445312,324.6554260253906,0.0
6764,266.7000000000266,0.05000000000001137,244.6096618652344,219.11170959472656,323.2375183105469,0.0
6765,266.7000000000266,0.05000000000001137,244.6096618652344,217.70118713378906,321.81964111328125,0.0
6766,266.7500000000266,0.05000000000001137,244.9282653808594,216.2906494140625,320.4017333984375,0.0
6767,266.7500000000266,0.05000000000001137,244.9282653808594,214.880126953125,318.9838562011719,0.0
6768,266.8000000000266,0.05000000000001137,245.24609985351563,213.4696044921875,317.56597900390625,0.0
6769,266.8500000000266,0.05000000000001137,245.56324768066406,212.05908203125,316.1480712890625,0.0
6770,266.8500000000266,0.05000000000001137,245.56324768066406,210.6485595703125,314.7301940917969,0.0
6771,266.90000000002664,0.05000000000001137,245.87965393066406,209.23802185058594,313.3122863769531,0.0
6772,266.90000000002664,0.05000000000001137,245.87965393066406,207.82749938964844,311.8944091796875,0.0
6773,266.95000000002665,0.05000000000001137,246.19531860351563,206.41697692871094,310.47650146484375,0.0
6774,267.00000000002666,0.05000000000001137,246.5102966308594,205.00643920898438,309.0586242675781,0.0
6775,267.00000000002666,0.05000000000001137,246.5102966308594,203.59591674804688,307.6407165527344,0.0
6776,267.05000000002667,0.05000000000001137,246.8245056152344,202.18539428710938,306.22283935546875,0.0
6777,267.05000000002667,0.05000000000001137,246.8245056152344,200.77487182617188,304.804931640625,0.0
6778,267.1000000000267,0.05000000000001137,247.13800048828125,199.3643341064453,303.3870544433594,0.0
6779,267.1500000000267,0.05000000000001137,247.45075378417968,197.9538116455078,301.96917724609375,0.0
6780,267.1500000000267,0.05000000000001137,247.45075378417968,196.5432891845703,300.55126953125,0.0
6781,267.2000000000267,0.05000000000001137,247.76279296875,195.13182067871094,299.13433837890625,0.0
6782,267.2000000000267,0.05000000000001137,247.76279296875,193.71519470214844,297.7225036621094,0.0
6783,267.2500000000267,0.05000000000001137,248.07340393066406,192.29295349121094,296.3163757324219,0.0
6784,267.2500000000267,0.05000000000001137,248.07340393066406,190.8650665283203,294.91595458984375,0.0
6785,267.3000000000267,0.05000000000001137,248.3759948730469,189.43162536621094,293.521240234375,0.0
6786,267.35000000002674,0.05000000000001137,248.6691650390625,187.9925994873047,292.1322937011719,0.0
6787,267.35000000002674,0.05000000000001137,248.6691650390625,186.5480499267578,290.74908447265625,0.0
6788,267.40000000002675,0.05000000000001137,248.95310668945314,185.0979461669922,289.3716735839844,0.0
6789,267.40000000002675,0.05000000000001137,248.95310668945314,183.6423797607422,288.0000915527344,0.0
6790,267.45000000002676,0.05000000000001137,249.22809448242188,182.18133544921875,286.6343078613281,0.0
6791,267.45000000002676,0.05000000000001137,249.22809448242188,180.7180938720703,285.2708740234375,0.0
6792,267.5000000000268,0.05000000000001137,249.4944030761719,179.2548370361328,283.907470703125,0.0
6793,267.5500000000268,0.05000000000001137,249.75233459472656,177.79159545898438,282.5440673828125,0.0
6794,267.5500000000268,0.05000000000001137,249.75233459472656,176.32833862304688,281.1806335449219,0.0
6795,267.6000000000268,0.05000000000001137,250.00216369628907,174.86508178710938,279.8172302246094,0.0
6796,267.6000000000268,0.05000000000001137,250.00216369628907,173.40184020996094,278.4538269042969,0.0
6797,267.6500000000268,0.05000000000001137,250.24408264160158,171.93858337402344,277.09039306640625,0.0
6798,267.6500000000268,0.05000000000001137,250.24408264160158,170.47532653808594,275.72698974609375,0.0
6799,267.7000000000268,0.05000000000001137,250.4783660888672,169.0120849609375,274.36358642578125,0.0
6800,267.75000000002683,0.05000000000001137,250.70523376464845,167.548828125,273.0001525878906,0.0
6801,267.75000000002683,0.05000000000001137,250.70523376464845,166.0855712890625,271.6367492675781,0.0
6802,267.80000000002684,0.05000000000001137,250.9249053955078,164.62232971191406,270.2733459472656,0.0
6803,267.80000000002684,0.05000000000001137,250.9249053955078,163.15907287597656,268.909912109375,0.0
6804,267.85000000002685,0.05000000000001137,251.13765563964844,161.69583129882812,267.5465087890625,0.0
6805,267.85000000002685,0.05000000000001137,251.13765563964844,160.23257446289062,266.18310546875,0.0
6806,267.90000000002686,0.05000000000001137,251.3436492919922,158.76931762695312,264.8196716308594,0.0
6807,267.9500000000269,0.05000000000001137,251.54305114746094,157.3060760498047,263.4562683105469,0.0
6808,267.9500000000269,0.05000000000001137,251.54305114746094,155.8428192138672,262.0928649902344,0.0
6809,268.0000000000269,0.05000000000001137,251.7361083984375,154.37957763671875,260.72943115234375,0.0
6810,268.0000000000269,0.05000000000001137,251.7361083984375,152.91632080078125,259.36602783203125,0.0
6811,268.0500000000269,0.05000000000001137,251.92301330566406,151.45306396484375,258.00262451171875,0.0
6812,268.0500000000269,0.05000000000001137,251.92301330566406,149.98980712890625,256.63922119140625,0.0
6813,268.1000000000269,0.05000000000001137,252.1039581298828,148.5265655517578,255.27578735351562,0.0
6814,268.1500000000269,0.05000000000001137,252.27908020019532,147.0633087158203,253.91238403320312,0.0
6815,268.1500000000269,0.05000000000001137,252.27908020019532,145.60006713867188,252.54896545410156,0.0
6816,268.20000000002693,0.05000000000001137,252.4486541748047,144.13681030273438,251.185546875,0.0
6817,268.20000000002693,0.05000000000001137,252.4486541748047,142.67355346679688,249.8221435546875,0.0
6818,268.25000000002694,0.05000000000001137,252.61276245117188,141.21031188964844,248.45872497558594,0.0
6819,268.25000000002694,0.05000000000001137,252.61276245117188,139.74705505371094,247.09530639648438,0.0
6820,268.30000000002696,0.05000000000001137,252.77154235839845,138.2838134765625,245.73190307617188,0.0
6821,268.35000000002697,0.05000000000001137,252.9252685546875,136.820556640625,244.3684844970703,0.0
6822,268.35000000002697,0.05000000000001137,252.9252685546875,135.3572998046875,243.00506591796875,0.0
6823,268.400000000027,0.05000000000001137,253.0739959716797,133.89404296875,241.64166259765625,0.0
6824,268.400000000027,0.05000000000001137,253.0739959716797,132.43080139160156,240.2782440185547,0.0
6825,268.450000000027,0.05000000000001137,253.21788940429687,130.96754455566406,238.91482543945312,0.0
6826,268.450000000027,0.05000000000001137,253.21788940429687,129.50430297851562,237.55142211914062,0.0
6827,268.500000000027,0.05000000000001137,253.35705871582033,128.04104614257812,236.18800354003906,0.0
6828,268.550000000027,0.05000000000001137,253.49188842773438,126.57778930664062,234.8245849609375,0.0
6829,268.550000000027,0.05000000000001137,253.49188842773438,125.11454772949219,233.461181640625,0.0
6830,268.600000000027,0.05000000000001137,253.62235107421876,123.65129089355469,232.09776306152344,0.0
6831,268.600000000027,0.05000000000001137,253.62235107421876,122.18804168701172,230.73434448242188,0.0
6832,268.65000000002703,0.05000000000001137,253.7486114501953,120.72479248046875,229.37094116210938,0.0
6833,268.65000000002703,0.05000000000001137,253.7486114501953,119.26153564453125,228.0075225830078,0.0
6834,268.70000000002705,0.05000000000001137,253.8707244873047,117.79828643798828,226.64410400390625,0.0
6835,268.70000000002705,0.05000000000001137,253.8707244873047,116.33503723144531,225.28070068359375,0.0
6836,268.75000000002706,0.05000000000001137,253.98896484375,114.87178802490234,223.9172821044922,0.0
6837,268.75000000002706,0.05000000000001137,253.98896484375,113.40853881835938,222.55386352539062,0.0
6838,268.80000000002707,0.05000000000001137,254.10344238281252,111.94528198242188,221.19046020507812,0.0
6839,268.80000000002707,0.05000000000001137,254.10344238281252,110.4820327758789,219.82705688476562,0.0
6840,268.8500000000271,0.05000000000001137,254.21426696777345,109.01878356933594,218.463623046875,0.0
6841,268.8500000000271,0.05000000000001137,254.21426696777345,107.55553436279297,217.1002197265625,0.0
6842,268.9000000000271,0.05000000000001137,254.32160339355468,106.09227752685547,215.73681640625,0.0
6843,268.9000000000271,0.05000000000001137,254.32160339355468,104.6290283203125,214.37338256835938,0.0
6844,268.9500000000271,0.05000000000001137,254.42564392089844,103.16577911376953,213.00997924804688,0.0
6845,269.0000000000271,0.05000000000001137,254.52633361816407,101.70252227783203,211.64657592773438,0.0
6846,269.0000000000271,0.05000000000001137,254.52633361816407,100.23927307128906,210.28314208984375,0.0
6847,269.0500000000271,0.05000000000001137,254.6239471435547,98.7760238647461,208.91973876953125,0.0
6848,269.0500000000271,0.05000000000001137,254.6239471435547,97.31277465820312,207.55633544921875,0.0
6849,269.10000000002714,0.05000000000001137,254.71845703125,95.84951782226562,206.19290161132812,0.0
6850,269.10000000002714,0.05000000000001137,254.71845703125,94.38626861572266,204.82949829101562,0.0
6851,269.15000000002715,0.05000000000001137,254.81013793945314,92.92301940917969,203.46609497070312,0.0
6852,269.20000000002716,0.05000000000001137,254.89898986816408,91.45977020263672,202.1026611328125,0.0
6853,269.20000000002716,0.05000000000001137,254.89898986816408,89.99651336669922,200.7392578125,0.0
6854,269.25000000002717,0.05000000000001137,254.98506774902344,88.53326416015625,199.3758544921875,0.0
6855,269.25000000002717,0.05000000000001137,254.98506774902344,87.07001495361328,198.01243591308594,0.0
6856,269.3000000000272,0.05000000000001137,255.06861877441406,85.60676574707031,196.64901733398438,0.0
6857,269.3000000000272,0.05000000000001137,255.06861877441406,84.14350891113281,195.28561401367188,0.0
6858,269.3500000000272,0.05000000000001137,255.0581268310547,82.68025970458984,193.9221954345703,0.0
6859,269.3500000000272,0.05000000000001137,255.0581268310547,81.21701049804688,192.55877685546875,0.0
6860,269.4000000000272,0.05000000000001137,254.57794189453125,79.7537612915039,191.19537353515625,0.0
6861,269.4500000000272,0.05000000000001137,253.3871612548828,78.2905044555664,189.8319549560547,0.0
6862,269.4500000000272,0.05000000000001137,253.3871612548828,76.82725524902344,188.46853637695312,0.0
6863,269.5000000000272,0.05000000000001137,251.57658691406252,75.36400604248047,187.10513305664062,0.0
6864,269.5000000000272,0.05000000000001137,251.57658691406252,73.90074920654297,185.74171447753906,0.0
6865,269.55000000002724,0.05000000000001137,249.34998779296876,72.4375,184.3782958984375,0.0
6866,269.55000000002724,0.05000000000001137,249.34998779296876,70.97425079345703,183.014892578125,0.0
6867,269.60000000002725,0.05000000000001137,246.82208862304688,69.51100158691406,181.65147399902344,0.0
6868,269.65000000002726,0.05000000000001137,244.06603088378907,68.04774475097656,180.28805541992188,0.0
6869,269.65000000002726,0.05000000000001137,244.06603088378907,66.5844955444336,178.92465209960938,0.0
6870,269.7000000000273,0.05000000000001137,241.13545532226564,65.12124633789062,177.5612335205078,0.0
6871,269.7000000000273,0.05000000000001137,241.13545532226564,63.657997131347656,176.19781494140625,0.0
6872,269.7500000000273,0.05000000000001137,238.07029724121094,62.194740295410156,174.83441162109375,0.0
6873,269.8000000000273,0.05000000000001137,234.90068664550782,60.73149108886719,173.4709930419922,0.0
6874,269.8000000000273,0.05000000000001137,234.90068664550782,59.26824188232422,172.10757446289062,0.0
6875,269.8500000000273,0.05000000000001137,231.64985961914064,57.80499267578125,170.74417114257812,0.0
6876,269.9000000000273,0.05000000000001137,228.33584747314453,56.34173583984375,169.38075256347656,0.0
6877,269.9000000000273,0.05000000000001137,228.33584747314453,54.87848663330078,168.017333984375,0.0
6878,269.95000000002733,0.05000000000001137,224.97274017333984,53.41523742675781,166.6539306640625,0.0
6879,269.95000000002733,0.05000000000001137,224.97274017333984,51.95198059082031,165.29051208496094,0.0
6880,270.00000000002734,0.05000000000001137,221.57381744384767,50.488739013671875,163.92709350585938,0.0
6881,270.05000000002735,0.05000000000001137,218.16127166748046,49.025482177734375,162.56369018554688,0.0
6882,270.05000000002735,0.05000000000001137,218.16127166748046,47.562225341796875,161.2002716064453,0.0
6883,270.10000000002736,0.05000000000001137,214.81870880126954,46.09898376464844,159.83685302734375,0.0
6884,270.1500000000274,0.05000000000001137,211.73987274169923,44.63572692871094,158.47344970703125,0.0
6885,270.1500000000274,0.05000000000001137,211.73987274169923,43.17041015625,157.11224365234375,0.0
6886,270.2000000000274,0.05000000000001137,208.97043914794924,41.700340270996094,155.75621032714844,0.0
6887,270.2500000000274,0.05000000000001137,206.41563720703127,40.22953796386719,154.40093994140625,0.0
6888,270.3000000000274,0.05000000000001137,204.11998901367187,38.758731842041016,153.04568481445312,0.0
6889,270.3000000000274,0.05000000000001137,204.11998901367187,37.287925720214844,151.6904296875,0.0
6890,270.3500000000274,0.05000000000001137,202.12119140625,35.81712341308594,150.3351593017578,0.0
6891,270.40000000002743,0.05000000000001137,200.33762969970704,34.346317291259766,148.9799041748047,0.0
6892,270.40000000002743,0.05000000000001137,200.33762969970704,32.87551498413086,147.6246337890625,0.0
6893,270.45000000002744,0.05000000000001137,198.4537078857422,31.404708862304688,146.26937866210938,0.0
6894,270.50000000002746,0.05000000000001137,196.2334396362305,29.933902740478516,144.91412353515625,0.0
6895,270.55000000002747,0.05000000000001137,193.70374145507813,28.46310043334961,143.55885314941406,0.0
6896,270.55000000002747,0.05000000000001137,193.70374145507813,26.992294311523438,142.20359802246094,0.0
6897,270.6000000000275,0.05000000000001137,190.98230438232423,25.5214900970459,140.84832763671875,0.0
6898,270.6500000000275,0.05000000000001137,188.11424102783204,24.05068588256836,139.49307250976562,0.0
6899,270.7000000000275,0.05000000000001137,185.12501220703126,22.579879760742188,138.1378173828125,0.0
6900,270.7000000000275,0.05000000000001137,185.12501220703126,21.10907554626465,136.7825469970703,0.0
6901,270.7500000000275,0.05000000000001137,182.0391036987305,19.63827133178711,135.4272918701172,0.0
6902,270.8000000000275,0.05000000000001137,178.88462677001954,18.16746711730957,134.072021484375,0.0
6903,270.85000000002753,0.05000000000001137,175.72865295410156,16.6966609954834,132.71676635742188,0.0
6904,270.90000000002755,0.05000000000001137,172.59610748291016,15.22585678100586,131.36151123046875,0.0
6905,270.90000000002755,0.05000000000001137,172.59610748291016,13.75505256652832,130.00624084472656,0.0
6906,270.95000000002756,0.05000000000001137,169.55419921875,12.284248352050781,128.65098571777344,0.0
6907,271.00000000002757,0.05000000000001137,166.81510162353516,10.81344223022461,127.29571533203125,0.0
6908,271.0500000000276,0.05000000000001137,164.4561721801758,9.342639923095703,125.94046020507812,0.0
6909,271.1000000000276,0.05000000000001137,162.37887725830078,7.871833801269531,124.58518981933594,0.0
6910,271.1500000000276,0.05000000000001137,160.5439682006836,6.401027679443359,123.22993469238281,0.0
6911,271.2000000000276,0.05000000000001137,158.90711517333986,4.930999755859375,121.87382507324219,0.0
6912,271.2500000000276,0.05000000000001137,157.45035552978516,3.465850830078125,120.51246643066406,0.0
6913,271.30000000002764,0.05000000000001137,156.1493682861328,2.00616455078125,119.14524841308594,0.0
6914,271.35000000002765,0.05000000000001137,154.98468017578125,0.55194091796875,117.77220153808594,0.0
6915,271.40000000002766,0.05000000000001137,153.93665313720703,-0.89678955078125,116.39335632324219,0.0
6916,271.45000000002767,0.05000000000001137,152.99638824462892,-2.3399658203125,115.00874328613281,0.0
6917,271.5000000000277,0.05000000000001137,152.14839477539064,-3.779679298400879,113.6204833984375,0.0
6918,271.5500000000277,0.05000000000001137,151.39156036376954,-5.132547378540039,112.14909362792969,0.0
6919,271.6000000000277,0.05000000000001137,150.72585754394532,-6.30046272277832,110.52698516845703,0.0
6920,271.6500000000277,0.05000000000001137,150.14983062744142,-7.266786575317383,108.77728271484375,0.0
6921,271.6500000000277,0.05000000000001137,150.14983062744142,-8.017751693725586,106.9249038696289,0.0
6922,271.6500000000277,0.05000000000001137,150.14983062744142,-8.542658805847168,104.99624633789062,0.0
6923,271.7000000000277,0.05000000000001137,149.663232421875,-8.834029197692871,103.01879119873047,0.0
6924,271.75000000002774,0.05000000000001137,149.2644012451172,-8.88787841796875,101.02069091796875,0.0
6925,271.80000000002775,0.05000000000001137,148.95638580322267,-8.83110237121582,99.02149200439453,0.0
6926,271.85000000002776,0.05000000000001137,148.73952941894532,-8.774327278137207,97.02230072021484,0.0
6927,271.9000000000278,0.05000000000001137,148.61368103027345,-8.717552185058594,95.02310180664062,0.0
6928,271.9500000000278,0.05000000000001137,148.57772827148438,-8.660776138305664,93.02391052246094,0.0
6929,272.0000000000278,0.05000000000001137,148.63150634765626,-8.60400104522705,91.02471923828125,0.0
6930,272.1000000000278,0.10000000000002274,148.98199768066408,-8.547225952148438,89.02552795410156,0.0
6931,272.15000000002783,0.05000000000001137,149.26758728027343,-8.490449905395508,87.02632904052734,0.0
6932,272.20000000002784,0.05000000000001137,149.61612854003906,-8.433674812316895,85.02713775634766,0.0
6933,272.25000000002785,0.05000000000001137,150.01837921142578,-8.376899719238281,83.02793884277344,0.0
6934,272.30000000002786,0.05000000000001137,150.46478118896485,-8.323699951171875,81.02864837646484,0.0
6935,272.3500000000279,0.05000000000001137,150.94581756591796,-8.279754638671875,79.02913665771484,0.0
6936,272.4000000000279,0.05000000000001137,151.45257568359375,-8.2451171875,77.02943420410156,0.0
6937,272.4500000000279,0.05000000000001137,151.97720031738282,-8.21978759765625,75.02960205078125,0.0
6938,272.4500000000279,0.05000000000001137,151.97720031738282,-8.203765869140625,73.0296630859375,0.0
6939,272.5000000000279,0.05000000000001137,152.51351165771484,-8.197052001953125,71.02967834472656,0.0
6940,272.5500000000279,0.05000000000001137,153.055810546875,-8.19964599609375,69.02967834472656,0.0
6941,272.60000000002793,0.05000000000001137,153.60008697509767,-8.211578369140625,67.02971649169922,0.0
6942,272.65000000002794,0.05000000000001137,154.14345703125,-8.2327880859375,65.02983093261719,0.0
6943,272.70000000002796,0.05000000000001137,154.68406677246094,-8.2633056640625,63.030067443847656,0.0
6944,272.75000000002797,0.05000000000001137,155.22025451660156,-8.30316162109375,61.03046417236328,0.0
6945,272.800000000028,0.05000000000001137,155.75147094726563,-8.352294921875,59.031070709228516,0.0
6946,272.850000000028,0.05000000000001137,156.27752380371095,-8.410736083984375,57.03192901611328,0.0
6947,272.900000000028,0.05000000000001137,156.7988250732422,-8.478515625,55.033077239990234,0.0
6948,272.950000000028,0.05000000000001137,157.3158416748047,-8.555572509765625,53.03456497192383,0.0
6949,273.000000000028,0.05000000000001137,157.8291229248047,-8.641937255859375,51.03643035888672,0.0
6950,273.000000000028,0.05000000000001137,157.8291229248047,-8.737579345703125,49.03872299194336,0.0
6951,273.05000000002804,0.05000000000001137,158.33897094726564,-8.842559814453125,47.041481018066406,0.0
6952,273.10000000002805,0.05000000000001137,158.84449310302736,-8.956817626953125,45.04474639892578,0.0
6953,273.15000000002806,0.05000000000001137,159.34596405029296,-9.080352783203125,43.04856872558594,0.0
6954,273.20000000002807,0.05000000000001137,159.8413513183594,-9.21319580078125,41.05298614501953,0.0
6955,273.2500000000281,0.05000000000001137,160.33065490722657,-9.355316162109375,39.05804443359375,0.0
6956,273.3000000000281,0.05000000000001137,160.81001586914064,-9.506744384765625,37.06378936767578,0.0
6957,273.3500000000281,0.05000000000001137,161.27664642333986,-9.66741943359375,35.070255279541016,0.0
6958,273.3500000000281,0.05000000000001137,161.27664642333986,-9.83740234375,33.07749557495117,0.0
6959,273.4000000000281,0.05000000000001137,161.72988739013672,-10.016496658325195,31.08553123474121,0.0
6960,273.4500000000281,0.05000000000001137,162.16365509033204,-10.198583602905273,29.09383773803711,0.0
6961,273.50000000002814,0.05000000000001137,162.57740020751953,-10.380670547485352,27.102144241333008,0.0
6962,273.55000000002815,0.05000000000001137,162.964599609375,-10.56275749206543,25.110450744628906,0.0
6963,273.60000000002816,0.05000000000001137,163.32437438964845,-10.744844436645508,23.118755340576172,0.0
6964,273.6500000000282,0.05000000000001137,163.64981689453126,-10.926931381225586,21.127063751220703,0.0
6965,273.7000000000282,0.05000000000001137,163.9377410888672,-11.119781494140625,19.136409759521484,0.0
6966,273.7500000000282,0.05000000000001137,164.18963012695312,-11.35614013671875,17.150470733642578,0.0
6967,273.7500000000282,0.05000000000001137,164.18963012695312,-11.638153076171875,15.170498847961426,0.0
6968,273.8000000000282,0.05000000000001137,164.39986724853517,-11.965675354003906,13.197543144226074,0.0
6969,273.8500000000282,0.05000000000001137,164.57159729003908,-12.338531494140625,11.232650756835938,0.0
6970,273.8500000000282,0.05000000000001137,164.57159729003908,-12.756523132324219,9.276863098144531,0.0
6971,273.90000000002823,0.05000000000001137,164.70089263916017,-13.219429016113281,7.331214904785156,0.0
6972,273.95000000002824,0.05000000000001137,164.79255981445314,-13.726997375488281,5.396739959716797,0.0
6973,274.00000000002825,0.05000000000001137,164.84463500976562,-14.278968811035156,3.4744625091552734,0.0
6974,274.05000000002826,0.05000000000001137,164.86321563720705,-14.875045776367188,1.5654010772705078,0.0
6975,274.05000000002826,0.05000000000001137,164.86321563720705,-15.514915466308594,-0.32943153381347656,0.0
6976,274.1000000000283,0.05000000000001137,164.84839782714843,-16.19823455810547,-2.2090320587158203,0.0
6977,274.1500000000283,0.05000000000001137,164.8071716308594,-16.924644470214844,-4.0724029541015625,0.0
6978,274.2000000000283,0.05000000000001137,164.74400024414064,-17.693756103515625,-5.918560028076172,0.0
6979,274.2500000000283,0.05000000000001137,164.66182250976564,-18.505165100097656,-7.74652099609375,0.0
6980,274.3000000000283,0.05000000000001137,164.56845245361328,-19.358444213867188,-9.555316925048828,0.0
6981,274.3000000000283,0.05000000000001137,164.56845245361328,-20.253128051757812,-11.343990325927734,0.0
6982,274.35000000002833,0.05000000000001137,164.4700149536133,-21.188758850097656,-13.111591339111328,0.0
6983,274.40000000002834,0.05000000000001137,164.37203063964844,-22.164833068847656,-14.857185363769531,0.0
6984,274.45000000002835,0.05000000000001137,164.28251953125002,-23.18083953857422,-16.579849243164062,0.0
6985,274.50000000002836,0.05000000000001137,164.20869140625,-24.236228942871094,-18.278663635253906,0.0
6986,274.5500000000284,0.05000000000001137,164.158154296875,-25.3304443359375,-19.952735900878906,0.0
6987,274.5500000000284,0.05000000000001137,164.158154296875,-26.462913513183594,-21.60116958618164,0.0
6988,274.6000000000284,0.05000000000001137,164.13814544677734,-27.633026123046875,-23.223098754882812,0.0
6989,274.6500000000284,0.05000000000001137,164.15733032226564,-28.840171813964844,-24.81766128540039,0.0
6990,274.7000000000284,0.05000000000001137,164.22171020507812,-30.083702087402344,-26.384010314941406,0.0
6991,274.7500000000284,0.05000000000001137,164.33769836425782,-31.361032485961914,-27.922948837280273,0.0
6992,274.80000000002843,0.05000000000001137,164.51277923583984,-32.646278381347656,-29.45531463623047,0.0
6993,274.85000000002844,0.05000000000001137,164.74895782470705,-33.931522369384766,-30.987682342529297,0.0
6994,274.90000000002846,0.05000000000001137,165.0505599975586,-35.216766357421875,-32.52004623413086,0.0
6995,274.95000000002847,0.05000000000001137,165.41457824707032,-36.50201416015625,-34.05241012573242,0.0
6996,274.95000000002847,0.05000000000001137,165.41457824707032,-37.78725814819336,-35.58477783203125,0.0
6997,275.0000000000285,0.05000000000001137,165.8396942138672,-39.07250213623047,-37.11714172363281,0.0
6998,275.0500000000285,0.05000000000001137,166.31808013916017,-40.35969543457031,-38.64787673950195,0.0
6999,275.1000000000285,0.05000000000001137,166.83655242919923,-41.666259765625,-40.16207504272461,0.0
7000,275.1500000000285,0.05000000000001137,167.38060913085937,-42.99610137939453,-41.6558723449707,0.0
7001,275.2000000000285,0.05000000000001137,167.92782440185547,-44.34889221191406,-43.12892532348633,0.0
7002,275.25000000002854,0.05000000000001137,168.45508575439453,-45.72431945800781,-44.580867767333984,0.0
7003,275.25000000002854,0.05000000000001137,168.45508575439453,-47.122039794921875,-46.011348724365234,0.0
7004,275.30000000002855,0.05000000000001137,168.94362030029296,-48.541725158691406,-47.420040130615234,0.0
7005,275.35000000002856,0.05000000000001137,169.38374633789064,-49.98303985595703,-48.80659866333008,0.0
7006,275.40000000002857,0.05000000000001137,169.7707534790039,-51.44563293457031,-50.17068862915039,0.0
7007,275.4500000000286,0.05000000000001137,170.10638580322265,-52.929161071777344,-51.51198196411133,0.0
7008,275.5000000000286,0.05000000000001137,170.3874710083008,-54.433258056640625,-52.83016586303711,0.0
7009,275.5500000000286,0.05000000000001137,170.6159866333008,-55.95757293701172,-54.12491989135742,0.0
7010,275.6000000000286,0.05000000000001137,170.79897766113282,-57.501731872558594,-55.395931243896484,0.0
7011,275.6500000000286,0.05000000000001137,170.93600463867188,-59.064762115478516,-56.64368438720703,0.0
7012,275.70000000002864,0.05000000000001137,171.03577423095703,-60.58545684814453,-57.942176818847656,0.0
7013,275.75000000002865,0.05000000000001137,171.098876953125,-62.01905059814453,-59.33624267578125,0.0
7014,275.75000000002865,0.05000000000001137,171.098876953125,-63.35954666137695,-60.820045471191406,0.0
7015,275.80000000002866,0.05000000000001137,171.13447265625,-64.6013412475586,-62.38739013671875,0.0
7016,275.8500000000287,0.05000000000001137,171.14409942626955,-65.7392349243164,-64.03170776367188,0.0
7017,275.8500000000287,0.05000000000001137,171.14409942626955,-66.76847839355469,-65.74613952636719,0.0
7018,275.9000000000287,0.05000000000001137,171.13345642089845,-67.68476104736328,-67.52350616455078,0.0
7019,275.9000000000287,0.05000000000001137,171.13345642089845,-68.4842529296875,-69.35637664794922,0.0
7020,275.9500000000287,0.05000000000001137,171.11101684570312,-69.16361999511719,-71.23709106445312,0.0
7021,276.0000000000287,0.05000000000001137,171.07912902832032,-69.72000122070312,-73.15777587890625,0.0
7022,276.0000000000287,0.05000000000001137,171.07912902832032,-70.15109252929688,-75.11040496826172,0.0
7023,276.0500000000287,0.05000000000001137,171.0455520629883,-70.455078125,-77.0868148803711,0.0
7024,276.10000000002873,0.05000000000001137,171.0131561279297,-70.64791107177734,-79.07740020751953,0.0
7025,276.15000000002874,0.05000000000001137,170.98906860351562,-70.82571411132812,-81.0694808959961,0.0
7026,276.20000000002875,0.05000000000001137,170.9779037475586,-71.0035171508789,-83.06156158447266,0.0
7027,276.25000000002876,0.05000000000001137,170.98279266357423,-71.18132781982422,-85.05364227294922,0.0
7028,276.3000000000288,0.05000000000001137,171.00950317382814,-71.359130859375,-87.04572296142578,0.0
7029,276.3500000000288,0.05000000000001137,171.06094665527345,-71.53693389892578,-89.03780364990234,0.0
7030,276.4000000000288,0.05000000000001137,171.1413116455078,-71.71473693847656,-91.0298843383789,0.0
7031,276.4500000000288,0.05000000000001137,171.2529052734375,-71.89254760742188,-93.02196502685547,0.0
7032,276.5000000000288,0.05000000000001137,171.3979934692383,-72.07035064697266,-95.01404571533203,0.0
7033,276.55000000002883,0.05000000000001137,171.57837524414063,-72.24815368652344,-97.0061264038086,0.0
7034,276.60000000002884,0.05000000000001137,171.79439392089844,-72.42595672607422,-98.99820709228516,0.0
7035,276.60000000002884,0.05000000000001137,171.79439392089844,-72.60376739501953,-100.99028778076172,0.0
7036,276.65000000002885,0.05000000000001137,172.04603576660156,-72.78157043457031,-102.98236846923828,0.0
7037,276.70000000002887,0.05000000000001137,172.33213348388674,-72.9593734741211,-104.97444915771484,0.0
7038,276.7500000000289,0.05000000000001137,172.65092926025392,-73.1371841430664,-106.9665298461914,0.0
7039,276.8000000000289,0.05000000000001137,172.9999786376953,-73.31498718261719,-108.95861053466797,0.0
7040,276.8500000000289,0.05000000000001137,173.3762191772461,-73.49279022216797,-110.95069122314453,0.0
7041,276.8500000000289,0.05000000000001137,173.3762191772461,-73.67059326171875,-112.9427719116211,0.0
7042,276.9000000000289,0.05000000000001137,173.77616271972656,-73.84840393066406,-114.93485260009766,0.0
7043,276.9500000000289,0.05000000000001137,174.19634857177735,-74.02620697021484,-116.92693328857422,0.0
7044,277.00000000002893,0.05000000000001137,174.63316497802734,-74.20401000976562,-118.91901397705078,0.0
7045,277.05000000002894,0.05000000000001137,175.08289031982423,-74.3818130493164,-120.91109466552734,0.0
7046,277.10000000002896,0.05000000000001137,175.54261322021486,-74.55962371826172,-122.9031753540039,0.0
7047,277.10000000002896,0.05000000000001137,175.54261322021486,-74.7374267578125,-124.89525604248047,0.0
7048,277.15000000002897,0.05000000000001137,176.0095458984375,-74.91522979736328,-126.88733673095703,0.0
7049,277.200000000029,0.05000000000001137,176.48106536865234,-75.09283447265625,-128.8794403076172,0.0
7050,277.250000000029,0.05000000000001137,176.95555114746094,-75.26486206054688,-130.8720245361328,0.0
7051,277.300000000029,0.05000000000001137,177.4315200805664,-75.42892456054688,-132.86529541015625,0.0
7052,277.300000000029,0.05000000000001137,177.4315200805664,-75.58820343017578,-134.8589324951172,0.0
7053,277.350000000029,0.05000000000001137,177.90776367187502,-75.74745178222656,-136.8525848388672,0.0
7054,277.400000000029,0.05000000000001137,178.38340301513674,-75.90670013427734,-138.84622192382812,0.0
7055,277.45000000002904,0.05000000000001137,178.85803985595703,-76.06594848632812,-140.83987426757812,0.0
7056,277.45000000002904,0.05000000000001137,178.85803985595703,-76.2251968383789,-142.83352661132812,0.0
7057,277.50000000002905,0.05000000000001137,179.33138580322267,-76.38444519042969,-144.82717895507812,0.0
7058,277.55000000002906,0.05000000000001137,179.80317993164064,-76.54369354248047,-146.82083129882812,0.0
7059,277.60000000002907,0.05000000000001137,180.2733123779297,-76.70294189453125,-148.81448364257812,0.0
7060,277.60000000002907,0.05000000000001137,180.2733123779297,-76.86219024658203,-150.80813598632812,0.0
7061,277.6500000000291,0.05000000000001137,180.74178314208984,-77.02143859863281,-152.80177307128906,0.0
7062,277.7000000000291,0.05000000000001137,181.2086608886719,-77.1806869506836,-154.79542541503906,0.0
7063,277.7500000000291,0.05000000000001137,181.67391815185547,-77.33993530273438,-156.78907775878906,0.0
7064,277.7500000000291,0.05000000000001137,181.67391815185547,-77.49918365478516,-158.78273010253906,0.0
7065,277.8000000000291,0.05000000000001137,182.1376510620117,-77.65843200683594,-160.77638244628906,0.0
7066,277.8500000000291,0.05000000000001137,182.59984588623047,-77.81768035888672,-162.77001953125,0.0
7067,277.90000000002914,0.05000000000001137,183.0605712890625,-77.9769287109375,-164.763671875,0.0
7068,277.95000000002915,0.05000000000001137,183.51984100341798,-78.13617706298828,-166.75732421875,0.0
7069,277.95000000002915,0.05000000000001137,183.51984100341798,-78.29542541503906,-168.7509765625,0.0
7070,278.00000000002916,0.05000000000001137,183.9776824951172,-78.45467376708984,-170.74462890625,0.0
7071,278.0500000000292,0.05000000000001137,184.43416442871094,-78.61392211914062,-172.73828125,0.0
7072,278.1000000000292,0.05000000000001137,184.88927307128907,-78.7731704711914,-174.73193359375,0.0
7073,278.1000000000292,0.05000000000001137,184.88927307128907,-78.93241882324219,-176.7255859375,0.0
7074,278.1500000000292,0.05000000000001137,185.34302215576173,-79.09165954589844,-178.71922302246094,0.0
7075,278.2000000000292,0.05000000000001137,185.79543914794922,-79.25090789794922,-180.71287536621094,0.0
7076,278.2500000000292,0.05000000000001137,186.24663391113282,-79.41015625,-182.70652770996094,0.0
7077,278.30000000002923,0.05000000000001137,186.69652404785157,-79.56940460205078,-184.70018005371094,0.0
7078,278.30000000002923,0.05000000000001137,186.69652404785157,-79.72865295410156,-186.69381713867188,0.0
7079,278.35000000002924,0.05000000000001137,187.14519195556642,-79.88790130615234,-188.68746948242188,0.0
7080,278.40000000002925,0.05000000000001137,187.59266510009766,-80.04714965820312,-190.68112182617188,0.0
7081,278.45000000002926,0.05000000000001137,188.038916015625,-80.2063980102539,-192.67477416992188,0.0
7082,278.45000000002926,0.05000000000001137,188.038916015625,-80.36564636230469,-194.66842651367188,0.0
7083,278.5000000000293,0.05000000000001137,188.4840270996094,-80.52489471435547,-196.66207885742188,0.0
7084,278.5500000000293,0.05000000000001137,188.92794342041017,-80.68414306640625,-198.65573120117188,0.0
7085,278.6000000000293,0.05000000000001137,189.37069244384767,-80.84339141845703,-200.64938354492188,0.0
7086,278.6000000000293,0.05000000000001137,189.37069244384767,-81.00263977050781,-202.64303588867188,0.0
7087,278.6500000000293,0.05000000000001137,189.8122741699219,-81.1618881225586,-204.6366729736328,0.0
7088,278.7000000000293,0.05000000000001137,190.2527297973633,-81.32113647460938,-206.6303253173828,0.0
7089,278.75000000002933,0.05000000000001137,190.6920593261719,-81.48038482666016,-208.6239776611328,0.0
7090,278.75000000002933,0.05000000000001137,190.6920593261719,-81.63963317871094,-210.61761474609375,0.0
7091,278.80000000002934,0.05000000000001137,191.1302490234375,-81.79888153076172,-212.61126708984375,0.0
7092,278.85000000002935,0.05000000000001137,191.5673812866211,-81.9581298828125,-214.60491943359375,0.0
7093,278.90000000002937,0.05000000000001137,192.00348358154298,-82.11480712890625,-216.59877014160156,0.0
7094,278.90000000002937,0.05000000000001137,192.00348358154298,-82.263671875,-218.5932159423828,0.0
7095,278.9500000000294,0.05000000000001137,192.43855590820314,-82.404541015625,-220.5882568359375,0.0
7096,279.0000000000294,0.05000000000001137,192.8726531982422,-82.53741455078125,-222.58383178710938,0.0
7097,279.0500000000294,0.05000000000001137,193.3058578491211,-82.66232299804688,-224.57992553710938,0.0
7098,279.1000000000294,0.05000000000001137,193.73818359375,-82.77923583984375,-226.57650756835938,0.0
7099,279.1000000000294,0.05000000000001137,193.73818359375,-82.88818359375,-228.5735321044922,0.0
7100,279.1500000000294,0.05000000000001137,194.1696304321289,-82.9891357421875,-230.57098388671875,0.0
7101,279.20000000002943,0.05000000000001137,194.60021209716797,-83.08206176757812,-232.56881713867188,0.0
7102,279.25000000002944,0.05000000000001137,195.0300247192383,-83.16702270507812,-234.5670166015625,0.0
7103,279.30000000002946,0.05000000000001137,195.4589859008789,-83.2442398071289,-236.56553649902344,0.0
7104,279.30000000002946,0.05000000000001137,195.4589859008789,-83.3191909790039,-238.5641326904297,0.0
7105,279.35000000002947,0.05000000000001137,195.88717803955078,-83.3941421508789,-240.56272888183594,0.0
7106,279.4000000000295,0.05000000000001137,196.31455993652344,-83.4690933227539,-242.5613250732422,0.0
7107,279.4500000000295,0.05000000000001137,196.74107666015627,-83.5440444946289,-244.55992126464844,0.0
7108,279.4500000000295,0.05000000000001137,196.74107666015627,-83.61900329589844,-246.5585174560547,0.0
7109,279.5000000000295,0.05000000000001137,197.16678314208986,-83.69395446777344,-248.55711364746094,0.0
7110,279.5500000000295,0.05000000000001137,197.5916244506836,-83.76890563964844,-250.55569458007812,0.0
7111,279.5500000000295,0.05000000000001137,197.5916244506836,-83.84385681152344,-252.55429077148438,0.0
7112,279.6000000000295,0.05000000000001137,198.01561431884767,-83.91880798339844,-254.55288696289062,0.0
7113,279.65000000002954,0.05000000000001137,198.4386978149414,-83.99375915527344,-256.5514831542969,0.0
7114,279.65000000002954,0.05000000000001137,198.4386978149414,-84.06871795654297,-258.5500793457031,0.0
7115,279.70000000002955,0.05000000000001137,198.86087493896486,-84.14366912841797,-260.5486755371094,0.0
7116,279.75000000002956,0.05000000000001137,199.28217315673828,-84.21862030029297,-262.5472717285156,0.0
7117,279.80000000002957,0.05000000000001137,199.70252380371093,-84.29357147216797,-264.5458679199219,0.0
7118,279.80000000002957,0.05000000000001137,199.70252380371093,-84.36852264404297,-266.5444641113281,0.0
7119,279.8500000000296,0.05000000000001137,200.1219955444336,-84.4434814453125,-268.5430603027344,0.0
7120,279.9000000000296,0.05000000000001137,200.54056091308595,-84.5184326171875,-270.5416564941406,0.0
7121,279.9000000000296,0.05000000000001137,200.54056091308595,-84.5933837890625,-272.5402526855469,0.0
7122,279.9500000000296,0.05000000000001137,200.95816497802736,-84.6683349609375,-274.5388488769531,0.0
7123,280.0000000000296,0.05000000000001137,201.37484893798828,-84.7432861328125,-276.5374450683594,0.0
7124,280.0500000000296,0.05000000000001137,201.7906265258789,-84.8182373046875,-278.5360412597656,0.0
7125,280.0500000000296,0.05000000000001137,201.7906265258789,-84.89319610595703,-280.5346374511719,0.0
7126,280.10000000002964,0.05000000000001137,202.20549774169922,-84.96814727783203,-282.5332336425781,0.0
7127,280.15000000002965,0.05000000000001137,202.6194625854492,-85.04309844970703,-284.5318298339844,0.0
7128,280.15000000002965,0.05000000000001137,202.6194625854492,-85.11804962158203,-286.5304260253906,0.0
7129,280.20000000002966,0.05000000000001137,203.03245239257814,-85.19300079345703,-288.52899169921875,0.0
7130,280.2500000000297,0.05000000000001137,203.44459075927736,-85.26795196533203,-290.527587890625,0.0
7131,280.3000000000297,0.05000000000001137,203.8557540893555,-85.34291076660156,-292.52618408203125,0.0
7132,280.3000000000297,0.05000000000001137,203.8557540893555,-85.41786193847656,-294.5247802734375,0.0
7133,280.3500000000297,0.05000000000001137,204.26605224609375,-85.49281311035156,-296.52337646484375,0.0
7134,280.4000000000297,0.05000000000001137,204.67544403076172,-85.56776428222656,-298.52197265625,0.0
7135,280.4000000000297,0.05000000000001137,204.67544403076172,-85.64271545410156,-300.52056884765625,0.0
7136,280.4500000000297,0.05000000000001137,205.08392944335938,-85.71766662597656,-302.5191650390625,0.0
7137,280.50000000002973,0.05000000000001137,205.49150848388672,-85.7926254272461,-304.51776123046875,0.0
7138,280.50000000002973,0.05000000000001137,205.49150848388672,-85.8675765991211,-306.516357421875,0.0
7139,280.55000000002974,0.05000000000001137,205.8981948852539,-85.9425277709961,-308.51495361328125,0.0
7140,280.60000000002975,0.05000000000001137,206.3039749145508,-86.0174789428711,-310.5135498046875,0.0
7141,280.65000000002976,0.05000000000001137,206.70887603759766,-86.0924301147461,-312.51214599609375,0.0
7142,280.65000000002976,0.05000000000001137,206.70887603759766,-86.1673812866211,-314.5107421875,0.0
7143,280.7000000000298,0.05000000000001137,207.11288452148438,-86.24234008789062,-316.50933837890625,0.0
7144,280.7500000000298,0.05000000000001137,207.5160140991211,-86.31729125976562,-318.5079345703125,0.0
7145,280.7500000000298,0.05000000000001137,207.5160140991211,-86.39224243164062,-320.50653076171875,0.0
7146,280.8000000000298,0.05000000000001137,207.9182373046875,-86.46719360351562,-322.505126953125,0.0
7147,280.8500000000298,0.05000000000001137,208.31956787109377,-86.54214477539062,-324.50372314453125,0.0
7148,280.8500000000298,0.05000000000001137,208.31956787109377,-86.61709594726562,-326.5023193359375,0.0
7149,280.9000000000298,0.05000000000001137,208.7200469970703,-86.69205474853516,-328.50091552734375,0.0
7150,280.95000000002983,0.05000000000001137,209.11959228515624,-86.76700592041016,-330.49951171875,0.0
7151,280.95000000002983,0.05000000000001137,209.11959228515624,-86.84195709228516,-332.49810791015625,0.0
7152,281.00000000002984,0.05000000000001137,209.5182861328125,-86.91690826416016,-334.4967041015625,0.0
7153,281.05000000002985,0.05000000000001137,209.91610107421874,-86.99185943603516,-336.49530029296875,0.0
7154,281.05000000002985,0.05000000000001137,209.91610107421874,-87.06681060791016,-338.493896484375,0.0
7155,281.10000000002987,0.05000000000001137,210.31303710937502,-87.14176940917969,-340.49249267578125,0.0
7156,281.1500000000299,0.05000000000001137,210.7090805053711,-87.21672058105469,-342.4910888671875,0.0
7157,281.2000000000299,0.05000000000001137,211.1042724609375,-87.29167175292969,-344.48968505859375,0.0
7158,281.2000000000299,0.05000000000001137,211.1042724609375,-87.36662292480469,-346.48828125,0.0
7159,281.2500000000299,0.05000000000001137,211.49857177734376,-87.44157409667969,-348.48687744140625,0.0
7160,281.3000000000299,0.05000000000001137,211.8919921875,-87.51652526855469,-350.4854736328125,0.0
7161,281.3000000000299,0.05000000000001137,211.8919921875,-87.59148406982422,-352.4840393066406,0.0
7162,281.3500000000299,0.05000000000001137,212.2845199584961,-87.66643524169922,-354.4826354980469,0.0
7163,281.40000000002993,0.05000000000001137,212.67619628906252,-87.74138641357422,-356.4812316894531,0.0
7164,281.40000000002993,0.05000000000001137,212.67619628906252,-87.81633758544922,-358.4798278808594,0.0
7165,281.45000000002995,0.05000000000001137,213.06702117919923,-87.89128875732422,-360.4784240722656,0.0
7166,281.50000000002996,0.05000000000001137,213.45696716308595,-87.96624755859375,-362.4770202636719,0.0
7167,281.50000000002996,0.05000000000001137,213.45696716308595,-88.04119873046875,-364.4756164550781,0.0
7168,281.55000000002997,0.05000000000001137,213.8460205078125,-88.11614990234375,-366.4742126464844,0.0
7169,281.60000000003,0.05000000000001137,214.23422241210938,-88.19110107421875,-368.4728088378906,0.0
7170,281.60000000003,0.05000000000001137,214.23422241210938,-88.26605224609375,-370.4714050292969,0.0
7171,281.65000000003,0.05000000000001137,214.6215591430664,-88.34100341796875,-372.4700012207031,0.0
7172,281.70000000003,0.05000000000001137,215.0080581665039,-88.41595458984375,-374.4685974121094,0.0
7173,281.70000000003,0.05000000000001137,215.0080581665039,-88.49091339111328,-376.4671936035156,0.0
7174,281.75000000003,0.05000000000001137,215.39363708496094,-88.56586456298828,-378.4657897949219,0.0
7175,281.80000000003,0.05000000000001137,215.77837829589845,-88.64081573486328,-380.4643859863281,0.0
7176,281.80000000003,0.05000000000001137,215.77837829589845,-88.71576690673828,-382.4629821777344,0.0
7177,281.85000000003004,0.05000000000001137,216.1623092651367,-88.79071807861328,-384.4615478515625,0.0
7178,281.90000000003005,0.05000000000001137,216.54534759521485,-88.86567687988281,-386.46014404296875,0.0
7179,281.90000000003005,0.05000000000001137,216.54534759521485,-88.94062805175781,-388.458740234375,0.0
7180,281.95000000003006,0.05000000000001137,216.9275344848633,-89.01557922363281,-390.45733642578125,0.0
7181,282.00000000003007,0.05000000000001137,217.30889739990235,-89.09053039550781,-392.4559326171875,0.0
7182,282.00000000003007,0.05000000000001137,217.30889739990235,-89.16548156738281,-394.45452880859375,0.0
7183,282.0500000000301,0.05000000000001137,217.68939514160158,-89.24043273925781,-396.453125,0.0
7184,282.1000000000301,0.05000000000001137,218.0690414428711,-89.31538391113281,-398.45172119140625,0.0
7185,282.1000000000301,0.05000000000001137,218.0690414428711,-89.39034271240234,-400.4503173828125,0.0
7186,282.1500000000301,0.05000000000001137,218.44786376953127,-89.46529388427734,-402.44891357421875,0.0
7187,282.2000000000301,0.05000000000001137,218.82583465576172,-89.54024505615234,-404.447509765625,0.0
7188,282.2000000000301,0.05000000000001137,218.82583465576172,-89.61519622802734,-406.44610595703125,0.0
7189,282.2500000000301,0.05000000000001137,219.20294036865235,-89.69014739990234,-408.4447021484375,0.0
7190,282.30000000003014,0.05000000000001137,219.57924957275392,-89.76510620117188,-410.44329833984375,0.0
7191,282.30000000003014,0.05000000000001137,219.57924957275392,-89.84005737304688,-412.44189453125,0.0
7192,282.35000000003015,0.05000000000001137,219.95463867187502,-89.91500854492188,-414.44049072265625,0.0
7193,282.40000000003016,0.05000000000001137,220.3292449951172,-89.98995971679688,-416.4390869140625,0.0
7194,282.40000000003016,0.05000000000001137,220.3292449951172,-90.06491088867188,-418.43768310546875,0.0
7195,282.4500000000302,0.05000000000001137,220.7029998779297,-90.13986206054688,-420.436279296875,0.0
7196,282.5000000000302,0.05000000000001137,221.0759033203125,-90.2148208618164,-422.43487548828125,0.0
7197,282.5000000000302,0.05000000000001137,221.0759033203125,-90.2897720336914,-424.4334716796875,0.0
7198,282.5500000000302,0.05000000000001137,221.44796905517578,-90.3647232055664,-426.43206787109375,0.0
7199,282.5500000000302,0.05000000000001137,221.44796905517578,-90.4396743774414,-428.4306640625,0.0
7200,282.6000000000302,0.05000000000001137,221.81923828125,-90.5146255493164,-430.42926025390625,0.0
7201,282.6500000000302,0.05000000000001137,222.18964233398438,-90.5895767211914,-432.4278564453125,0.0
7202,282.6500000000302,0.05000000000001137,222.18964233398438,-90.66453552246094,-434.42645263671875,0.0
7203,282.70000000003023,0.05000000000001137,222.55919494628907,-90.73948669433594,-436.425048828125,0.0
7204,282.75000000003024,0.05000000000001137,222.92796478271484,-90.81443786621094,-438.42364501953125,0.0
7205,282.75000000003024,0.05000000000001137,222.92796478271484,-90.88938903808594,-440.4222412109375,0.0
7206,282.80000000003025,0.05000000000001137,223.29586944580078,-90.96434020996094,-442.42083740234375,0.0
7207,282.85000000003026,0.05000000000001137,223.6629638671875,-91.03929138183594,-444.41943359375,0.0
7208,282.85000000003026,0.05000000000001137,223.6629638671875,-91.11425018310547,-446.41802978515625,0.0
7209,282.9000000000303,0.05000000000001137,224.02923431396485,-91.18920135498047,-448.4166259765625,0.0
7210,282.9500000000303,0.05000000000001137,224.3946533203125,-91.26415252685547,-450.41522216796875,0.0
7211,282.9500000000303,0.05000000000001137,224.3946533203125,-91.33910369873047,-452.413818359375,0.0
7212,283.0000000000303,0.05000000000001137,224.75928955078126,-91.41405487060547,-454.41241455078125,0.0
7213,283.0000000000303,0.05000000000001137,224.75928955078126,-91.48900604248047,-456.4110107421875,0.0
7214,283.0500000000303,0.05000000000001137,225.1230880737305,-91.56396484375,-458.40960693359375,0.0
7215,283.1000000000303,0.05000000000001137,225.48604888916017,-91.638916015625,-460.408203125,0.0
7216,283.1000000000303,0.05000000000001137,225.48604888916017,-91.7138671875,-462.40679931640625,0.0
7217,283.15000000003033,0.05000000000001137,225.8481857299805,-91.788818359375,-464.4053649902344,0.0
7218,283.20000000003034,0.05000000000001137,226.20955352783204,-91.86376953125,-466.4039611816406,0.0
7219,283.20000000003034,0.05000000000001137,226.20955352783204,-91.938720703125,-468.4025573730469,0.0
7220,283.25000000003035,0.05000000000001137,226.5701110839844,-92.01367950439453,-470.4011535644531,0.0
7221,283.30000000003037,0.05000000000001137,226.92984466552736,-92.08863067626953,-472.3997497558594,0.0
7222,283.30000000003037,0.05000000000001137,226.92984466552736,-92.16358184814453,-474.3983459472656,0.0
7223,283.3500000000304,0.05000000000001137,227.28875427246095,-92.23853302001953,-476.3969421386719,0.0
7224,283.3500000000304,0.05000000000001137,227.28875427246095,-92.31348419189453,-478.3955383300781,0.0
7225,283.4000000000304,0.05000000000001137,227.64685363769533,-92.38844299316406,-480.3941345214844,0.0
7226,283.4500000000304,0.05000000000001137,228.00415649414063,-92.46339416503906,-482.3927307128906,0.0
7227,283.4500000000304,0.05000000000001137,228.00415649414063,-92.53834533691406,-484.3913269042969,0.0
7228,283.5000000000304,0.05000000000001137,228.36062164306642,-92.61329650878906,-486.3899230957031,0.0
7229,283.5500000000304,0.05000000000001137,228.71629028320314,-92.68824768066406,-488.3885192871094,0.0
7230,283.5500000000304,0.05000000000001137,228.71629028320314,-92.76319885253906,-490.3870849609375,0.0
7231,283.60000000003043,0.05000000000001137,229.0711898803711,-92.83815002441406,-492.3857116699219,0.0
7232,283.65000000003045,0.05000000000001137,229.4252655029297,-92.9131088256836,-494.3843078613281,0.0
7233,283.65000000003045,0.05000000000001137,229.4252655029297,-92.9880599975586,-496.3829040527344,0.0
7234,283.70000000003046,0.05000000000001137,229.77855834960937,-93.0630111694336,-498.3815002441406,0.0
7235,283.70000000003046,0.05000000000001137,229.77855834960937,-93.1379623413086,-500.3800964355469,0.0
7236,283.75000000003047,0.05000000000001137,230.1310546875,-93.2129135131836,-502.3786926269531,0.0
7237,283.8000000000305,0.05000000000001137,230.48269958496095,-93.28787231445312,-504.37725830078125,0.0
7238,283.8000000000305,0.05000000000001137,230.48269958496095,-93.36282348632812,-506.3758544921875,0.0
7239,283.8500000000305,0.05000000000001137,230.83357543945314,-93.43777465820312,-508.37445068359375,0.0
7240,283.9000000000305,0.05000000000001137,231.18365478515625,-93.51272583007812,-510.373046875,0.0
7241,283.9000000000305,0.05000000000001137,231.18365478515625,-93.5887451171875,-512.37158203125,0.0
7242,283.9500000000305,0.05000000000001137,231.53299255371095,-93.67181396484375,-514.369873046875,0.0
7243,283.9500000000305,0.05000000000001137,231.53299255371095,-93.76287841796875,-516.3677978515625,0.0
7244,284.0000000000305,0.05000000000001137,231.88147888183593,-93.86066436767578,-518.3654174804688,0.0
7245,284.05000000003054,0.05000000000001137,232.2291687011719,-93.95926666259766,-520.3629760742188,0.0
7246,284.05000000003054,0.05000000000001137,232.2291687011719,-94.05786895751953,-522.3605346679688,0.0
7247,284.10000000003055,0.05000000000001137,232.57606201171876,-94.1564712524414,-524.3580932617188,0.0
7248,284.10000000003055,0.05000000000001137,232.57606201171876,-94.25507354736328,-526.3556518554688,0.0
7249,284.15000000003056,0.05000000000001137,232.92218627929688,-94.35367584228516,-528.353271484375,0.0
7250,284.20000000003057,0.05000000000001137,233.26754150390624,-94.45227813720703,-530.350830078125,0.0
7251,284.20000000003057,0.05000000000001137,233.26754150390624,-94.5508804321289,-532.348388671875,0.0
7252,284.2500000000306,0.05000000000001137,233.61210021972656,-94.64948272705078,-534.345947265625,0.0
7253,284.3000000000306,0.05000000000001137,233.95586242675782,-94.74808502197266,-536.343505859375,0.0
7254,284.3000000000306,0.05000000000001137,233.95586242675782,-94.84668731689453,-538.341064453125,0.0
7255,284.3500000000306,0.05000000000001137,234.2988006591797,-94.9452896118164,-540.3386840820312,0.0
7256,284.3500000000306,0.05000000000001137,234.2988006591797,-95.04389190673828,-542.3362426757812,0.0
7257,284.4000000000306,0.05000000000001137,234.64105224609375,-95.14249420166016,-544.3338012695312,0.0
7258,284.4500000000306,0.05000000000001137,234.98247985839845,-95.24109649658203,-546.3313598632812,0.0
7259,284.4500000000306,0.05000000000001137,234.98247985839845,-95.3396987915039,-548.3289184570312,0.0
7260,284.50000000003064,0.05000000000001137,235.32311096191407,-95.43830108642578,-550.3264770507812,0.0
7261,284.55000000003065,0.05000000000001137,235.66300048828126,-95.53690338134766,-552.3240356445312,0.0
7262,284.55000000003065,0.05000000000001137,235.66300048828126,-95.63550567626953,-554.3216552734375,0.0
7263,284.60000000003066,0.05000000000001137,236.0021209716797,-95.7341079711914,-556.3192138671875,0.0
7264,284.60000000003066,0.05000000000001137,236.0021209716797,-95.83271026611328,-558.3167724609375,0.0
7265,284.6500000000307,0.05000000000001137,236.34041748046874,-95.93131256103516,-560.3143310546875,0.0
7266,284.7000000000307,0.05000000000001137,236.67797241210937,-96.02991485595703,-562.3118896484375,0.0
7267,284.7500000000307,0.05000000000001137,237.01478576660156,-96.1285171508789,-564.3094482421875,0.0
7268,284.7500000000307,0.05000000000001137,237.01478576660156,-96.22711944580078,-566.3070068359375,0.0
7269,284.8000000000307,0.05000000000001137,237.350830078125,-96.32572174072266,-568.3046264648438,0.0
7270,284.8000000000307,0.05000000000001137,237.350830078125,-96.42432403564453,-570.3021850585938,0.0
7271,284.8500000000307,0.05000000000001137,237.68602294921877,-96.5229263305664,-572.2997436523438,0.0
7272,284.90000000003073,0.05000000000001137,238.02050170898437,-96.62152862548828,-574.2973022460938,0.0
7273,284.90000000003073,0.05000000000001137,238.02050170898437,-96.72013092041016,-576.2948608398438,0.0
7274,284.95000000003074,0.05000000000001137,238.3542663574219,-96.81873321533203,-578.2924194335938,0.0
7275,284.95000000003074,0.05000000000001137,238.3542663574219,-96.9173355102539,-580.2900390625,0.0
7276,285.00000000003075,0.05000000000001137,238.6871795654297,-97.01593780517578,-582.28759765625,0.0
7277,285.05000000003076,0.05000000000001137,239.01937866210938,-97.11454010009766,-584.28515625,0.0
7278,285.05000000003076,0.05000000000001137,239.01937866210938,-97.21314239501953,-586.28271484375,0.0
7279,285.1000000000308,0.05000000000001137,239.35083618164063,-97.3117446899414,-588.2802734375,0.0
7280,285.1500000000308,0.05000000000001137,239.6814971923828,-97.41033935546875,-590.27783203125,0.0
7281,285.1500000000308,0.05000000000001137,239.6814971923828,-97.50894165039062,-592.275390625,0.0
7282,285.2000000000308,0.05000000000001137,240.01141662597658,-97.6075439453125,-594.2730102539062,0.0
7283,285.2000000000308,0.05000000000001137,240.01141662597658,-97.70614624023438,-596.2705688476562,0.0
7284,285.2500000000308,0.05000000000001137,240.34056701660157,-97.80474853515625,-598.2681274414062,0.0
7285,285.3000000000308,0.05000000000001137,240.66897583007812,-97.90335083007812,-600.2656860351562,0.0
7286,285.3000000000308,0.05000000000001137,240.66897583007812,-98.001953125,-602.2632446289062,0.0
7287,285.35000000003083,0.05000000000001137,240.99664306640625,-98.10055541992188,-604.2608032226562,0.0
7288,285.35000000003083,0.05000000000001137,240.99664306640625,-98.19915771484375,-606.2584228515625,0.0
7289,285.40000000003084,0.05000000000001137,241.32354125976562,-98.29776000976562,-608.2559814453125,0.0
7290,285.45000000003085,0.05000000000001137,241.64972534179688,-98.3963623046875,-610.2535400390625,0.0
7291,285.45000000003085,0.05000000000001137,241.64972534179688,-98.49496459960938,-612.2510986328125,0.0
7292,285.50000000003087,0.05000000000001137,241.97511291503906,-98.59356689453125,-614.2486572265625,0.0
7293,285.50000000003087,0.05000000000001137,241.97511291503906,-98.69216918945312,-616.2462158203125,0.0
7294,285.5500000000309,0.05000000000001137,242.29978637695314,-98.790771484375,-618.2437744140625,0.0
7295,285.6000000000309,0.05000000000001137,242.62369079589845,-98.88937377929688,-620.2413940429688,0.0
7296,285.6000000000309,0.05000000000001137,242.62369079589845,-98.98797607421875,-622.2389526367188,0.0
7297,285.6500000000309,0.05000000000001137,242.94688110351564,-99.08657836914062,-624.2365112304688,0.0
7298,285.6500000000309,0.05000000000001137,242.94688110351564,-99.1851806640625,-626.2340698242188,0.0
7299,285.7000000000309,0.05000000000001137,243.2693298339844,-99.28378295898438,-628.2316284179688,0.0
7300,285.7000000000309,0.05000000000001137,243.2693298339844,-99.38238525390625,-630.2291870117188,0.0
7301,285.7500000000309,0.05000000000001137,243.59098205566406,-99.48098754882812,-632.226806640625,0.0
7302,285.80000000003093,0.05000000000001137,243.91192016601562,-99.57958984375,-634.224365234375,0.0
7303,285.80000000003093,0.05000000000001137,243.91192016601562,-99.67819213867188,-636.221923828125,0.0
7304,285.85000000003095,0.05000000000001137,244.23217163085937,-99.77679443359375,-638.219482421875,0.0
7305,285.85000000003095,0.05000000000001137,244.23217163085937,-99.87539672851562,-640.217041015625,0.0
7306,285.90000000003096,0.05000000000001137,244.55162658691407,-99.9739990234375,-642.214599609375,0.0
7307,285.95000000003097,0.05000000000001137,244.87036743164063,-100.07260131835938,-644.212158203125,0.0
7308,285.95000000003097,0.05000000000001137,244.87036743164063,-100.17120361328125,-646.2097778320312,0.0
7309,286.000000000031,0.05000000000001137,245.18836669921876,-100.26980590820312,-648.2073364257812,0.0
7310,286.000000000031,0.05000000000001137,245.18836669921876,-100.368408203125,-650.2048950195312,0.0
7311,286.050000000031,0.05000000000001137,245.50567932128908,-100.46701049804688,-652.2024536132812,0.0
7312,286.100000000031,0.05000000000001137,245.82219543457032,-100.56561279296875,-654.2000122070312,0.0
7313,286.100000000031,0.05000000000001137,245.82219543457032,-100.66421508789062,-656.1976318359375,0.0
7314,286.150000000031,0.05000000000001137,246.13802490234374,-100.7628173828125,-658.1951904296875,0.0
7315,286.150000000031,0.05000000000001137,246.13802490234374,-100.86141967773438,-660.1927490234375,0.0
7316,286.200000000031,0.05000000000001137,246.45308532714844,-100.96002197265625,-662.1903076171875,0.0
7317,286.25000000003104,0.05000000000001137,246.767431640625,-101.05862426757812,-664.1878662109375,0.0
7318,286.25000000003104,0.05000000000001137,246.767431640625,-101.1572265625,-666.1854248046875,0.0
7319,286.30000000003105,0.05000000000001137,247.08103637695314,-101.25582885742188,-668.1829833984375,0.0
7320,286.30000000003105,0.05000000000001137,247.08103637695314,-101.35443115234375,-670.1805419921875,0.0
7321,286.35000000003106,0.05000000000001137,247.39392700195313,-101.45303344726562,-672.1781616210938,0.0
7322,286.35000000003106,0.05000000000001137,247.39392700195313,-101.55162811279297,-674.1757202148438,0.0
7323,286.40000000003107,0.05000000000001137,247.7061309814453,-101.65023040771484,-676.1732788085938,0.0
7324,286.4500000000311,0.05000000000001137,248.01729125976564,-101.74883270263672,-678.1708374023438,0.0
7325,286.4500000000311,0.05000000000001137,248.01729125976564,-101.8474349975586,-680.1683959960938,0.0
7326,286.5000000000311,0.05000000000001137,248.32169494628906,-101.94603729248047,-682.166015625,0.0
7327,286.5000000000311,0.05000000000001137,248.32169494628906,-102.04463958740234,-684.16357421875,0.0
7328,286.5500000000311,0.05000000000001137,248.61651306152345,-102.14324188232422,-686.1611328125,0.0
7329,286.5500000000311,0.05000000000001137,248.61651306152345,-102.2418441772461,-688.15869140625,0.0
7330,286.6000000000311,0.05000000000001137,248.90204772949218,-102.34044647216797,-690.15625,0.0
7331,286.6500000000311,0.05000000000001137,249.17854614257814,-102.43904876708984,-692.15380859375,0.0
7332,286.6500000000311,0.05000000000001137,249.17854614257814,-102.53765106201172,-694.1513671875,0.0
7333,286.70000000003114,0.05000000000001137,249.44628295898437,-102.6362533569336,-696.14892578125,0.0
7334,286.70000000003114,0.05000000000001137,249.44628295898437,-102.73485565185547,-698.146484375,0.0
7335,286.75000000003115,0.05000000000001137,249.70547790527345,-102.83345794677734,-700.1441040039062,0.0
7336,286.80000000003116,0.05000000000001137,249.9563232421875,-102.93206024169922,-702.1416625976562,0.0
7337,286.80000000003116,0.05000000000001137,249.9563232421875,-103.0306625366211,-704.1392211914062,0.0
7338,286.8500000000312,0.05000000000001137,250.1990936279297,-103.12926483154297,-706.1367797851562,0.0
7339,286.8500000000312,0.05000000000001137,250.1990936279297,-103.22786712646484,-708.1343994140625,0.0
7340,286.9000000000312,0.05000000000001137,250.43406372070314,-103.32646942138672,-710.1319580078125,0.0
7341,286.9000000000312,0.05000000000001137,250.43406372070314,-103.4250717163086,-712.1295166015625,0.0
7342,286.9500000000312,0.05000000000001137,250.66150817871093,-103.52367401123047,-714.1270751953125,0.0
7343,287.0000000000312,0.05000000000001137,250.88161926269532,-103.62227630615234,-716.1246337890625,0.0
7344,287.0000000000312,0.05000000000001137,250.88161926269532,-103.72087860107422,-718.1221923828125,0.0
7345,287.0500000000312,0.05000000000001137,251.09461669921876,-103.8194808959961,-720.1197509765625,0.0
7346,287.0500000000312,0.05000000000001137,251.09461669921876,-103.91808319091797,-722.1173095703125,0.0
7347,287.10000000003123,0.05000000000001137,251.3008026123047,-104.01668548583984,-724.1148681640625,0.0
7348,287.10000000003123,0.05000000000001137,251.3008026123047,-104.11528778076172,-726.1124877929688,0.0
7349,287.15000000003124,0.05000000000001137,251.5005615234375,-104.2138900756836,-728.1100463867188,0.0
7350,287.20000000003125,0.05000000000001137,251.69403076171875,-104.31249237060547,-730.1076049804688,0.0
7351,287.20000000003125,0.05000000000001137,251.69403076171875,-104.41109466552734,-732.1051635742188,0.0
7352,287.25000000003126,0.05000000000001137,251.88137512207032,-104.50969696044922,-734.1027221679688,0.0
7353,287.25000000003126,0.05000000000001137,251.88137512207032,-104.6082992553711,-736.100341796875,0.0
7354,287.3000000000313,0.05000000000001137,252.06292419433595,-104.70690155029297,-738.097900390625,0.0
7355,287.3000000000313,0.05000000000001137,252.06292419433595,-104.80550384521484,-740.095458984375,0.0
7356,287.3500000000313,0.05000000000001137,252.2388427734375,-104.90410614013672,-742.093017578125,0.0
7357,287.4000000000313,0.05000000000001137,252.40926818847657,-105.0027084350586,-744.090576171875,0.0
7358,287.4000000000313,0.05000000000001137,252.40926818847657,-105.10131072998047,-746.088134765625,0.0
7359,287.4500000000313,0.05000000000001137,252.57428283691408,-105.19990539550781,-748.085693359375,0.0
7360,287.4500000000313,0.05000000000001137,252.57428283691408,-105.29850769042969,-750.083251953125,0.0
7361,287.5000000000313,0.05000000000001137,252.73413391113283,-105.39710998535156,-752.0808715820312,0.0
7362,287.5000000000313,0.05000000000001137,252.73413391113283,-105.49571228027344,-754.0784301757812,0.0
7363,287.55000000003133,0.05000000000001137,252.88890380859377,-105.59431457519531,-756.0759887695312,0.0
7364,287.60000000003134,0.05000000000001137,253.03872985839845,-105.69291687011719,-758.0735473632812,0.0
7365,287.60000000003134,0.05000000000001137,253.03872985839845,-105.79151916503906,-760.0711059570312,0.0
7366,287.65000000003135,0.05000000000001137,253.18383178710937,-105.89012145996094,-762.0687255859375,0.0
7367,287.65000000003135,0.05000000000001137,253.18383178710937,-105.98872375488281,-764.0662841796875,0.0
7368,287.70000000003137,0.05000000000001137,253.32434692382813,-106.08732604980469,-766.0638427734375,0.0
7369,287.70000000003137,0.05000000000001137,253.32434692382813,-106.18592834472656,-768.0614013671875,0.0
7370,287.7500000000314,0.05000000000001137,253.46035766601562,-106.28453063964844,-770.0589599609375,0.0
7371,287.8000000000314,0.05000000000001137,253.59205627441406,-106.38313293457031,-772.0565185546875,0.0
7372,287.8000000000314,0.05000000000001137,253.59205627441406,-106.48173522949219,-774.0540771484375,0.0
7373,287.8500000000314,0.05000000000001137,253.71963500976562,-106.58033752441406,-776.0516357421875,0.0
7374,287.8500000000314,0.05000000000001137,253.71963500976562,-106.67893981933594,-778.0491943359375,0.0
7375,287.9000000000314,0.05000000000001137,253.84314880371093,-106.77754211425781,-780.0468139648438,0.0
7376,287.9000000000314,0.05000000000001137,253.84314880371093,-106.87614440917969,-782.0443725585938,0.0
7377,287.9500000000314,0.05000000000001137,253.9628448486328,-106.97474670410156,-784.0419311523438,0.0
7378,288.00000000003143,0.05000000000001137,254.0788330078125,-107.07334899902344,-786.03955078125,0.0
7379,288.00000000003143,0.05000000000001137,254.0788330078125,-107.17195129394531,-788.037109375,0.0
7380,288.05000000003145,0.05000000000001137,254.19116821289063,-107.27055358886719,-790.03466796875,0.0
7381,288.05000000003145,0.05000000000001137,254.19116821289063,-107.36915588378906,-792.0322265625,0.0
7382,288.10000000003146,0.05000000000001137,254.29996032714845,-107.46775817871094,-794.02978515625,0.0
7383,288.10000000003146,0.05000000000001137,254.29996032714845,-107.56636047363281,-796.02734375,0.0
7384,288.15000000003147,0.05000000000001137,254.4053192138672,-107.66496276855469,-798.02490234375,0.0
7385,288.15000000003147,0.05000000000001137,254.4053192138672,-107.76356506347656,-800.0224609375,0.0
7386,288.2000000000315,0.05000000000001137,254.50735473632812,-107.86216735839844,-802.02001953125,0.0
7387,288.2500000000315,0.05000000000001137,254.60609436035156,-107.96076965332031,-804.017578125,0.0
7388,288.2500000000315,0.05000000000001137,254.60609436035156,-108.05937194824219,-806.0151977539062,0.0
7389,288.3000000000315,0.05000000000001137,254.70162048339844,-108.15797424316406,-808.0127563476562,0.0
7390,288.3000000000315,0.05000000000001137,254.70162048339844,-108.25657653808594,-810.0103149414062,0.0
7391,288.3500000000315,0.05000000000001137,254.79376831054688,-108.35517883300781,-812.0079345703125,0.0
7392,288.3500000000315,0.05000000000001137,254.79376831054688,-108.45378112792969,-814.0054931640625,0.0
7393,288.4000000000315,0.05000000000001137,254.88248291015626,-108.55238342285156,-816.0030517578125,0.0
7394,288.45000000003154,0.05000000000001137,254.9678466796875,-108.65098571777344,-818.0006103515625,0.0
7395,288.45000000003154,0.05000000000001137,254.9678466796875,-108.74958801269531,-819.9981689453125,0.0
7396,288.50000000003155,0.05000000000001137,255.05035400390625,-108.84819030761719,-821.9957275390625,0.0
7397,288.50000000003155,0.05000000000001137,255.05035400390625,-108.94679260253906,-823.9932861328125,0.0
7398,288.55000000003156,0.05000000000001137,255.13019714355468,-109.04539489746094,-825.9908447265625,0.0
7399,288.55000000003156,0.05000000000001137,255.13019714355468,-109.14399719238281,-827.9884033203125,0.0
7400,288.60000000003157,0.05000000000001137,255.20740356445313,-109.24259948730469,-829.9859619140625,0.0
7401,288.60000000003157,0.05000000000001137,255.20740356445313,-109.34120178222656,-831.9835815429688,0.0
7402,288.6500000000316,0.05000000000001137,255.2822479248047,-109.43980407714844,-833.9811401367188,0.0
7403,288.7000000000316,0.05000000000001137,255.35503234863282,-109.53840637207031,-835.9786987304688,0.0
7404,288.7000000000316,0.05000000000001137,255.35503234863282,-109.63700103759766,-837.976318359375,0.0
7405,288.7000000000316,0.05000000000001137,255.35503234863282,-109.73560333251953,-839.973876953125,0.0
7406,288.7500000000316,0.05000000000001137,255.4257568359375,-109.83421325683594,-841.971435546875,0.0
7407,288.7500000000316,0.05000000000001137,255.4257568359375,-109.93280792236328,-843.968994140625,0.0
7408,288.8000000000316,0.05000000000001137,255.49469604492188,-110.03141021728516,-845.966552734375,0.0
7409,288.8000000000316,0.05000000000001137,255.49469604492188,-110.13001251220703,-847.964111328125,0.0
7410,288.8500000000316,0.05000000000001137,255.56182250976562,-110.2286148071289,-849.961669921875,0.0
7411,288.90000000003164,0.05000000000001137,255.6270538330078,-110.32721710205078,-851.959228515625,0.0
7412,288.90000000003164,0.05000000000001137,255.6270538330078,-110.42581939697266,-853.956787109375,0.0
7413,288.95000000003165,0.05000000000001137,255.69033508300782,-110.52442169189453,-855.954345703125,0.0
7414,288.95000000003165,0.05000000000001137,255.69033508300782,-110.6230239868164,-857.9519653320312,0.0
7415,289.00000000003166,0.05000000000001137,255.75144653320314,-110.72162628173828,-859.9495239257812,0.0
7416,289.00000000003166,0.05000000000001137,255.75144653320314,-110.82022857666016,-861.9470825195312,0.0
7417,289.0500000000317,0.05000000000001137,255.81055297851563,-110.91883087158203,-863.9447021484375,0.0
7418,289.1000000000317,0.05000000000001137,255.86779174804687,-111.0174331665039,-865.9422607421875,0.0
7419,289.1000000000317,0.05000000000001137,255.86779174804687,-111.11603546142578,-867.9398193359375,0.0
7420,289.1500000000317,0.05000000000001137,255.9229705810547,-111.21463775634766,-869.9373779296875,0.0
7421,289.1500000000317,0.05000000000001137,255.9229705810547,-111.31324005126953,-871.9349365234375,0.0
7422,289.2000000000317,0.05000000000001137,255.9763641357422,-111.4118423461914,-873.9324951171875,0.0
7423,289.2000000000317,0.05000000000001137,255.9763641357422,-111.51044464111328,-875.9300537109375,0.0
7424,289.2500000000317,0.05000000000001137,256.02789001464845,-111.60904693603516,-877.9276123046875,0.0
7425,289.2500000000317,0.05000000000001137,256.02789001464845,-111.70764923095703,-879.9251708984375,0.0
7426,289.30000000003173,0.05000000000001137,256.07741088867186,-111.8062515258789,-881.9227294921875,0.0
7427,289.35000000003174,0.05000000000001137,256.1248718261719,-111.90485382080078,-883.9203491210938,0.0
7428,289.35000000003174,0.05000000000001137,256.1248718261719,-112.00345611572266,-885.9179077148438,0.0
7429,289.40000000003175,0.05000000000001137,256.1702453613281,-112.10205841064453,-887.9154663085938,0.0
7430,289.40000000003175,0.05000000000001137,256.1702453613281,-112.2006607055664,-889.9130859375,0.0
7431,289.45000000003176,0.05000000000001137,256.2132568359375,-112.29926300048828,-891.91064453125,0.0
7432,289.45000000003176,0.05000000000001137,256.2132568359375,-112.39786529541016,-893.908203125,0.0
7433,289.5000000000318,0.05000000000001137,256.2534942626953,-112.49646759033203,-895.90576171875,0.0
7434,289.5000000000318,0.05000000000001137,256.2534942626953,-112.5950698852539,-897.9033203125,0.0
7435,289.5500000000318,0.05000000000001137,256.29038085937503,-112.69367218017578,-899.90087890625,0.0
7436,289.6000000000318,0.05000000000001137,256.3228729248047,-112.79227447509766,-901.8984375,0.0
7437,289.6000000000318,0.05000000000001137,256.3228729248047,-112.890869140625,-903.89599609375,0.0
7438,289.6500000000318,0.05000000000001137,256.3509429931641,-112.98947143554688,-905.8935546875,0.0
7439,289.6500000000318,0.05000000000001137,256.3509429931641,-113.08807373046875,-907.89111328125,0.0
7440,289.7000000000318,0.05000000000001137,256.32800903320316,-113.18667602539062,-909.8887329101562,0.0
7441,289.7000000000318,0.05000000000001137,256.32800903320316,-113.2852783203125,-911.8862915039062,0.0
7442,289.75000000003183,0.05000000000001137,256.12476196289066,-113.38388061523438,-913.8838500976562,0.0
7443,289.80000000003184,0.05000000000001137,255.43624877929688,-113.48248291015625,-915.8814697265625,0.0
7444,289.80000000003184,0.05000000000001137,255.43624877929688,-113.58108520507812,-917.8790283203125,0.0
7445,289.85000000003186,0.05000000000001137,254.05095520019532,-113.6796875,-919.8765869140625,0.0
7446,289.85000000003186,0.05000000000001137,254.05095520019532,-113.77828979492188,-921.8741455078125,0.0
7447,289.90000000003187,0.05000000000001137,252.13145141601564,-113.87689208984375,-923.8717041015625,0.0
7448,289.90000000003187,0.05000000000001137,252.13145141601564,-113.97549438476562,-925.8692626953125,0.0
7449,289.9500000000319,0.05000000000001137,249.82470703125,-114.0740966796875,-927.8668212890625,0.0
7450,289.9500000000319,0.05000000000001137,249.82470703125,-114.17269897460938,-929.8643798828125,0.0
7451,290.0000000000319,0.05000000000001137,247.2259735107422,-114.27130126953125,-931.8619384765625,0.0
7452,290.0500000000319,0.05000000000001137,244.40495910644532,-114.36990356445312,-933.8594970703125,0.0
7453,290.0500000000319,0.05000000000001137,244.40495910644532,-114.468505859375,-935.8571166992188,0.0
7454,290.1000000000319,0.05000000000001137,241.41253051757812,-114.56756591796875,-937.8546752929688,0.0
7455,290.1000000000319,0.05000000000001137,241.41253051757812,-114.67355346679688,-939.8518676757812,0.0
7456,290.1500000000319,0.05000000000001137,238.28823852539062,-114.7884521484375,-941.8485717773438,0.0
7457,290.20000000003193,0.05000000000001137,235.05938415527345,-114.9122314453125,-943.8447265625,0.0
7458,290.20000000003193,0.05000000000001137,235.05938415527345,-115.04489135742188,-945.84033203125,0.0
7459,290.25000000003195,0.05000000000001137,231.7563720703125,-115.18646240234375,-947.8353271484375,0.0
7460,290.30000000003196,0.05000000000001137,228.44150848388674,-115.3369140625,-949.8296508789062,0.0
7461,290.30000000003196,0.05000000000001137,228.44150848388674,-115.49624633789062,-951.8233032226562,0.0
7462,290.35000000003197,0.05000000000001137,225.12852630615234,-115.66445922851562,-953.8162231445312,0.0
7463,290.35000000003197,0.05000000000001137,225.12852630615234,-115.841552734375,-955.808349609375,0.0
7464,290.400000000032,0.05000000000001137,221.8181396484375,-116.02752685546875,-957.7996826171875,0.0
7465,290.450000000032,0.05000000000001137,218.5107879638672,-116.22235107421875,-959.7901611328125,0.0
7466,290.450000000032,0.05000000000001137,218.5107879638672,-116.42605590820312,-961.77978515625,0.0
7467,290.500000000032,0.05000000000001137,215.2013900756836,-116.63861083984375,-963.7684326171875,0.0
7468,290.550000000032,0.05000000000001137,211.95244445800782,-116.86004638671875,-965.7561645507812,0.0
7469,290.600000000032,0.05000000000001137,208.9421630859375,-117.09030151367188,-967.7428588867188,0.0
7470,290.600000000032,0.05000000000001137,208.9421630859375,-117.32943725585938,-969.728515625,0.0
7471,290.65000000003204,0.05000000000001137,206.24149017333986,-117.577392578125,-971.7130737304688,0.0
7472,290.70000000003205,0.05000000000001137,203.8293182373047,-117.83419799804688,-973.6964721679688,0.0
7473,290.70000000003205,0.05000000000001137,203.8293182373047,-118.099853515625,-975.6787719726562,0.0
7474,290.75000000003206,0.05000000000001137,201.69092559814453,-118.37432861328125,-977.6598510742188,0.0
7475,290.80000000003207,0.05000000000001137,199.80184020996094,-118.65762329101562,-979.6397094726562,0.0
7476,290.8500000000321,0.05000000000001137,198.15441284179687,-118.94973754882812,-981.6182250976562,0.0
7477,290.9000000000321,0.05000000000001137,196.7172088623047,-119.25064086914062,-983.595458984375,0.0
7478,290.9500000000321,0.05000000000001137,195.4802719116211,-119.56039428710938,-985.5713500976562,0.0
7479,290.9500000000321,0.05000000000001137,195.4802719116211,-119.87890625,-987.5457763671875,0.0
7480,291.0000000000321,0.05000000000001137,194.40840454101564,-120.20623779296875,-989.5188598632812,0.0
7481,291.0500000000321,0.05000000000001137,193.49100494384766,-120.5423583984375,-991.4903564453125,0.0
7482,291.10000000003214,0.05000000000001137,192.69246368408204,-120.89114379882812,-993.459716796875,0.0
7483,291.10000000003214,0.05000000000001137,192.69246368408204,-121.27919006347656,-995.421630859375,0.0
7484,291.15000000003215,0.05000000000001137,191.98830871582032,-121.71135711669922,-997.3743286132812,0.0
7485,291.20000000003216,0.05000000000001137,191.36892700195312,-122.18743896484375,-999.3168334960938,0.0
7486,291.2500000000322,0.05000000000001137,190.7996566772461,-122.70718383789062,-1001.248046875,0.0
7487,291.2500000000322,0.05000000000001137,190.7996566772461,-123.27032470703125,-1003.1671142578125,0.0
7488,291.3000000000322,0.05000000000001137,190.26124420166016,-123.8765869140625,-1005.0729370117188,0.0
7489,291.3500000000322,0.05000000000001137,189.73703155517578,-124.52565002441406,-1006.9646606445312,0.0
7490,291.4000000000322,0.05000000000001137,189.22763671875,-125.21720123291016,-1008.8412475585938,0.0
7491,291.4000000000322,0.05000000000001137,189.22763671875,-125.95086669921875,-1010.7017822265625,0.0
7492,291.4500000000322,0.05000000000001137,188.7078598022461,-126.72628784179688,-1012.5452880859375,0.0
7493,291.50000000003223,0.05000000000001137,188.16873321533203,-127.54307556152344,-1014.370849609375,0.0
7494,291.50000000003223,0.05000000000001137,188.16873321533203,-128.40081787109375,-1016.1775512695312,0.0
7495,291.55000000003224,0.05000000000001137,187.62122955322266,-129.29904174804688,-1017.9644165039062,0.0
7496,291.60000000003225,0.05000000000001137,187.0436782836914,-130.23733520507812,-1019.7306518554688,0.0
7497,291.65000000003226,0.05000000000001137,186.43252258300782,-131.21519470214844,-1021.4752197265625,0.0
7498,291.65000000003226,0.05000000000001137,186.43252258300782,-132.2321319580078,-1023.1973266601562,0.0
7499,291.7000000000323,0.05000000000001137,185.80632934570312,-133.28762817382812,-1024.8961181640625,0.0
7500,291.7000000000323,0.05000000000001137,185.80632934570312,-134.38116455078125,-1026.570556640625,0.0
7501,291.7500000000323,0.05000000000001137,185.14275512695312,-135.51214599609375,-1028.2200927734375,0.0
7502,291.8000000000323,0.05000000000001137,184.44015197753907,-136.68003845214844,-1029.8436279296875,0.0
7503,291.8000000000323,0.05000000000001137,184.44015197753907,-137.8842315673828,-1031.4404296875,0.0
7504,291.8500000000323,0.05000000000001137,183.7217971801758,-139.12411499023438,-1033.0096435546875,0.0
7505,291.9000000000323,0.05000000000001137,182.96503143310548,-140.3990478515625,-1034.550537109375,0.0
7506,291.95000000003233,0.05000000000001137,182.19497222900392,-141.70838928222656,-1036.062255859375,0.0
7507,291.95000000003233,0.05000000000001137,182.19497222900392,-143.05148315429688,-1037.544189453125,0.0
7508,292.00000000003234,0.05000000000001137,181.39063568115236,-144.42764282226562,-1038.995361328125,0.0
7509,292.05000000003236,0.05000000000001137,180.57667236328126,-145.83311462402344,-1040.4183349609375,0.0
7510,292.10000000003237,0.05000000000001137,179.73310089111328,-147.24366760253906,-1041.836181640625,0.0
7511,292.1500000000324,0.05000000000001137,178.88248443603516,-148.6542205810547,-1043.2540283203125,0.0
7512,292.2000000000324,0.05000000000001137,178.00555572509765,-150.0647735595703,-1044.671875,0.0
7513,292.2000000000324,0.05000000000001137,178.00555572509765,-151.9115447998047,-1045.4959716796875,-0.7423210073029622
7514,292.2500000000324,0.05000000000001137,177.12325744628907,-153.56297302246094,-1046.8179931640625,-0.7423085332848132
7515,292.3000000000324,0.05000000000001137,176.2364685058594,-155.27511596679688,-1048.03515625,-0.7423096013953909
7516,292.3000000000324,0.05000000000001137,176.2364685058594,-157.0152130126953,-1049.207763671875,-0.7423054432729259
7517,292.3500000000324,0.05000000000001137,175.32881927490234,-158.78709411621094,-1050.357421875,-0.7423200918128714
7518,292.40000000003243,0.05000000000001137,174.41939849853517,-160.56326293945312,-1051.5169677734375,-0.7423218083567917
7519,292.45000000003245,0.05000000000001137,173.50946960449218,-162.36941528320312,-1052.62744140625,-0.7423082662280649
7520,292.50000000003246,0.05000000000001137,172.60030975341797,-164.17236328125,-1053.70263671875,-0.74231997737661
7521,292.55000000003247,0.05000000000001137,171.6794219970703,-166.06207275390625,-1054.709716796875,-0.7423170019173995
7522,292.6000000000325,0.05000000000001137,170.76180267333984,-167.92999267578125,-1055.629150390625,-0.7423144842032343
7523,292.6500000000325,0.05000000000001137,169.8488525390625,-169.81085205078125,-1056.5367431640625,-0.7423064351314679
7524,292.6500000000325,0.05000000000001137,169.8488525390625,-171.71499633789062,-1057.373291015625,-0.7423194814473391
7525,292.7000000000325,0.05000000000001137,168.94198608398438,-173.6272430419922,-1058.2000732421875,-0.7423196339514107
7526,292.7500000000325,0.05000000000001137,168.04274139404296,-175.54446411132812,-1059.032958984375,-0.7423214650480077
7527,292.8000000000325,0.05000000000001137,167.15308227539063,-177.5172576904297,-1059.7908935546875,-0.7423147893277928
7528,292.85000000003254,0.05000000000001137,166.27526092529297,-179.49436950683594,-1060.45947265625,-0.7423034978564829
7529,292.90000000003255,0.05000000000001137,165.41177673339845,-181.5004119873047,-1061.0311279296875,-0.7423002171562985
7530,292.95000000003256,0.05000000000001137,164.56563720703124,-183.51683044433594,-1061.5489501953125,-0.7423200536286458
7531,293.00000000003257,0.05000000000001137,163.73137664794922,-185.5426788330078,-1062.0693359375,-0.7423139500897378
7532,293.0500000000326,0.05000000000001137,162.9213409423828,-187.5782928466797,-1062.4969482421875,-0.7423190999543294
7533,293.1000000000326,0.05000000000001137,162.13901824951174,-189.625,-1062.8687744140625,-0.7423073888057843
7534,293.1500000000326,0.05000000000001137,161.38799285888672,-191.70413208007812,-1063.192626953125,-0.7423057866981253
7535,293.2000000000326,0.05000000000001137,160.67180786132812,-193.7519073486328,-1063.4056396484375,-0.7423188710818067
7536,293.2500000000326,0.05000000000001137,159.99415740966796,-195.80239868164062,-1063.566162109375,-0.7423141027102247
7537,293.30000000003264,0.05000000000001137,159.35862579345704,-197.89547729492188,-1063.7291259765625,-0.7423218083567917
7538,293.35000000003265,0.05000000000001137,158.76859130859376,-199.98516845703125,-1063.813232421875,-0.7423080754233524
7539,293.40000000003266,0.05000000000001137,158.22736358642578,-202.0535888671875,-1063.8670654296875,-0.7423210454871878
7540,293.4500000000327,0.05000000000001137,157.737744140625,-204.19088745117188,-1063.8963623046875,-0.7423109364463016
7541,293.5000000000327,0.05000000000001137,157.30208129882814,-206.28028869628906,-1063.8968505859375,-0.7423208166146651
7542,293.5500000000327,0.05000000000001137,156.92196807861328,-208.3740997314453,-1063.825927734375,-0.7423006749013439
7543,293.6000000000327,0.05000000000001137,156.5978988647461,-210.478515625,-1063.6851806640625,-0.7423194814473391
7544,293.6500000000327,0.05000000000001137,156.34524078369142,-212.55540466308594,-1063.4866943359375,-0.7423189855180681
7545,293.6500000000327,0.05000000000001137,156.34524078369142,-214.64825439453125,-1063.279296875,-0.742306778440252
7546,293.70000000003273,0.05000000000001137,156.1696517944336,-216.74729919433594,-1062.9940185546875,-0.7423195576993749
7547,293.75000000003274,0.05000000000001137,156.0569595336914,-218.8514862060547,-1062.7254638671875,-0.7423218083567917
7548,293.80000000003275,0.05000000000001137,156.00515899658203,-220.93853759765625,-1062.3858642578125,-0.742312042741105
7549,293.85000000003276,0.05000000000001137,156.0107620239258,-223.02557373046875,-1062.0360107421875,-0.7423208546824753
7550,293.9000000000328,0.05000000000001137,156.06436157226562,-225.13626098632812,-1061.683837890625,-0.7423215032322332
7551,293.9500000000328,0.05000000000001137,156.16226348876953,-227.19061279296875,-1061.266357421875,-0.7423113561235368
7552,294.0000000000328,0.05000000000001137,156.29106445312502,-229.30372619628906,-1060.826171875,-0.7423203587532043
7553,294.0500000000328,0.05000000000001137,156.4277069091797,-231.3948211669922,-1060.3924560546875,-0.7423208928667009
7554,294.1000000000328,0.05000000000001137,156.5728775024414,-233.4798583984375,-1059.936767578125,-0.7423084951005876
7555,294.15000000003283,0.05000000000001137,156.72264862060547,-235.4523162841797,-1059.4605712890625,-0.7423189092660323
7556,294.20000000003284,0.05000000000001137,156.8758529663086,-237.5488739013672,-1058.9588623046875,-0.7423175740987062
7557,294.25000000003286,0.05000000000001137,157.0280960083008,-239.5926513671875,-1058.361328125,-0.7423166966764256
7558,294.30000000003287,0.05000000000001137,157.17517547607423,-241.65032958984375,-1057.7847900390625,-0.7423203206853941
7559,294.3500000000329,0.05000000000001137,157.3137954711914,-243.68374633789062,-1057.1217041015625,-0.7423137212172151
7560,294.4000000000329,0.05000000000001137,157.44559020996095,-245.7034454345703,-1056.4674072265625,-0.7423200154444203
7561,294.4500000000329,0.05000000000001137,157.57246856689454,-247.6038055419922,-1055.828125,-0.7423052144004032
7562,294.5000000000329,0.05000000000001137,157.6953369140625,-249.5917510986328,-1055.078857421875,-0.7423180318437517
7563,294.5500000000329,0.05000000000001137,157.82086944580078,-251.55618286132812,-1054.2960205078125,-0.7423070836812258
7564,294.60000000003294,0.05000000000001137,157.9541473388672,-253.52745056152344,-1053.480712890625,-0.7423192143905908
7565,294.65000000003295,0.05000000000001137,158.09714813232424,-255.447509765625,-1052.600341796875,-0.7423122335458174
7566,294.70000000003296,0.05000000000001137,158.25848236083985,-257.3622741699219,-1051.7066650390625,-0.7423120809253305
7567,294.75000000003297,0.05000000000001137,158.4428466796875,-259.2600402832031,-1050.7177734375,-0.7423179555917159
7568,294.800000000033,0.05000000000001137,158.6503646850586,-261.1348876953125,-1049.7237548828125,-0.7423009038902819
7569,294.850000000033,0.05000000000001137,158.88775177001955,-262.9439697265625,-1048.6640625,-0.7423184133367613
7570,294.900000000033,0.05000000000001137,159.1525085449219,-264.72479248046875,-1047.5242919921875,-0.7423105168854818
7571,294.950000000033,0.05000000000001137,159.44823303222657,-266.50506591796875,-1046.375244140625,-0.7423201298806816
7572,294.950000000033,0.05000000000001137,159.44823303222657,-268.2236022949219,-1045.1461181640625,-0.7423166966764256
7573,295.000000000033,0.05000000000001137,159.77298889160156,-269.9737854003906,-1043.91845703125,-0.7423210454871878
7574,295.05000000003304,0.05000000000001137,160.1205276489258,-271.70428466796875,-1042.7047119140625,-0.7423215032322332
7575,295.10000000003305,0.05000000000001137,160.49017639160158,-273.4604187011719,-1041.4732666015625,-0.7423210454871878
7576,295.15000000003306,0.05000000000001137,160.87442321777345,-275.23358154296875,-1040.2301025390625,-0.7423205495579168
7577,295.20000000003307,0.05000000000001137,161.27137298583986,-276.99444580078125,-1038.9949951171875,-0.7423203206853941
7578,295.2500000000331,0.05000000000001137,161.67391204833984,-278.7636413574219,-1037.754638671875,-0.74231997737661
7579,295.3000000000331,0.05000000000001137,162.08484191894533,-280.3896179199219,-1036.572265625,-0.7423068548087031
7580,295.3500000000331,0.05000000000001137,162.48953704833986,-282.11859130859375,-1035.27490234375,-0.7423182989004999
7581,295.4000000000331,0.05000000000001137,162.89232330322267,-283.78533935546875,-1033.896484375,-0.7423046422190964
7582,295.4500000000331,0.05000000000001137,163.2888198852539,-285.2909851074219,-1032.5750732421875,-0.7423018575645983
7583,295.4500000000331,0.05000000000001137,163.2888198852539,-286.8768005371094,-1031.08203125,-0.7423175359144807
7584,295.50000000003314,0.05000000000001137,163.6796859741211,-288.3553466796875,-1029.71142578125,-0.7423199010081589
7585,295.55000000003315,0.05000000000001137,164.06194152832032,-289.8172912597656,-1028.260498046875,-0.7423160100588575
7586,295.60000000003316,0.05000000000001137,164.43772888183594,-291.26361083984375,-1026.840576171875,-0.7423197103198618
7587,295.6500000000332,0.05000000000001137,164.8051528930664,-292.6814880371094,-1025.375732421875,-0.7423044515307993
7588,295.7000000000332,0.05000000000001137,165.16760559082033,-294.0890197753906,-1023.866943359375,-0.7423183369683102
7589,295.7500000000332,0.05000000000001137,165.5238510131836,-295.4896240234375,-1022.3735961914062,-0.7423200154444203
7590,295.8000000000332,0.05000000000001137,165.8754409790039,-296.89154052734375,-1020.8787841796875,-0.7423198629403487
7591,295.8500000000332,0.05000000000001137,166.2265640258789,-298.3043212890625,-1019.3722534179688,-0.74231997737661
7592,295.90000000003323,0.05000000000001137,166.57548980712892,-299.7312927246094,-1017.8512573242188,-0.7423198629403487
7593,295.95000000003324,0.05000000000001137,166.92629699707032,-301.1484375,-1016.3404541015625,-0.7423193288268521
7594,296.00000000003325,0.05000000000001137,167.27628021240236,-302.5631103515625,-1014.83203125,-0.742319138138555
7595,296.05000000003326,0.05000000000001137,167.6293670654297,-304.00830078125,-1013.2911987304688,-0.7423189092660323
7596,296.05000000003326,0.05000000000001137,167.6293670654297,-305.3985900878906,-1011.7560424804688,-0.7423170019173995
7597,296.1000000000333,0.05000000000001137,167.98226165771484,-306.8076171875,-1010.2120361328125,-0.7423182607162744
7598,296.1500000000333,0.05000000000001137,168.33841094970703,-308.1435546875,-1008.6122436523438,-0.7423105550697073
7599,296.2000000000333,0.05000000000001137,168.6942855834961,-309.4650573730469,-1007.034912109375,-0.7423179174074903
7600,296.2500000000333,0.05000000000001137,169.05006408691406,-310.7599182128906,-1005.4152221679688,-0.742309448774904
7601,296.3000000000333,0.05000000000001137,169.40825958251955,-312.0448303222656,-1003.7866821289062,-0.7423179174074903
7602,296.35000000003333,0.05000000000001137,169.76608428955078,-313.35687255859375,-1002.0647583007812,-0.7423058247659355
7603,296.35000000003333,0.05000000000001137,169.76608428955078,-314.6431579589844,-1000.318359375,-0.7423170781694353
7604,296.40000000003334,0.05000000000001137,170.12559814453127,-315.84625244140625,-998.495361328125,-0.7423141027102247
7605,296.45000000003336,0.05000000000001137,170.48426055908203,-317.00567626953125,-996.7721557617188,-0.7423187566455454
7606,296.50000000003337,0.05000000000001137,170.84182434082032,-318.1661682128906,-995.048583984375,-0.7423192143905908
7607,296.50000000003337,0.05000000000001137,170.84182434082032,-319.29010009765625,-993.3046875,-0.742308609536849
7608,296.5500000000334,0.05000000000001137,171.19817962646485,-320.42156982421875,-991.5107421875,-0.7423179174074903
7609,296.6500000000334,0.10000000000002274,171.89942321777343,-321.5170593261719,-989.7791748046875,-0.7423192525748163
7610,296.7000000000334,0.05000000000001137,172.25408935546875,-322.6207275390625,-988.0336303710938,-0.7423190999543294
7611,296.7000000000334,0.05000000000001137,172.25408935546875,-323.74072265625,-986.2623291015625,-0.7423189473338425
7612,296.7500000000334,0.05000000000001137,172.6085220336914,-324.8528747558594,-984.503662109375,-0.7423185658408329
7613,296.80000000003344,0.05000000000001137,172.9641082763672,-325.9626770019531,-982.7481689453125,-0.7423183369683102
7614,296.85000000003345,0.05000000000001137,173.3217544555664,-327.0829772949219,-980.9772338867188,-0.7423183369683102
7615,296.90000000003346,0.05000000000001137,173.6823257446289,-328.20526123046875,-979.2028198242188,-0.7423181080957875
7616,296.95000000003347,0.05000000000001137,174.045849609375,-329.3165283203125,-977.4454345703125,-0.7423179555917159
7617,297.0000000000335,0.05000000000001137,174.4124496459961,-330.40240478515625,-975.6320190429688,-0.7423079229192808
7618,297.0500000000335,0.05000000000001137,174.78365020751954,-331.46240234375,-973.8324584960938,-0.742316811112687
7619,297.0500000000335,0.05000000000001137,174.78365020751954,-332.4803466796875,-972.0245361328125,-0.7422968983883038
7620,297.1000000000335,0.05000000000001137,175.15894317626953,-333.4183654785156,-970.1727294921875,-0.74231498001609
7621,297.1500000000335,0.05000000000001137,175.53890533447267,-334.3659973144531,-968.34130859375,-0.7423176121665165
7622,297.1500000000335,0.05000000000001137,175.53890533447267,-335.22174072265625,-966.4569091796875,-0.7423129201633856
7623,297.2000000000335,0.05000000000001137,175.92346801757813,-335.9728088378906,-964.534912109375,-0.7423004460288212
7624,297.2000000000335,0.05000000000001137,175.92346801757813,-336.6628112792969,-962.5734252929688,-0.7423008657060564
7625,297.25000000003354,0.05000000000001137,176.31231536865235,-337.1873779296875,-960.5723876953125,-0.7423132252879441
7626,297.30000000003355,0.05000000000001137,176.7034423828125,-337.7567443847656,-958.5396118164062,-0.7423194432631135
7627,297.35000000003356,0.05000000000001137,177.09818115234376,-338.33160400390625,-956.540771484375,-0.742310211644508
7628,297.4000000000336,0.05000000000001137,177.49591369628908,-338.9640197753906,-954.5684204101562,-0.7423174214782193
7629,297.4500000000336,0.05000000000001137,177.89603576660156,-339.5845947265625,-952.5846557617188,-0.7423196721356362
7630,297.5000000000336,0.05000000000001137,178.2975311279297,-340.2186279296875,-950.5728759765625,-0.7423167729284614
7631,297.5500000000336,0.05000000000001137,178.6994384765625,-340.9141845703125,-948.6129760742188,-0.7423166204243898
7632,297.5500000000336,0.05000000000001137,178.6994384765625,-341.5894470214844,-946.657958984375,-0.7423193288268521
7633,297.6000000000336,0.05000000000001137,179.10225219726564,-342.29095458984375,-944.6427612304688,-0.7423166204243898
7634,297.70000000003364,0.10000000000002274,179.90765991210938,-343.04412841796875,-942.705078125,-0.7423164296196774
7635,297.70000000003364,0.10000000000002274,179.90765991210938,-343.7814636230469,-940.7601928710938,-0.7423193288268521
7636,297.75000000003365,0.05000000000001137,180.3100341796875,-344.5198669433594,-938.810546875,-0.7423194050788879
7637,297.80000000003366,0.05000000000001137,180.7084945678711,-345.26434326171875,-936.8462524414062,-0.742319138138555
7638,297.8500000000337,0.05000000000001137,181.10530700683594,-345.9371032714844,-934.87841796875,-0.7423134160926566
7639,297.9000000000337,0.05000000000001137,181.5008972167969,-346.61956787109375,-932.8984985351562,-0.7423185658408329
7640,297.9500000000337,0.05000000000001137,181.89493560791016,-347.32763671875,-930.9378662109375,-0.7423162389313802
7641,298.0000000000337,0.05000000000001137,182.2871063232422,-348.03289794921875,-928.9797973632812,-0.7423186802770942
7642,298.0000000000337,0.05000000000001137,182.2871063232422,-348.74560546875,-927.00146484375,-0.7423187566455454
7643,298.0500000000337,0.05000000000001137,182.6778076171875,-349.4505920410156,-925.0425415039062,-0.7423186802770942
7644,298.10000000003373,0.05000000000001137,183.0668197631836,-350.1638488769531,-923.0618286132812,-0.7423184895887971
7645,298.15000000003374,0.05000000000001137,183.45467834472657,-350.8594055175781,-921.0194091796875,-0.7423161244951189
7646,298.20000000003375,0.05000000000001137,183.84211120605468,-351.5464782714844,-919.0130004882812,-0.7423176121665165
7647,298.20000000003375,0.05000000000001137,183.84211120605468,-352.1173095703125,-917.0120239257812,-0.7423126149224117
7648,298.25000000003376,0.05000000000001137,184.22946166992188,-352.7115478515625,-914.9974975585938,-0.7423181080957875
7649,298.25000000003376,0.05000000000001137,184.22946166992188,-353.228515625,-912.981201171875,-0.7423139500897378
7650,298.3500000000338,0.10000000000002274,185.0034896850586,-353.7640075683594,-910.939697265625,-0.7423181844642386
7651,298.3500000000338,0.10000000000002274,185.0034896850586,-354.243896484375,-908.8864135742188,-0.7423105931375176
7652,298.4000000000338,0.05000000000001137,185.39169158935547,-354.7211608886719,-906.8106079101562,-0.7423179555917159
7653,298.4500000000338,0.05000000000001137,185.7810470581055,-355.19287109375,-904.762939453125,-0.7423187184613198
7654,298.5000000000338,0.05000000000001137,186.17139129638673,-355.6669921875,-902.7063598632812,-0.7423187184613198
7655,298.55000000003383,0.05000000000001137,186.5626007080078,-356.1466369628906,-900.6213989257812,-0.7423185277730227
7656,298.55000000003383,0.05000000000001137,186.5626007080078,-356.5973815917969,-898.5481567382812,-0.7423047566553578
7657,298.60000000003384,0.05000000000001137,186.955485534668,-356.99951171875,-896.483154296875,-0.7423163915518671
7658,298.65000000003386,0.05000000000001137,187.34983978271484,-357.4197692871094,-894.3696899414062,-0.7423180700279772
7659,298.70000000003387,0.05000000000001137,187.74596557617187,-357.8175048828125,-892.29833984375,-0.7423088002251461
7660,298.70000000003387,0.05000000000001137,187.74596557617187,-358.1552734375,-890.1978759765625,-0.7423159718746319
7661,298.7500000000339,0.05000000000001137,188.14332733154296,-358.5164489746094,-888.0471801757812,-0.7423184514045715
7662,298.8000000000339,0.05000000000001137,188.54252929687502,-358.8316650390625,-885.93896484375,-0.7423165440559387
7663,298.8500000000339,0.05000000000001137,188.9435028076172,-359.1517639160156,-883.8519287109375,-0.742318146280013
7664,298.8500000000339,0.05000000000001137,188.9435028076172,-359.4435119628906,-881.7196044921875,-0.7423059011343867
7665,298.9000000000339,0.05000000000001137,189.34626159667968,-359.697265625,-879.6254272460938,-0.7423167348606512
7666,298.9500000000339,0.05000000000001137,189.7508331298828,-359.9566650390625,-877.5208129882812,-0.7423182989004999
7667,299.00000000003394,0.05000000000001137,190.1568603515625,-360.05645751953125,-875.3560791015625,0.0
7668,299.05000000003395,0.05000000000001137,190.5647415161133,-360.3080749511719,-873.3719482421875,0.0
7669,299.05000000003395,0.05000000000001137,190.5647415161133,-360.5517578125,-871.3868408203125,0.0
7670,299.10000000003396,0.05000000000001137,190.97442169189455,-360.7875061035156,-869.4008178710938,0.0
7671,299.15000000003397,0.05000000000001137,191.3856948852539,-361.0152893066406,-867.413818359375,0.0
7672,299.200000000034,0.05000000000001137,191.79847869873046,-361.235107421875,-865.4259643554688,0.0
7673,299.200000000034,0.05000000000001137,191.79847869873046,-361.447021484375,-863.4371948242188,0.0
7674,299.250000000034,0.05000000000001137,192.212841796875,-361.65093994140625,-861.4476318359375,0.0
7675,299.300000000034,0.05000000000001137,192.628564453125,-361.846923828125,-859.457275390625,0.0
7676,299.350000000034,0.05000000000001137,193.04559173583985,-362.034912109375,-857.4661254882812,0.0
7677,299.350000000034,0.05000000000001137,193.04559173583985,-362.2149658203125,-855.4742431640625,0.0
7678,299.400000000034,0.05000000000001137,193.46363525390626,-362.38702392578125,-853.4816284179688,0.0
7679,299.45000000003404,0.05000000000001137,193.8827087402344,-362.5511169433594,-851.4884033203125,0.0
7680,299.50000000003405,0.05000000000001137,194.30259246826174,-362.7072448730469,-849.4945068359375,0.0
7681,299.50000000003405,0.05000000000001137,194.30259246826174,-362.85540771484375,-847.5,0.0
7682,299.55000000003406,0.05000000000001137,194.7230941772461,-362.99639892578125,-845.5049438476562,0.0
7683,299.6000000000341,0.05000000000001137,195.14410400390625,-363.13629150390625,-843.5098876953125,0.0
7684,299.6000000000341,0.05000000000001137,195.14410400390625,-363.2761535644531,-841.5147705078125,0.0
7685,299.6500000000341,0.05000000000001137,195.56553955078127,-363.416015625,-839.5196533203125,0.0
7686,299.7000000000341,0.05000000000001137,195.98719482421876,-363.5558776855469,-837.5245361328125,0.0
7687,299.7500000000341,0.05000000000001137,196.40894622802736,-363.6957702636719,-835.5294799804688,0.0
7688,299.7500000000341,0.05000000000001137,196.40894622802736,-363.83563232421875,-833.5343627929688,0.0
7689,299.8000000000341,0.05000000000001137,196.83069763183593,-363.9754943847656,-831.5392456054688,0.0
7690,299.85000000003413,0.05000000000001137,197.25231170654297,-364.1153564453125,-829.5441284179688,0.0
7691,299.90000000003414,0.05000000000001137,197.67378845214844,-364.2552490234375,-827.549072265625,0.0
7692,299.90000000003414,0.05000000000001137,197.67378845214844,-364.3951110839844,-825.553955078125,0.0
7693,299.95000000003415,0.05000000000001137,198.09497680664063,-364.53497314453125,-823.558837890625,0.0
7694,300.00000000003416,0.05000000000001137,198.51580810546875,-364.6748352050781,-821.563720703125,0.0
7695,300.0500000000342,0.05000000000001137,198.93624114990234,-364.8147277832031,-819.568603515625,0.0
7696,300.0500000000342,0.05000000000001137,198.93624114990234,-364.95458984375,-817.5735473632812,0.0
7697,300.1000000000342,0.05000000000001137,199.3561798095703,-365.0944519042969,-815.5784301757812,0.0
7698,300.1500000000342,0.05000000000001137,199.7755554199219,-365.23431396484375,-813.5833129882812,0.0
7699,300.2000000000342,0.05000000000001137,200.19436798095703,-365.37420654296875,-811.5881958007812,0.0
7700,300.2500000000342,0.05000000000001137,200.61256256103516,-365.5140686035156,-809.5931396484375,0.0
7701,300.2500000000342,0.05000000000001137,200.61256256103516,-365.6539306640625,-807.5980224609375,0.0
7702,300.30000000003423,0.05000000000001137,201.03008422851562,-365.7937927246094,-805.6029052734375,0.0
7703,300.35000000003424,0.05000000000001137,201.44690551757813,-365.9336853027344,-803.6077880859375,0.0
7704,300.40000000003425,0.05000000000001137,201.86293029785156,-366.07354736328125,-801.6126708984375,0.0
7705,300.40000000003425,0.05000000000001137,201.86293029785156,-366.2134094238281,-799.6176147460938,0.0
7706,300.45000000003427,0.05000000000001137,202.27818603515627,-366.353271484375,-797.6224975585938,0.0
7707,300.5000000000343,0.05000000000001137,202.69261779785157,-366.4931640625,-795.6273803710938,0.0
7708,300.5000000000343,0.05000000000001137,202.69261779785157,-366.6330261230469,-793.6322631835938,0.0
7709,300.5500000000343,0.05000000000001137,203.10623931884766,-366.77288818359375,-791.63720703125,0.0
7710,300.6000000000343,0.05000000000001137,203.5189407348633,-366.9127502441406,-789.64208984375,0.0
7711,300.6500000000343,0.05000000000001137,203.93072204589845,-367.0526428222656,-787.64697265625,0.0
7712,300.6500000000343,0.05000000000001137,203.93072204589845,-367.1925048828125,-785.65185546875,0.0
7713,300.7000000000343,0.05000000000001137,204.3415969848633,-367.3323669433594,-783.6567993164062,0.0
7714,300.75000000003433,0.05000000000001137,204.75157928466797,-367.47222900390625,-781.6616821289062,0.0
7715,300.75000000003433,0.05000000000001137,204.75157928466797,-367.61212158203125,-779.6665649414062,0.0
7716,300.80000000003434,0.05000000000001137,205.16057281494142,-367.7519836425781,-777.6714477539062,0.0
7717,300.85000000003436,0.05000000000001137,205.5686050415039,-367.891845703125,-775.6763916015625,0.0
7718,300.90000000003437,0.05000000000001137,205.97571716308593,-368.03173828125,-773.6812744140625,0.0
7719,300.90000000003437,0.05000000000001137,205.97571716308593,-368.1716003417969,-771.6861572265625,0.0
7720,300.9500000000344,0.05000000000001137,206.3818542480469,-368.31146240234375,-769.6910400390625,0.0
7721,301.0000000000344,0.05000000000001137,206.78701629638672,-368.4489440917969,-767.69580078125,0.0
7722,301.0000000000344,0.05000000000001137,206.78701629638672,-368.5786437988281,-765.7000122070312,0.0
7723,301.0500000000344,0.05000000000001137,207.19127197265627,-368.70037841796875,-763.7037353515625,0.0
7724,301.1000000000344,0.05000000000001137,207.59456634521484,-368.8141174316406,-761.7069702148438,0.0
7725,301.1000000000344,0.05000000000001137,207.59456634521484,-368.91986083984375,-759.7097778320312,0.0
7726,301.1500000000344,0.05000000000001137,207.9968719482422,-369.01763916015625,-757.712158203125,0.0
7727,301.1500000000344,0.05000000000001137,207.9968719482422,-369.1074523925781,-755.714111328125,0.0
7728,301.20000000003444,0.05000000000001137,208.39822998046876,-369.1940002441406,-753.7160034179688,0.0
7729,301.25000000003445,0.05000000000001137,208.79866790771484,-369.28057861328125,-751.7178955078125,0.0
7730,301.25000000003445,0.05000000000001137,208.79866790771484,-369.36712646484375,-749.7197875976562,0.0
7731,301.30000000003446,0.05000000000001137,209.19814453125,-369.4537048339844,-747.7216186523438,0.0
7732,301.35000000003447,0.05000000000001137,209.59671478271486,-369.5402526855469,-745.7235107421875,0.0
7733,301.35000000003447,0.05000000000001137,209.59671478271486,-369.6268310546875,-743.7254028320312,0.0
7734,301.4000000000345,0.05000000000001137,209.99432373046875,-369.7134094238281,-741.7272338867188,0.0
7735,301.4500000000345,0.05000000000001137,210.39099884033203,-369.7999572753906,-739.7291259765625,0.0
7736,301.4500000000345,0.05000000000001137,210.39099884033203,-369.88653564453125,-737.7310180664062,0.0
7737,301.5000000000345,0.05000000000001137,210.7867401123047,-369.97308349609375,-735.73291015625,0.0
7738,301.5500000000345,0.05000000000001137,211.18154754638672,-370.0596618652344,-733.7347412109375,0.0
7739,301.5500000000345,0.05000000000001137,211.18154754638672,-370.1462097167969,-731.7366333007812,0.0
7740,301.6000000000345,0.05000000000001137,211.57544860839843,-370.2327880859375,-729.738525390625,0.0
7741,301.65000000003454,0.05000000000001137,211.9684020996094,-370.3193664550781,-727.7403564453125,0.0
7742,301.65000000003454,0.05000000000001137,211.9684020996094,-370.4059143066406,-725.7422485351562,0.0
7743,301.70000000003455,0.05000000000001137,212.36043548583984,-370.49249267578125,-723.744140625,0.0
7744,301.75000000003456,0.05000000000001137,212.75152130126955,-370.57904052734375,-721.7459716796875,0.0
7745,301.8000000000346,0.05000000000001137,213.1416458129883,-370.6656188964844,-719.7478637695312,0.0
7746,301.8000000000346,0.05000000000001137,213.1416458129883,-370.7521667480469,-717.749755859375,0.0
7747,301.8500000000346,0.05000000000001137,213.53086395263674,-370.8387451171875,-715.7516479492188,0.0
7748,301.9000000000346,0.05000000000001137,213.91917572021484,-370.92529296875,-713.7534790039062,0.0
7749,301.9000000000346,0.05000000000001137,213.91917572021484,-371.0118713378906,-711.75537109375,0.0
7750,301.9500000000346,0.05000000000001137,214.3065399169922,-371.09844970703125,-709.7572631835938,0.0
7751,302.0000000000346,0.05000000000001137,214.69299774169923,-371.18499755859375,-707.7590942382812,0.0
7752,302.05000000003463,0.05000000000001137,215.07849426269533,-371.2715759277344,-705.760986328125,0.0
7753,302.05000000003463,0.05000000000001137,215.07849426269533,-371.3581237792969,-703.7628784179688,0.0
7754,302.10000000003464,0.05000000000001137,215.46309814453124,-371.4447021484375,-701.7647705078125,0.0
7755,302.15000000003465,0.05000000000001137,215.84679565429687,-371.53125,-699.7666015625,0.0
7756,302.15000000003465,0.05000000000001137,215.84679565429687,-371.6178283691406,-697.7684936523438,0.0
7757,302.20000000003466,0.05000000000001137,216.22955932617188,-371.70440673828125,-695.7703857421875,0.0
7758,302.2500000000347,0.05000000000001137,216.61144409179687,-371.79095458984375,-693.772216796875,0.0
7759,302.2500000000347,0.05000000000001137,216.61144409179687,-371.8775329589844,-691.7741088867188,0.0
7760,302.3000000000347,0.05000000000001137,216.9923812866211,-371.9640808105469,-689.7760009765625,0.0
7761,302.3500000000347,0.05000000000001137,217.37242584228517,-372.0506591796875,-687.77783203125,0.0
7762,302.3500000000347,0.05000000000001137,217.37242584228517,-372.13568115234375,-685.7796630859375,0.0
7763,302.4000000000347,0.05000000000001137,217.7516052246094,-372.2132568359375,-683.7811889648438,0.0
7764,302.4000000000347,0.05000000000001137,217.7516052246094,-372.2828674316406,-681.7824096679688,0.0
7765,302.4500000000347,0.05000000000001137,218.12985076904297,-372.3444519042969,-679.7833251953125,0.0
7766,302.4500000000347,0.05000000000001137,218.12985076904297,-372.3980407714844,-677.7840576171875,0.0
7767,302.50000000003473,0.05000000000001137,218.5072036743164,-372.4436340332031,-675.7846069335938,0.0
7768,302.55000000003474,0.05000000000001137,218.88367767333986,-372.48126220703125,-673.7849731445312,0.0
7769,302.55000000003474,0.05000000000001137,218.88367767333986,-372.5108642578125,-671.78515625,0.0
7770,302.60000000003475,0.05000000000001137,219.25924530029297,-372.5324401855469,-669.7852783203125,0.0
7771,302.65000000003477,0.05000000000001137,219.6339065551758,-372.5460510253906,-667.7853393554688,0.0
7772,302.65000000003477,0.05000000000001137,219.6339065551758,-372.5516662597656,-665.7853393554688,0.0
7773,302.7000000000348,0.05000000000001137,220.00771636962892,-372.54925537109375,-663.7853393554688,0.0
7774,302.7500000000348,0.05000000000001137,220.38064727783203,-372.5388488769531,-661.785400390625,0.0
7775,302.7500000000348,0.05000000000001137,220.38064727783203,-372.5204772949219,-659.7854614257812,0.0
7776,302.8000000000348,0.05000000000001137,220.75269927978516,-372.49407958984375,-657.78564453125,0.0
7777,302.8500000000348,0.05000000000001137,221.12388610839844,-372.4596862792969,-655.7859497070312,0.0
7778,302.8500000000348,0.05000000000001137,221.12388610839844,-372.4172668457031,-653.786376953125,0.0
7779,302.9000000000348,0.05000000000001137,221.49416656494142,-372.36688232421875,-651.7870483398438,0.0
7780,302.9000000000348,0.05000000000001137,221.49416656494142,-372.3085021972656,-649.7879028320312,0.0
7781,302.95000000003483,0.05000000000001137,221.86360931396484,-372.24212646484375,-647.7890014648438,0.0
7782,303.00000000003485,0.05000000000001137,222.23215942382814,-372.167724609375,-645.7903442382812,0.0
7783,303.00000000003485,0.05000000000001137,222.23215942382814,-372.0853576660156,-643.7920532226562,0.0
7784,303.05000000003486,0.05000000000001137,222.59984436035157,-371.9949951171875,-641.7941284179688,0.0
7785,303.10000000003487,0.05000000000001137,222.96663665771484,-371.9012145996094,-639.7963256835938,0.0
7786,303.10000000003487,0.05000000000001137,222.96663665771484,-371.80743408203125,-637.7985229492188,0.0
7787,303.1500000000349,0.05000000000001137,223.33263244628907,-371.713623046875,-635.8007202148438,0.0
7788,303.2000000000349,0.05000000000001137,223.69769439697265,-371.6198425292969,-633.8029174804688,0.0
7789,303.2000000000349,0.05000000000001137,223.69769439697265,-371.52606201171875,-631.8051147460938,0.0
7790,303.2500000000349,0.05000000000001137,224.06194610595705,-371.4322814941406,-629.8073120117188,0.0
7791,303.3000000000349,0.05000000000001137,224.42536010742188,-371.3384704589844,-627.8095092773438,0.0
7792,303.3000000000349,0.05000000000001137,224.42536010742188,-371.24468994140625,-625.8117065429688,0.0
7793,303.3500000000349,0.05000000000001137,224.78785400390626,-371.1509094238281,-623.8139038085938,0.0
7794,303.40000000003494,0.05000000000001137,225.1495376586914,-371.05712890625,-621.8161010742188,0.0
7795,303.40000000003494,0.05000000000001137,225.1495376586914,-370.96331787109375,-619.8182983398438,0.0
7796,303.45000000003495,0.05000000000001137,225.51034240722657,-370.8695373535156,-617.8204956054688,0.0
7797,303.50000000003496,0.05000000000001137,225.87032318115234,-370.7757568359375,-615.8226928710938,0.0
7798,303.50000000003496,0.05000000000001137,225.87032318115234,-370.6819763183594,-613.8248901367188,0.0
7799,303.55000000003497,0.05000000000001137,226.22945251464844,-370.58819580078125,-611.8271484375,0.0
7800,303.55000000003497,0.05000000000001137,226.22945251464844,-370.494384765625,-609.829345703125,0.0
7801,303.650000000035,0.10000000000002274,226.9450881958008,-370.4006042480469,-607.83154296875,0.0
7802,303.650000000035,0.10000000000002274,226.9450881958008,-370.30682373046875,-605.833740234375,0.0
7803,303.700000000035,0.05000000000001137,227.3016357421875,-370.2130432128906,-603.8359375,0.0
7804,303.750000000035,0.05000000000001137,227.6572494506836,-370.1192321777344,-601.838134765625,0.0
7805,303.750000000035,0.05000000000001137,227.6572494506836,-370.02545166015625,-599.84033203125,0.0
7806,303.800000000035,0.05000000000001137,228.01213531494142,-369.9316711425781,-597.842529296875,0.0
7807,303.800000000035,0.05000000000001137,228.01213531494142,-369.837890625,-595.8447265625,0.0
7808,303.85000000003504,0.05000000000001137,228.36610107421876,-369.74407958984375,-593.846923828125,0.0
7809,303.90000000003505,0.05000000000001137,228.71922912597657,-369.6502990722656,-591.84912109375,0.0
7810,303.90000000003505,0.05000000000001137,228.71922912597657,-369.5565185546875,-589.851318359375,0.0
7811,303.95000000003506,0.05000000000001137,229.07143707275392,-369.4627380371094,-587.853515625,0.0
7812,304.0000000000351,0.05000000000001137,229.42282104492188,-369.36895751953125,-585.855712890625,0.0
7813,304.0000000000351,0.05000000000001137,229.42282104492188,-369.275146484375,-583.85791015625,0.0
7814,304.0500000000351,0.05000000000001137,229.7733123779297,-369.1813659667969,-581.860107421875,0.0
7815,304.1000000000351,0.05000000000001137,230.12297973632812,-369.08758544921875,-579.8623046875,0.0
7816,304.1000000000351,0.05000000000001137,230.12297973632812,-368.9938049316406,-577.864501953125,0.0
7817,304.1500000000351,0.05000000000001137,230.47174072265625,-368.8999938964844,-575.86669921875,0.0
7818,304.1500000000351,0.05000000000001137,230.47174072265625,-368.80621337890625,-573.868896484375,0.0
7819,304.2000000000351,0.05000000000001137,230.819677734375,-368.7124328613281,-571.87109375,0.0
7820,304.25000000003513,0.05000000000001137,231.16673583984377,-368.61865234375,-569.873291015625,0.0
7821,304.25000000003513,0.05000000000001137,231.16673583984377,-368.52484130859375,-567.8755493164062,0.0
7822,304.30000000003514,0.05000000000001137,231.51294250488283,-368.4310607910156,-565.8777465820312,0.0
7823,304.35000000003515,0.05000000000001137,231.85827026367187,-368.3372802734375,-563.8799438476562,0.0
7824,304.35000000003515,0.05000000000001137,231.85827026367187,-368.2434997558594,-561.8821411132812,0.0
7825,304.40000000003516,0.05000000000001137,232.2028015136719,-368.14971923828125,-559.8843383789062,0.0
7826,304.40000000003516,0.05000000000001137,232.2028015136719,-368.055908203125,-557.8865356445312,0.0
7827,304.4500000000352,0.05000000000001137,232.54645385742188,-367.9621276855469,-555.8887329101562,0.0
7828,304.5000000000352,0.05000000000001137,232.88930969238282,-367.86834716796875,-553.8909301757812,0.0
7829,304.5000000000352,0.05000000000001137,232.88930969238282,-367.7745666503906,-551.8931274414062,0.0
7830,304.5500000000352,0.05000000000001137,233.23131408691407,-367.6807556152344,-549.8953247070312,0.0
7831,304.5500000000352,0.05000000000001137,233.23131408691407,-367.58697509765625,-547.8975219726562,0.0
7832,304.6000000000352,0.05000000000001137,233.57252197265626,-367.4931945800781,-545.8997192382812,0.0
7833,304.6500000000352,0.05000000000001137,233.91290588378908,-367.3994140625,-543.9019165039062,0.0
7834,304.6500000000352,0.05000000000001137,233.91290588378908,-367.30560302734375,-541.9041137695312,0.0
7835,304.70000000003523,0.05000000000001137,234.25254821777344,-367.2118225097656,-539.9063110351562,0.0
7836,304.75000000003524,0.05000000000001137,234.59136657714845,-367.1180419921875,-537.9085083007812,0.0
7837,304.75000000003524,0.05000000000001137,234.59136657714845,-367.0242614746094,-535.9107055664062,0.0
7838,304.80000000003525,0.05000000000001137,234.92949829101562,-366.9304504394531,-533.9129028320312,0.0
7839,304.80000000003525,0.05000000000001137,234.92949829101562,-366.836669921875,-531.9151611328125,0.0
7840,304.85000000003527,0.05000000000001137,235.266943359375,-366.7428894042969,-529.9173583984375,0.0
7841,304.9000000000353,0.05000000000001137,235.6035919189453,-366.64910888671875,-527.9195556640625,0.0
7842,304.9000000000353,0.05000000000001137,235.6035919189453,-366.5553283691406,-525.9217529296875,0.0
7843,304.9500000000353,0.05000000000001137,235.93963623046875,-366.4615173339844,-523.9239501953125,0.0
7844,304.9500000000353,0.05000000000001137,235.93963623046875,-366.36773681640625,-521.9261474609375,0.0
7845,305.0000000000353,0.05000000000001137,236.27499389648438,-366.2739562988281,-519.9283447265625,0.0
7846,305.0500000000353,0.05000000000001137,236.6096923828125,-366.18017578125,-517.9305419921875,0.0
7847,305.0500000000353,0.05000000000001137,236.6096923828125,-366.08636474609375,-515.9327392578125,0.0
7848,305.1000000000353,0.05000000000001137,236.94378662109375,-365.9925842285156,-513.9349365234375,0.0
7849,305.15000000003533,0.05000000000001137,237.27727661132812,-365.8988037109375,-511.9371337890625,0.0
7850,305.15000000003533,0.05000000000001137,237.27727661132812,-365.8050231933594,-509.9393310546875,0.0
7851,305.20000000003535,0.05000000000001137,237.61016235351562,-365.7112121582031,-507.9415283203125,0.0
7852,305.20000000003535,0.05000000000001137,237.61016235351562,-365.617431640625,-505.9437255859375,0.0
7853,305.25000000003536,0.05000000000001137,237.94249877929687,-365.5236511230469,-503.9459228515625,0.0
7854,305.30000000003537,0.05000000000001137,238.27423095703125,-365.42987060546875,-501.9481201171875,0.0
7855,305.30000000003537,0.05000000000001137,238.27423095703125,-365.3360900878906,-499.9503173828125,0.0
7856,305.3500000000354,0.05000000000001137,238.60546875,-365.2422790527344,-497.9525146484375,0.0
7857,305.3500000000354,0.05000000000001137,238.60546875,-365.14849853515625,-495.9547119140625,0.0
7858,305.4000000000354,0.05000000000001137,238.93607482910156,-365.0547180175781,-493.9569091796875,0.0
7859,305.4500000000354,0.05000000000001137,239.2661590576172,-364.9609375,-491.9591369628906,0.0
7860,305.4500000000354,0.05000000000001137,239.2661590576172,-364.86712646484375,-489.9613342285156,0.0
7861,305.5000000000354,0.05000000000001137,239.59566650390624,-364.7733459472656,-487.9635314941406,0.0
7862,305.5000000000354,0.05000000000001137,239.59566650390624,-364.6795654296875,-485.9657287597656,0.0
7863,305.5500000000354,0.05000000000001137,239.92459716796876,-364.5857849121094,-483.9679260253906,0.0
7864,305.60000000003544,0.05000000000001137,240.25297851562502,-364.4919738769531,-481.97015380859375,0.0
7865,305.60000000003544,0.05000000000001137,240.25297851562502,-364.398193359375,-479.97235107421875,0.0
7866,305.65000000003545,0.05000000000001137,240.5807830810547,-364.3044128417969,-477.97454833984375,0.0
7867,305.65000000003545,0.05000000000001137,240.5807830810547,-364.21063232421875,-475.97674560546875,0.0
7868,305.70000000003546,0.05000000000001137,240.9079559326172,-364.1168212890625,-473.97894287109375,0.0
7869,305.75000000003547,0.05000000000001137,241.2344970703125,-364.0230407714844,-471.98114013671875,0.0
7870,305.75000000003547,0.05000000000001137,241.2344970703125,-363.92926025390625,-469.98333740234375,0.0
7871,305.8000000000355,0.05000000000001137,241.56051635742188,-363.8354797363281,-467.98553466796875,0.0
7872,305.8000000000355,0.05000000000001137,241.56051635742188,-363.74169921875,-465.98773193359375,0.0
7873,305.8500000000355,0.05000000000001137,241.88587646484376,-363.64788818359375,-463.98992919921875,0.0
7874,305.8500000000355,0.05000000000001137,241.88587646484376,-363.5541076660156,-461.99212646484375,0.0
7875,305.9000000000355,0.05000000000001137,242.2105224609375,-363.4603271484375,-459.99432373046875,0.0
7876,305.9500000000355,0.05000000000001137,242.53453674316407,-363.3665466308594,-457.99652099609375,0.0
7877,305.9500000000355,0.05000000000001137,242.53453674316407,-363.2727355957031,-455.99871826171875,0.0
7878,306.0000000000355,0.05000000000001137,242.8578643798828,-363.178955078125,-454.00091552734375,0.0
7879,306.0000000000355,0.05000000000001137,242.8578643798828,-363.0851745605469,-452.0031433105469,0.0
7880,306.05000000003554,0.05000000000001137,243.1805877685547,-362.99139404296875,-450.0053405761719,0.0
7881,306.10000000003555,0.05000000000001137,243.5025146484375,-362.8975830078125,-448.0075378417969,0.0
7882,306.10000000003555,0.05000000000001137,243.5025146484375,-362.8038024902344,-446.0097351074219,0.0
7883,306.15000000003556,0.05000000000001137,243.82380981445314,-362.71002197265625,-444.0119323730469,0.0
7884,306.15000000003556,0.05000000000001137,243.82380981445314,-362.6162414550781,-442.01416015625,0.0
7885,306.2000000000356,0.05000000000001137,244.1443634033203,-362.5224609375,-440.016357421875,0.0
7886,306.2500000000356,0.05000000000001137,244.46417541503908,-362.42864990234375,-438.0185546875,0.0
7887,306.2500000000356,0.05000000000001137,244.46417541503908,-362.3348693847656,-436.020751953125,0.0
7888,306.3000000000356,0.05000000000001137,244.78332824707033,-362.2410888671875,-434.02294921875,0.0
7889,306.3000000000356,0.05000000000001137,244.78332824707033,-362.1473083496094,-432.025146484375,0.0
7890,306.3000000000356,0.05000000000001137,244.78332824707033,-362.0534973144531,-430.02734375,0.0
7891,306.3500000000356,0.05000000000001137,245.10176696777344,-361.959716796875,-428.029541015625,0.0
7892,306.4000000000356,0.05000000000001137,245.41943664550783,-361.8659362792969,-426.03173828125,0.0
7893,306.4000000000356,0.05000000000001137,245.41943664550783,-361.77215576171875,-424.033935546875,0.0
7894,306.45000000003563,0.05000000000001137,245.73633728027343,-361.6783447265625,-422.0361328125,0.0
7895,306.45000000003563,0.05000000000001137,245.73633728027343,-361.5845642089844,-420.038330078125,0.0
7896,306.50000000003564,0.05000000000001137,246.05255126953125,-361.49078369140625,-418.04052734375,0.0
7897,306.55000000003565,0.05000000000001137,246.36802368164064,-361.3970031738281,-416.042724609375,0.0
7898,306.55000000003565,0.05000000000001137,246.36802368164064,-361.30322265625,-414.044921875,0.0
7899,306.60000000003566,0.05000000000001137,246.68275451660156,-361.20941162109375,-412.047119140625,0.0
7900,306.60000000003566,0.05000000000001137,246.68275451660156,-361.1156311035156,-410.0493469238281,0.0
7901,306.6500000000357,0.05000000000001137,246.99671630859376,-361.0218505859375,-408.0515441894531,0.0
7902,306.6500000000357,0.05000000000001137,246.99671630859376,-360.9280700683594,-406.0537414550781,0.0
7903,306.7000000000357,0.05000000000001137,247.30996398925782,-360.8342590332031,-404.0559387207031,0.0
7904,306.7500000000357,0.05000000000001137,247.62247009277345,-360.740478515625,-402.0581359863281,0.0
7905,306.7500000000357,0.05000000000001137,247.62247009277345,-360.6466979980469,-400.06036376953125,0.0
7906,306.8000000000357,0.05000000000001137,247.93423461914062,-360.55291748046875,-398.06256103515625,0.0
7907,306.8000000000357,0.05000000000001137,247.93423461914062,-360.4591064453125,-396.06475830078125,0.0
7908,306.8500000000357,0.05000000000001137,248.2411651611328,-360.3653259277344,-394.06695556640625,0.0
7909,306.8500000000357,0.05000000000001137,248.2411651611328,-360.27154541015625,-392.06915283203125,0.0
7910,306.90000000003573,0.05000000000001137,248.53851013183595,-360.1777648925781,-390.07135009765625,0.0
7911,306.95000000003574,0.05000000000001137,248.82654418945313,-360.0839538574219,-388.07354736328125,0.0
7912,306.95000000003574,0.05000000000001137,248.82654418945313,-359.99017333984375,-386.07574462890625,0.0
7913,307.00000000003575,0.05000000000001137,249.1055145263672,-359.8963928222656,-384.07794189453125,0.0
7914,307.00000000003575,0.05000000000001137,249.1055145263672,-359.8026123046875,-382.08013916015625,0.0
7915,307.05000000003577,0.05000000000001137,249.37569580078124,-359.7088317871094,-380.08233642578125,0.0
7916,307.1000000000358,0.05000000000001137,249.63736267089845,-359.6150207519531,-378.08453369140625,0.0
7917,307.1000000000358,0.05000000000001137,249.63736267089845,-359.521240234375,-376.08673095703125,0.0
7918,307.1500000000358,0.05000000000001137,249.8907897949219,-359.4274597167969,-374.0889587402344,0.0
7919,307.1500000000358,0.05000000000001137,249.8907897949219,-359.33367919921875,-372.0911560058594,0.0
7920,307.2000000000358,0.05000000000001137,250.13622436523437,-359.2398681640625,-370.0933532714844,0.0
7921,307.2000000000358,0.05000000000001137,250.13622436523437,-359.1460876464844,-368.0955505371094,0.0
7922,307.2500000000358,0.05000000000001137,250.37388610839844,-359.05230712890625,-366.0977478027344,0.0
7923,307.3000000000358,0.05000000000001137,250.6040771484375,-358.9585266113281,-364.0999450683594,0.0
7924,307.3000000000358,0.05000000000001137,250.6040771484375,-358.8647155761719,-362.1021423339844,0.0
7925,307.35000000003583,0.05000000000001137,250.82698974609374,-358.77093505859375,-360.1043395996094,0.0
7926,307.35000000003583,0.05000000000001137,250.82698974609374,-358.6771545410156,-358.1065368652344,0.0
7927,307.40000000003585,0.05000000000001137,251.04287109375,-358.5833740234375,-356.1087341308594,0.0
7928,307.40000000003585,0.05000000000001137,251.04287109375,-358.48956298828125,-354.1109619140625,0.0
7929,307.45000000003586,0.05000000000001137,251.25191345214844,-358.3957824707031,-352.1131591796875,0.0
7930,307.50000000003587,0.05000000000001137,251.4543640136719,-358.302001953125,-350.1153564453125,0.0
7931,307.50000000003587,0.05000000000001137,251.4543640136719,-358.2082214355469,-348.1175537109375,0.0
7932,307.5500000000359,0.05000000000001137,251.6504150390625,-358.11444091796875,-346.1197509765625,0.0
7933,307.5500000000359,0.05000000000001137,251.6504150390625,-358.0206298828125,-344.1219482421875,0.0
7934,307.6000000000359,0.05000000000001137,251.8402313232422,-357.9268493652344,-342.1241455078125,0.0
7935,307.6000000000359,0.05000000000001137,251.8402313232422,-357.83306884765625,-340.1263427734375,0.0
7936,307.6500000000359,0.05000000000001137,252.02403259277344,-357.7392883300781,-338.1285400390625,0.0
7937,307.7000000000359,0.05000000000001137,252.20203857421876,-357.6454772949219,-336.1307373046875,0.0
7938,307.7000000000359,0.05000000000001137,252.20203857421876,-357.55169677734375,-334.1329650878906,0.0
7939,307.7500000000359,0.05000000000001137,252.37433166503908,-357.4579162597656,-332.1351623535156,0.0
7940,307.7500000000359,0.05000000000001137,252.37433166503908,-357.3641357421875,-330.1373596191406,0.0
7941,307.80000000003594,0.05000000000001137,252.54124145507814,-357.27032470703125,-328.1395568847656,0.0
7942,307.80000000003594,0.05000000000001137,252.54124145507814,-357.1765441894531,-326.1417541503906,0.0
7943,307.85000000003595,0.05000000000001137,252.70279541015626,-357.082763671875,-324.1439514160156,0.0
7944,307.90000000003596,0.05000000000001137,252.85926818847656,-356.9889831542969,-322.1461486816406,0.0
7945,307.90000000003596,0.05000000000001137,252.85926818847656,-356.89520263671875,-320.1483459472656,0.0
7946,307.95000000003597,0.05000000000001137,253.0107421875,-356.8013916015625,-318.1505432128906,0.0
7947,307.95000000003597,0.05000000000001137,253.0107421875,-356.7076110839844,-316.1527404785156,0.0
7948,308.000000000036,0.05000000000001137,253.15743713378907,-356.61383056640625,-314.15496826171875,0.0
7949,308.000000000036,0.05000000000001137,253.15743713378907,-356.5200500488281,-312.15716552734375,0.0
7950,308.050000000036,0.05000000000001137,253.2994354248047,-356.4262390136719,-310.15936279296875,0.0
7951,308.100000000036,0.05000000000001137,253.43690185546876,-356.33245849609375,-308.16156005859375,0.0
7952,308.100000000036,0.05000000000001137,253.43690185546876,-356.2386779785156,-306.16375732421875,0.0
7953,308.150000000036,0.05000000000001137,253.57005615234377,-356.1448974609375,-304.16595458984375,0.0
7954,308.150000000036,0.05000000000001137,253.57005615234377,-356.05108642578125,-302.16815185546875,0.0
7955,308.200000000036,0.05000000000001137,253.6988983154297,-355.9573059082031,-300.17034912109375,0.0
7956,308.200000000036,0.05000000000001137,253.6988983154297,-355.863525390625,-298.17254638671875,0.0
7957,308.25000000003604,0.05000000000001137,253.82359313964844,-355.7697448730469,-296.17474365234375,0.0
7958,308.30000000003605,0.05000000000001137,253.9443328857422,-355.67596435546875,-294.17694091796875,0.0
7959,308.30000000003605,0.05000000000001137,253.9443328857422,-355.5821533203125,-292.1791687011719,0.0
7960,308.35000000003606,0.05000000000001137,254.0611999511719,-355.4883728027344,-290.1813659667969,0.0
7961,308.35000000003606,0.05000000000001137,254.0611999511719,-355.39459228515625,-288.1835632324219,0.0
7962,308.4000000000361,0.05000000000001137,254.17424926757812,-355.3008117675781,-286.1857604980469,0.0
7963,308.4000000000361,0.05000000000001137,254.17424926757812,-355.2070007324219,-284.1879577636719,0.0
7964,308.4500000000361,0.05000000000001137,254.28372802734376,-355.11322021484375,-282.1901550292969,0.0
7965,308.4500000000361,0.05000000000001137,254.28372802734376,-355.0194396972656,-280.1923522949219,0.0
7966,308.5000000000361,0.05000000000001137,254.38960876464844,-354.9256591796875,-278.1945495605469,0.0
7967,308.5500000000361,0.05000000000001137,254.4921112060547,-354.83184814453125,-276.1967468261719,0.0
7968,308.5500000000361,0.05000000000001137,254.4921112060547,-354.7380676269531,-274.1989440917969,0.0
7969,308.6000000000361,0.05000000000001137,254.59123535156252,-354.644287109375,-272.201171875,0.0
7970,308.6000000000361,0.05000000000001137,254.59123535156252,-354.5505065917969,-270.203369140625,0.0
7971,308.65000000003613,0.05000000000001137,254.6872283935547,-354.45672607421875,-268.20556640625,0.0
7972,308.65000000003613,0.05000000000001137,254.6872283935547,-354.3629150390625,-266.207763671875,0.0
7973,308.70000000003614,0.05000000000001137,254.78003540039063,-354.2691345214844,-264.2099609375,0.0
7974,308.75000000003615,0.05000000000001137,254.8698486328125,-354.17535400390625,-262.212158203125,0.0
7975,308.75000000003615,0.05000000000001137,254.8698486328125,-354.0815734863281,-260.21435546875,0.0
7976,308.80000000003616,0.05000000000001137,254.95672302246095,-353.9877624511719,-258.216552734375,0.0
7977,308.80000000003616,0.05000000000001137,254.95672302246095,-353.89398193359375,-256.21875,0.0
7978,308.8500000000362,0.05000000000001137,255.04085083007814,-353.8002014160156,-254.220947265625,0.0
7979,308.9000000000362,0.05000000000001137,255.12212219238282,-353.7064208984375,-252.22317504882812,0.0
7980,308.9000000000362,0.05000000000001137,255.12212219238282,-353.61260986328125,-250.22537231445312,0.0
7981,308.9500000000362,0.05000000000001137,255.20083923339845,-353.5188293457031,-248.22756958007812,0.0
7982,309.0000000000362,0.05000000000001137,255.2769744873047,-353.4251708984375,-246.229736328125,0.0
7983,309.0000000000362,0.05000000000001137,255.2769744873047,-353.3365478515625,-244.23170471191406,0.0
7984,309.0000000000362,0.05000000000001137,255.2769744873047,-353.25592041015625,-242.23333740234375,0.0
7985,309.0500000000362,0.05000000000001137,255.3506103515625,-353.18328857421875,-240.23464965820312,0.0
7986,309.0500000000362,0.05000000000001137,255.3506103515625,-353.1163024902344,-238.23577880859375,0.0
7987,309.10000000003623,0.05000000000001137,255.42193908691408,-353.0495910644531,-236.2368927001953,0.0
7988,309.10000000003623,0.05000000000001137,255.42193908691408,-352.9828796386719,-234.23800659179688,0.0
7989,309.15000000003624,0.05000000000001137,255.49085083007813,-352.9161682128906,-232.23912048339844,0.0
7990,309.20000000003625,0.05000000000001137,255.55762023925783,-352.8494567871094,-230.240234375,0.0
7991,309.20000000003625,0.05000000000001137,255.55762023925783,-352.7827453613281,-228.24134826660156,0.0
7992,309.25000000003627,0.05000000000001137,255.6221923828125,-352.7160339355469,-226.24246215820312,0.0
7993,309.25000000003627,0.05000000000001137,255.6221923828125,-352.6493225097656,-224.2435760498047,0.0
7994,309.3000000000363,0.05000000000001137,255.68467712402344,-352.5826110839844,-222.24468994140625,0.0
7995,309.3000000000363,0.05000000000001137,255.68467712402344,-352.515869140625,-220.2458038330078,0.0
7996,309.3500000000363,0.05000000000001137,255.74518432617188,-352.44915771484375,-218.24691772460938,0.0
7997,309.3500000000363,0.05000000000001137,255.74518432617188,-352.3824462890625,-216.24803161621094,0.0
7998,309.4000000000363,0.05000000000001137,255.80376892089845,-352.31573486328125,-214.2491455078125,0.0
7999,309.4500000000363,0.05000000000001137,255.86043090820314,-352.2490234375,-212.250244140625,0.0
8000,309.4500000000363,0.05000000000001137,255.86043090820314,-352.18231201171875,-210.25137329101562,0.0
8001,309.5000000000363,0.05000000000001137,255.9153076171875,-352.1156005859375,-208.25247192382812,0.0
8002,309.5000000000363,0.05000000000001137,255.9153076171875,-352.04888916015625,-206.25360107421875,0.0
8003,309.55000000003633,0.05000000000001137,255.96839904785156,-351.982177734375,-204.25469970703125,0.0
8004,309.55000000003633,0.05000000000001137,255.96839904785156,-351.9154357910156,-202.2558135986328,0.0
8005,309.60000000003635,0.05000000000001137,256.0198150634766,-351.8487243652344,-200.25692749023438,0.0
8006,309.65000000003636,0.05000000000001137,256.0695831298828,-351.7820129394531,-198.25804138183594,0.0
8007,309.65000000003636,0.05000000000001137,256.0695831298828,-351.7153015136719,-196.2591552734375,0.0
8008,309.70000000003637,0.05000000000001137,256.1178405761719,-351.6485900878906,-194.26026916503906,0.0
8009,309.70000000003637,0.05000000000001137,256.1178405761719,-351.5818786621094,-192.26138305664062,0.0
8010,309.7500000000364,0.05000000000001137,256.1645874023438,-351.5151672363281,-190.2624969482422,0.0
8011,309.7500000000364,0.05000000000001137,256.1645874023438,-351.4484558105469,-188.26361083984375,0.0
8012,309.8000000000364,0.05000000000001137,256.2097412109375,-351.3817443847656,-186.2647247314453,0.0
8013,309.8500000000364,0.05000000000001137,256.25352172851564,-351.31500244140625,-184.26583862304688,0.0
8014,309.8500000000364,0.05000000000001137,256.25352172851564,-351.248291015625,-182.26695251464844,0.0
8015,309.9000000000364,0.05000000000001137,256.29595642089845,-351.18157958984375,-180.26806640625,0.0
8016,309.9000000000364,0.05000000000001137,256.29595642089845,-351.1148681640625,-178.2691650390625,0.0
8017,309.9500000000364,0.05000000000001137,256.3371551513672,-351.04815673828125,-176.27029418945312,0.0
8018,309.9500000000364,0.05000000000001137,256.3371551513672,-350.9814453125,-174.27139282226562,0.0
8019,310.00000000003644,0.05000000000001137,256.3768981933594,-350.91473388671875,-172.27252197265625,0.0
8020,310.00000000003644,0.05000000000001137,256.3768981933594,-350.8480224609375,-170.27362060546875,0.0
8021,310.05000000003645,0.05000000000001137,256.4154876708985,-350.78131103515625,-168.27474975585938,0.0
8022,310.10000000003646,0.05000000000001137,256.4529235839844,-350.7145690917969,-166.27584838867188,0.0
8023,310.15000000003647,0.05000000000001137,256.4892059326172,-350.6478576660156,-164.27696228027344,0.0
8024,310.15000000003647,0.05000000000001137,256.4892059326172,-350.5811462402344,-162.278076171875,0.0
8025,310.2000000000365,0.05000000000001137,256.52447204589845,-350.5144348144531,-160.27919006347656,0.0
8026,310.2000000000365,0.05000000000001137,256.52447204589845,-350.4477233886719,-158.28030395507812,0.0
8027,310.2500000000365,0.05000000000001137,256.5585021972656,-350.3810119628906,-156.2814178466797,0.0
8028,310.2500000000365,0.05000000000001137,256.5585021972656,-350.3143005371094,-154.28253173828125,0.0
8029,310.3000000000365,0.05000000000001137,256.59157104492186,-350.2475891113281,-152.2836456298828,0.0
8030,310.3500000000365,0.05000000000001137,256.6236511230469,-350.1808776855469,-150.28475952148438,0.0
8031,310.3500000000365,0.05000000000001137,256.6236511230469,-350.1141357421875,-148.28585815429688,0.0
8032,310.4000000000365,0.05000000000001137,256.65479736328126,-350.04742431640625,-146.2869873046875,0.0
8033,310.4000000000365,0.05000000000001137,256.65479736328126,-349.980712890625,-144.2880859375,0.0
8034,310.45000000003654,0.05000000000001137,256.685009765625,-349.91400146484375,-142.28921508789062,0.0
8035,310.45000000003654,0.05000000000001137,256.685009765625,-349.8472900390625,-140.29031372070312,0.0
8036,310.50000000003655,0.05000000000001137,256.7143981933594,-349.78057861328125,-138.29144287109375,0.0
8037,310.55000000003656,0.05000000000001137,256.74268798828126,-349.7138671875,-136.29254150390625,0.0
8038,310.55000000003656,0.05000000000001137,256.74268798828126,-349.64715576171875,-134.29367065429688,0.0
8039,310.6000000000366,0.05000000000001137,256.7701812744141,-349.5804443359375,-132.29476928710938,0.0
8040,310.6000000000366,0.05000000000001137,256.7701812744141,-349.5137023925781,-130.29588317871094,0.0
8041,310.6500000000366,0.05000000000001137,256.7968231201172,-349.4469909667969,-128.2969970703125,0.0
8042,310.6500000000366,0.05000000000001137,256.7968231201172,-349.3802795410156,-126.29811096191406,0.0
8043,310.7000000000366,0.05000000000001137,256.8227233886719,-349.3135681152344,-124.29922485351562,0.0
8044,310.7000000000366,0.05000000000001137,256.8227233886719,-349.2468566894531,-122.30033874511719,0.0
8045,310.7500000000366,0.05000000000001137,256.8477996826172,-349.1801452636719,-120.30145263671875,0.0
8046,310.8000000000366,0.05000000000001137,256.8721069335938,-349.1134338378906,-118.30256652832031,0.0
8047,310.8000000000366,0.05000000000001137,256.8721069335938,-349.0467224121094,-116.30368041992188,0.0
8048,310.85000000003663,0.05000000000001137,256.8956726074219,-348.9800109863281,-114.30479431152344,0.0
8049,310.85000000003663,0.05000000000001137,256.8956726074219,-348.91326904296875,-112.30590057373047,0.0
8050,310.90000000003664,0.05000000000001137,256.91846923828126,-348.8465576171875,-110.30702209472656,0.0
8051,310.90000000003664,0.05000000000001137,256.91846923828126,-348.77984619140625,-108.30813598632812,0.0
8052,310.95000000003665,0.05000000000001137,256.94044189453126,-348.713134765625,-106.30924987792969,0.0
8053,311.00000000003666,0.05000000000001137,256.96172790527345,-348.64642333984375,-104.31036376953125,0.0
8054,311.00000000003666,0.05000000000001137,256.96172790527345,-348.5797119140625,-102.31146240234375,0.0
8055,311.0500000000367,0.05000000000001137,256.9823822021485,-348.51300048828125,-100.31257629394531,0.0
8056,311.0500000000367,0.05000000000001137,256.9823822021485,-348.4462890625,-98.31369018554688,0.0
8057,311.1000000000367,0.05000000000001137,257.00237731933595,-348.37957763671875,-96.31480407714844,0.0
8058,311.1000000000367,0.05000000000001137,257.00237731933595,-348.3128356933594,-94.31591796875,0.0
8059,311.1500000000367,0.05000000000001137,257.0217681884766,-348.2461242675781,-92.31703186035156,0.0
8060,311.1500000000367,0.05000000000001137,257.0217681884766,-348.1794128417969,-90.31814575195312,0.0
8061,311.2000000000367,0.05000000000001137,257.04058227539065,-348.1127014160156,-88.31925964355469,0.0
8062,311.2500000000367,0.05000000000001137,257.0587646484375,-348.0459899902344,-86.32037353515625,0.0
8063,311.2500000000367,0.05000000000001137,257.0587646484375,-347.9792785644531,-84.32148742675781,0.0
8064,311.30000000003673,0.05000000000001137,257.07639770507814,-347.9125671386719,-82.32260131835938,0.0
8065,311.30000000003673,0.05000000000001137,257.07639770507814,-347.8458557128906,-80.32371520996094,0.0
8066,311.35000000003674,0.05000000000001137,257.0934539794922,-347.7791442871094,-78.3248291015625,0.0
8067,311.35000000003674,0.05000000000001137,257.0934539794922,-347.71240234375,-76.32594299316406,0.0
8068,311.40000000003675,0.05000000000001137,257.1099060058594,-347.64569091796875,-74.32705688476562,0.0
8069,311.40000000003675,0.05000000000001137,257.1099060058594,-347.5789794921875,-72.32817077636719,0.0
8070,311.45000000003677,0.05000000000001137,257.12567138671875,-347.51226806640625,-70.32928466796875,0.0
8071,311.5000000000368,0.05000000000001137,257.06381835937503,-347.445556640625,-68.33038330078125,0.0
8072,311.5000000000368,0.05000000000001137,257.06381835937503,-347.37884521484375,-66.33149719238281,0.0
8073,311.5500000000368,0.05000000000001137,257.0677185058594,-347.3121337890625,-64.33261108398438,0.0
8074,311.5500000000368,0.05000000000001137,257.0677185058594,-347.24542236328125,-62.33372497558594,0.0
8075,311.6000000000368,0.05000000000001137,257.0787322998047,-347.1787109375,-60.3348388671875,0.0
8076,311.6000000000368,0.05000000000001137,257.0787322998047,-347.1119689941406,-58.33595275878906,0.0
8077,311.6000000000368,0.05000000000001137,257.0787322998047,-347.0452575683594,-56.337066650390625,0.0
8078,311.6500000000368,0.05000000000001137,257.0851593017578,-346.9785461425781,-54.33818054199219,0.0
8079,311.7000000000368,0.05000000000001137,257.0882080078125,-346.9118347167969,-52.33929443359375,0.0
8080,311.7000000000368,0.05000000000001137,257.0882080078125,-346.8451232910156,-50.34040832519531,0.0
8081,311.75000000003683,0.05000000000001137,257.0900482177735,-346.7784118652344,-48.341522216796875,0.0
8082,311.75000000003683,0.05000000000001137,257.0900482177735,-346.7117004394531,-46.34263610839844,0.0
8083,311.80000000003685,0.05000000000001137,257.0930969238281,-346.6449890136719,-44.34375,0.0
8084,311.80000000003685,0.05000000000001137,257.0930969238281,-346.5782470703125,-42.34486389160156,0.0
8085,311.85000000003686,0.05000000000001137,257.0985900878906,-346.51153564453125,-40.345977783203125,0.0
8086,311.85000000003686,0.05000000000001137,257.0985900878906,-346.44482421875,-38.34709167480469,0.0
8087,311.90000000003687,0.05000000000001137,257.1072692871094,-346.37811279296875,-36.34820556640625,0.0
8088,311.9500000000369,0.05000000000001137,257.11927185058596,-346.3114013671875,-34.34931945800781,0.0
8089,311.9500000000369,0.05000000000001137,257.11927185058596,-346.24468994140625,-32.35041809082031,0.0
8090,312.0000000000369,0.05000000000001137,257.1334442138672,-346.177978515625,-30.351531982421875,0.0
8091,312.0000000000369,0.05000000000001137,257.1334442138672,-346.11126708984375,-28.352645874023438,0.0
8092,312.0500000000369,0.05000000000001137,257.148275756836,-346.0445556640625,-26.353759765625,0.0
8093,312.0500000000369,0.05000000000001137,257.148275756836,-345.9778137207031,-24.354873657226562,0.0
8094,312.1000000000369,0.05000000000001137,257.1616241455078,-345.9111022949219,-22.355987548828125,0.0
8095,312.1000000000369,0.05000000000001137,257.1616241455078,-345.8443908691406,-20.357101440429688,0.0
8096,312.1500000000369,0.05000000000001137,257.17225341796876,-345.7776794433594,-18.35821533203125,0.0
8097,312.20000000003694,0.05000000000001137,257.17944946289066,-345.7109680175781,-16.359329223632812,0.0
8098,312.20000000003694,0.05000000000001137,257.17944946289066,-345.6442565917969,-14.360443115234375,0.0
8099,312.25000000003695,0.05000000000001137,257.1836242675781,-345.5775451660156,-12.361557006835938,0.0
8100,312.25000000003695,0.05000000000001137,257.1836242675781,-345.5108337402344,-10.3626708984375,0.0
8101,312.30000000003696,0.05000000000001137,257.1853271484375,-345.4441223144531,-8.363784790039062,0.0
8102,312.30000000003696,0.05000000000001137,257.1853271484375,-345.37738037109375,-6.364898681640625,0.0
8103,312.35000000003697,0.05000000000001137,257.1854919433594,-345.3106689453125,-4.3660125732421875,0.0
8104,312.400000000037,0.05000000000001137,257.1852172851563,-345.24395751953125,-2.36712646484375,0.0
8105,312.400000000037,0.05000000000001137,257.1852172851563,-345.17724609375,-0.3682403564453125,0.0
8106,312.450000000037,0.05000000000001137,257.1855743408203,-345.11053466796875,1.630645751953125,0.0
8107,312.450000000037,0.05000000000001137,257.1855743408203,-345.0438232421875,3.629547119140625,0.0
8108,312.500000000037,0.05000000000001137,257.1873321533203,-344.97711181640625,5.6284332275390625,0.0
8109,312.500000000037,0.05000000000001137,257.1873321533203,-344.910400390625,7.6273193359375,0.0
8110,312.550000000037,0.05000000000001137,257.1911224365235,-344.84368896484375,9.626205444335938,0.0
8111,312.600000000037,0.05000000000001137,257.19724731445314,-344.7769470214844,11.625091552734375,0.0
8112,312.65000000003704,0.05000000000001137,257.2057342529297,-344.7102355957031,13.623977661132812,0.0
8113,312.65000000003704,0.05000000000001137,257.2057342529297,-344.6435241699219,15.62286376953125,0.0
8114,312.70000000003705,0.05000000000001137,257.2158966064453,-344.5768127441406,17.621749877929688,0.0
8115,312.70000000003705,0.05000000000001137,257.2158966064453,-344.5101013183594,19.620651245117188,0.0
8116,312.75000000003706,0.05000000000001137,257.22734985351565,-344.4433898925781,21.619522094726562,0.0
8117,312.75000000003706,0.05000000000001137,257.22734985351565,-344.3766784667969,23.618423461914062,0.0
8118,312.8000000000371,0.05000000000001137,257.2393249511719,-344.3099670410156,25.617294311523438,0.0
8119,312.8500000000371,0.05000000000001137,257.2511352539063,-344.2432556152344,27.616195678710938,0.0
8120,312.8500000000371,0.05000000000001137,257.2511352539063,-344.176513671875,29.615066528320312,0.0
8121,312.9000000000371,0.05000000000001137,257.26214904785155,-344.10980224609375,31.613967895507812,0.0
8122,312.9000000000371,0.05000000000001137,257.26214904785155,-344.0430908203125,33.61283874511719,0.0
8123,312.9500000000371,0.05000000000001137,257.2721740722656,-343.97637939453125,35.61174011230469,0.0
8124,312.9500000000371,0.05000000000001137,257.2721740722656,-343.90966796875,37.61061096191406,0.0
8125,313.0000000000371,0.05000000000001137,257.2812103271485,-343.84295654296875,39.60951232910156,0.0
8126,313.0000000000371,0.05000000000001137,257.2812103271485,-343.7762451171875,41.60838317871094,0.0
8127,313.05000000003713,0.05000000000001137,257.2895050048828,-343.70953369140625,43.60728454589844,0.0
8128,313.10000000003714,0.05000000000001137,257.2973327636719,-343.642822265625,45.60615539550781,0.0
8129,313.10000000003714,0.05000000000001137,257.2973327636719,-343.5760803222656,47.60505676269531,0.0
8130,313.15000000003715,0.05000000000001137,257.30494079589846,-343.5093688964844,49.60392761230469,0.0
8131,313.15000000003715,0.05000000000001137,257.30494079589846,-343.4426574707031,51.60282897949219,0.0
8132,313.20000000003716,0.05000000000001137,257.31263122558596,-343.3759460449219,53.60169982910156,0.0
8133,313.20000000003716,0.05000000000001137,257.31263122558596,-343.3092346191406,55.60060119628906,0.0
8134,313.2500000000372,0.05000000000001137,257.320458984375,-343.2425231933594,57.59950256347656,0.0
8135,313.2500000000372,0.05000000000001137,257.320458984375,-343.1758117675781,59.59837341308594,0.0
8136,313.3000000000372,0.05000000000001137,257.3285614013672,-343.1091003417969,61.59727478027344,0.0
8137,313.3500000000372,0.05000000000001137,257.3368835449219,-343.0423889160156,63.59614562988281,0.0
8138,313.3500000000372,0.05000000000001137,257.3368835449219,-342.97564697265625,65.59504699707031,0.0
8139,313.3500000000372,0.05000000000001137,257.3368835449219,-342.908935546875,67.59391784667969,0.0
8140,313.4000000000372,0.05000000000001137,257.34515075683595,-342.84222412109375,69.59281921386719,0.0
8141,313.4000000000372,0.05000000000001137,257.34515075683595,-342.7755126953125,71.59169006347656,0.0
8142,313.4500000000372,0.05000000000001137,257.3533905029297,-342.70880126953125,73.59059143066406,0.0
8143,313.4500000000372,0.05000000000001137,257.3533905029297,-342.64208984375,75.58946228027344,0.0
8144,313.50000000003723,0.05000000000001137,257.361410522461,-342.57537841796875,77.58836364746094,0.0
8145,313.55000000003724,0.05000000000001137,257.36915588378906,-342.5086669921875,79.58723449707031,0.0
8146,313.55000000003724,0.05000000000001137,257.36915588378906,-342.44195556640625,81.58613586425781,0.0
8147,313.60000000003726,0.05000000000001137,257.3764343261719,-342.3752136230469,83.58500671386719,0.0
8148,313.60000000003726,0.05000000000001137,257.3764343261719,-342.3085021972656,85.58390808105469,0.0
8149,313.65000000003727,0.05000000000001137,257.3832733154297,-342.2417907714844,87.58277893066406,0.0
8150,313.7000000000373,0.05000000000001137,257.38975524902344,-342.1750793457031,89.58168029785156,0.0
8151,313.7000000000373,0.05000000000001137,257.38975524902344,-342.1083679199219,91.58058166503906,0.0
8152,313.7500000000373,0.05000000000001137,257.3957977294922,-342.0416564941406,93.57945251464844,0.0
8153,313.7500000000373,0.05000000000001137,257.3957977294922,-341.9749450683594,95.57835388183594,0.0
8154,313.8000000000373,0.05000000000001137,257.4017303466797,-341.9082336425781,97.57722473144531,0.0
8155,313.8500000000373,0.05000000000001137,257.407470703125,-341.8415222167969,99.57612609863281,0.0
8156,313.8500000000373,0.05000000000001137,257.407470703125,-341.7747802734375,101.57499694824219,0.0
8157,313.9000000000373,0.05000000000001137,257.4131286621094,-341.70806884765625,103.57389831542969,0.0
8158,313.9000000000373,0.05000000000001137,257.4131286621094,-341.641357421875,105.57276916503906,0.0
8159,313.95000000003733,0.05000000000001137,257.4187866210938,-341.57464599609375,107.57167053222656,0.0
8160,313.95000000003733,0.05000000000001137,257.4187866210938,-341.5079345703125,109.57054138183594,0.0
8161,314.00000000003735,0.05000000000001137,257.4243896484375,-341.44122314453125,111.56944274902344,0.0
8162,314.05000000003736,0.05000000000001137,257.4299652099609,-341.37451171875,113.56831359863281,0.0
8163,314.05000000003736,0.05000000000001137,257.4299652099609,-341.30780029296875,115.56721496582031,0.0
8164,314.10000000003737,0.05000000000001137,257.4355407714844,-341.2410888671875,117.56608581542969,0.0
8165,314.10000000003737,0.05000000000001137,257.4355407714844,-341.1743469238281,119.56498718261719,0.0
8166,314.1500000000374,0.05000000000001137,257.4410614013672,-341.1076354980469,121.56385803222656,0.0
8167,314.1500000000374,0.05000000000001137,257.4410614013672,-341.0409240722656,123.56275939941406,0.0
8168,314.2000000000374,0.05000000000001137,257.44638977050784,-340.9742126464844,125.56166076660156,0.0
8169,314.2000000000374,0.05000000000001137,257.44638977050784,-340.9075012207031,127.56053161621094,0.0
8170,314.2500000000374,0.05000000000001137,257.4516082763672,-340.8407897949219,129.55943298339844,0.0
8171,314.3000000000374,0.05000000000001137,257.4566345214844,-340.7740783691406,131.5583038330078,0.0
8172,314.3000000000374,0.05000000000001137,257.4566345214844,-340.7073669433594,133.5572052001953,0.0
8173,314.3500000000374,0.05000000000001137,257.46144104003906,-340.640625,135.5560760498047,0.0
8174,314.3500000000374,0.05000000000001137,257.46144104003906,-340.57391357421875,137.5549774169922,0.0
8175,314.40000000003744,0.05000000000001137,257.4661102294922,-340.5072021484375,139.55384826660156,0.0
8176,314.40000000003744,0.05000000000001137,257.4661102294922,-340.44049072265625,141.55274963378906,0.0
8177,314.45000000003745,0.05000000000001137,257.47058715820316,-340.373779296875,143.55162048339844,0.0
8178,314.50000000003746,0.05000000000001137,257.47487182617186,-340.30706787109375,145.55052185058594,0.0
8179,314.50000000003746,0.05000000000001137,257.47487182617186,-340.2403564453125,147.5493927001953,0.0
8180,314.55000000003747,0.05000000000001137,257.47910156250003,-340.17364501953125,149.5482940673828,0.0
8181,314.55000000003747,0.05000000000001137,257.47910156250003,-340.10693359375,151.5471649169922,0.0
8182,314.6000000000375,0.05000000000001137,257.4832214355469,-340.0401916503906,153.5460662841797,0.0
8183,314.6000000000375,0.05000000000001137,257.4832214355469,-339.9734802246094,155.54493713378906,0.0
8184,314.6500000000375,0.05000000000001137,257.4871765136719,-339.9067687988281,157.54383850097656,0.0
8185,314.6500000000375,0.05000000000001137,257.4871765136719,-339.8400573730469,159.54270935058594,0.0
8186,314.7000000000375,0.05000000000001137,257.491049194336,-339.7733459472656,161.54161071777344,0.0
8187,314.7500000000375,0.05000000000001137,257.4948394775391,-339.7066345214844,163.54051208496094,0.0
8188,314.7500000000375,0.05000000000001137,257.4948394775391,-339.6399230957031,165.5393829345703,0.0
8189,314.8000000000375,0.05000000000001137,257.4984375,-339.5732116699219,167.5382843017578,0.0
8190,314.8000000000375,0.05000000000001137,257.4984375,-339.5065002441406,169.5371551513672,0.0
8191,314.85000000003754,0.05000000000001137,257.50181579589844,-339.43975830078125,171.5360565185547,0.0
8192,314.85000000003754,0.05000000000001137,257.50181579589844,-339.373046875,173.53492736816406,0.0
8193,314.90000000003755,0.05000000000001137,257.50513916015626,-339.30633544921875,175.53382873535156,0.0
8194,314.90000000003755,0.05000000000001137,257.50513916015626,-339.2396240234375,177.53269958496094,0.0
8195,314.95000000003756,0.05000000000001137,257.5082702636719,-339.17291259765625,179.53160095214844,0.0
8196,315.0000000000376,0.05000000000001137,257.421533203125,-339.106201171875,181.5304718017578,0.0
8197,315.0000000000376,0.05000000000001137,257.421533203125,-339.03948974609375,183.5293731689453,0.0
8198,315.0500000000376,0.05000000000001137,256.8797149658203,-338.9727783203125,185.5282440185547,0.0
8199,315.0500000000376,0.05000000000001137,256.8797149658203,-338.90606689453125,187.5271453857422,0.0
8200,315.1000000000376,0.05000000000001137,255.6432312011719,-338.8393249511719,189.52601623535156,0.0
8201,315.1000000000376,0.05000000000001137,255.6432312011719,-338.7726135253906,191.52491760253906,0.0
8202,315.1500000000376,0.05000000000001137,253.79837951660156,-338.7059020996094,193.52378845214844,0.0
8203,315.1500000000376,0.05000000000001137,253.79837951660156,-338.6391906738281,195.52268981933594,0.0
8204,315.2000000000376,0.05000000000001137,251.5445343017578,-338.5724792480469,197.52159118652344,0.0
8205,315.25000000003763,0.05000000000001137,248.99416809082032,-338.5057678222656,199.5204620361328,0.0
8206,315.25000000003763,0.05000000000001137,248.99416809082032,-338.4390563964844,201.5193634033203,0.0
8207,315.30000000003764,0.05000000000001137,246.21910400390627,-338.3723449707031,203.5182342529297,0.0
8208,315.30000000003764,0.05000000000001137,246.21910400390627,-338.3056335449219,205.5171356201172,0.0
8209,315.35000000003765,0.05000000000001137,243.27193908691407,-338.2388916015625,207.51600646972656,0.0
8210,315.40000000003766,0.05000000000001137,240.19192199707032,-338.17218017578125,209.51490783691406,0.0
8211,315.40000000003766,0.05000000000001137,240.19192199707032,-338.10546875,211.51377868652344,0.0
8212,315.4500000000377,0.05000000000001137,237.0087432861328,-338.03875732421875,213.51268005371094,0.0
8213,315.4500000000377,0.05000000000001137,237.0087432861328,-337.9720458984375,215.5115509033203,0.0
8214,315.5000000000377,0.05000000000001137,233.74525451660156,-337.90533447265625,217.5104522705078,0.0
8215,315.5500000000377,0.05000000000001137,230.41928100585938,-337.838623046875,219.5093231201172,0.0
8216,315.5500000000377,0.05000000000001137,230.41928100585938,-337.77191162109375,221.5082244873047,0.0
8217,315.6000000000377,0.05000000000001137,227.04476165771484,-337.7052001953125,223.50709533691406,0.0
8218,315.6000000000377,0.05000000000001137,227.04476165771484,-337.6384582519531,225.50599670410156,0.0
8219,315.6500000000377,0.05000000000001137,223.6365692138672,-337.5717468261719,227.50486755371094,0.0
8220,315.70000000003773,0.05000000000001137,220.21898345947267,-337.5050354003906,229.50376892089844,0.0
8221,315.70000000003773,0.05000000000001137,220.21898345947267,-337.4383239746094,231.50267028808594,0.0
8222,315.75000000003774,0.05000000000001137,216.81808319091797,-337.3716125488281,233.5015411376953,0.0
8223,315.80000000003776,0.05000000000001137,213.45667877197266,-337.3049011230469,235.5004425048828,0.0
8224,315.80000000003776,0.05000000000001137,213.45667877197266,-337.2381896972656,237.4993133544922,0.0
8225,315.85000000003777,0.05000000000001137,210.14807739257813,-337.1714782714844,239.4982147216797,0.0
8226,315.85000000003777,0.05000000000001137,210.14807739257813,-337.1047668457031,241.49708557128906,0.0
8227,315.9000000000378,0.05000000000001137,206.89771728515626,-337.03802490234375,243.49598693847656,0.0
8228,315.9500000000378,0.05000000000001137,203.77864379882814,-336.9713134765625,245.49485778808594,0.0
8229,315.9500000000378,0.05000000000001137,203.77864379882814,-336.90460205078125,247.49375915527344,0.0
8230,316.0000000000378,0.05000000000001137,200.95882415771484,-336.837890625,249.4926300048828,0.0
8231,316.0500000000378,0.05000000000001137,198.4216552734375,-336.77117919921875,251.4915313720703,0.0
8232,316.1000000000378,0.05000000000001137,196.04127502441406,-336.7044677734375,253.4904022216797,0.0
8233,316.1000000000378,0.05000000000001137,196.04127502441406,-336.63775634765625,255.4893035888672,0.0
8234,316.15000000003783,0.05000000000001137,193.9099548339844,-336.571044921875,257.4881591796875,0.0
8235,316.20000000003785,0.05000000000001137,192.11348419189454,-336.50433349609375,259.487060546875,0.0
8236,316.25000000003786,0.05000000000001137,190.55401611328125,-336.4375915527344,261.4859619140625,0.0
8237,316.25000000003786,0.05000000000001137,190.55401611328125,-336.3708801269531,263.48486328125,0.0
8238,316.30000000003787,0.05000000000001137,188.87952117919923,-336.3041687011719,265.48370361328125,0.0
8239,316.3500000000379,0.05000000000001137,186.84467468261718,-336.2374572753906,267.48260498046875,0.0
8240,316.4000000000379,0.05000000000001137,184.45410461425783,-336.1707458496094,269.48150634765625,0.0
8241,316.4000000000379,0.05000000000001137,184.45410461425783,-336.1040344238281,271.48040771484375,0.0
8242,316.4500000000379,0.05000000000001137,181.8427505493164,-336.0373229980469,273.479248046875,0.0
8243,316.5000000000379,0.05000000000001137,179.0733169555664,-335.9706115722656,275.4781494140625,0.0
8244,316.5500000000379,0.05000000000001137,176.1902572631836,-335.90386962890625,277.47705078125,0.0
8245,316.60000000003794,0.05000000000001137,173.21440429687502,-335.837158203125,279.4759521484375,0.0
8246,316.60000000003794,0.05000000000001137,173.21440429687502,-335.77044677734375,281.47479248046875,0.0
8247,316.65000000003795,0.05000000000001137,170.1622512817383,-335.7037353515625,283.47369384765625,0.0
8248,316.70000000003796,0.05000000000001137,167.0464599609375,-335.63702392578125,285.47259521484375,0.0
8249,316.75000000003797,0.05000000000001137,163.86804656982423,-335.5699462890625,287.4714660644531,0.0
8250,316.800000000038,0.05000000000001137,160.63607482910157,-335.48626708984375,289.4696960449219,0.0
8251,316.850000000038,0.05000000000001137,157.35390930175782,-335.377685546875,291.46673583984375,0.0
8252,316.900000000038,0.05000000000001137,154.08003845214844,-335.24420166015625,293.4622802734375,0.0
8253,316.950000000038,0.05000000000001137,150.77850952148438,-335.0858154296875,295.4559631347656,0.0
8254,317.000000000038,0.05000000000001137,147.43458709716796,-334.902587890625,297.4475402832031,0.0
8255,317.05000000003804,0.05000000000001137,144.04383544921876,-334.6944580078125,299.4366760253906,0.0
8256,317.10000000003805,0.05000000000001137,140.59764404296877,-334.4615478515625,301.4230651855469,0.0
8257,317.15000000003806,0.05000000000001137,137.08946228027344,-334.203857421875,303.4063720703125,0.0
8258,317.2000000000381,0.05000000000001137,133.51120147705078,-333.92144775390625,305.3863220214844,0.0
8259,317.2500000000381,0.05000000000001137,129.8696044921875,-333.61431884765625,307.3625793457031,0.0
8260,317.3000000000381,0.05000000000001137,126.37519683837891,-333.2825927734375,309.3348693847656,0.0
8261,317.3500000000381,0.05000000000001137,123.00205078125,-332.92626953125,311.3028564453125,0.0
8262,317.45000000003813,0.10000000000002274,117.13058624267579,-332.5453796386719,313.2662353515625,0.0
8263,317.50000000003814,0.05000000000001137,114.58135299682617,-332.1400146484375,315.2247314453125,0.0
8264,317.60000000003816,0.10000000000002274,109.91427154541016,-331.71026611328125,317.177978515625,0.0
8265,317.6500000000382,0.05000000000001137,108.01013488769532,-331.25616455078125,319.125732421875,0.0
8266,317.7500000000382,0.10000000000002274,104.85588455200195,-330.76397705078125,321.0640563964844,0.0
8267,317.8000000000382,0.05000000000001137,103.2766960144043,-330.0990295410156,322.94921875,0.0
8268,317.8500000000382,0.05000000000001137,101.6875717163086,-329.2337341308594,324.7512512207031,0.0
8269,317.90000000003823,0.05000000000001137,100.22737197875976,-328.1782531738281,326.44891357421875,0.0
8270,317.95000000003824,0.05000000000001137,98.75175018310547,-326.9450378417969,328.022216796875,0.0
8271,318.05000000003827,0.10000000000002274,95.94454421997071,-325.548583984375,329.4526062011719,0.0
8272,318.05000000003827,0.10000000000002274,95.94454421997071,-324.00537109375,330.7232360839844,0.0
8273,318.1000000000383,0.05000000000001137,94.65714569091797,-322.3335266113281,331.8191833496094,0.0
8274,318.1500000000383,0.05000000000001137,93.47706298828125,-320.55279541015625,332.7275085449219,0.0
8275,318.2500000000383,0.10000000000002274,91.50347900390625,-318.68414306640625,333.4375305175781,0.0
8276,318.3000000000383,0.05000000000001137,90.76470336914063,-316.74951171875,333.94085693359375,0.0
8277,318.35000000003834,0.05000000000001137,90.17451782226563,-314.7717590332031,334.2315979003906,0.0
8278,318.45000000003836,0.10000000000002274,89.4434326171875,-312.7741394042969,334.30633544921875,0.0
8279,318.50000000003837,0.05000000000001137,89.3274513244629,-310.7801818847656,334.16412353515625,0.0
8280,318.6000000000384,0.10000000000002274,89.72089920043946,-308.80279541015625,333.8643798828125,0.0
8281,318.6500000000384,0.05000000000001137,90.19539871215821,-307.814697265625,333.7107238769531,0.0
8282,318.7000000000384,0.05000000000001137,90.82098083496093,-306.8265686035156,333.55706787109375,0.0
8283,318.7500000000384,0.05000000000001137,91.44247055053711,-305.83843994140625,333.4034423828125,0.0
8284,318.7500000000384,0.05000000000001137,91.44247055053711,-304.8503112792969,333.2497863769531,0.0
8285,318.80000000003844,0.05000000000001137,92.01583328247071,-303.8621826171875,333.09613037109375,0.0
8286,318.90000000003846,0.10000000000002274,92.99696044921875,-301.877197265625,332.8551025390625,0.0
8287,318.9500000000385,0.05000000000001137,93.26013793945313,-299.88006591796875,332.75640869140625,0.0
8288,319.0500000000385,0.10000000000002274,93.45110778808593,-297.8809814453125,332.80072021484375,0.0
8289,319.1500000000385,0.10000000000002274,93.20592041015625,-295.8901672363281,332.98773193359375,0.0
8290,319.20000000003853,0.05000000000001137,93.0473258972168,-293.9178161621094,333.3164978027344,0.0
8291,319.30000000003855,0.10000000000002274,92.36697006225586,-291.9739990234375,333.7853698730469,0.0
8292,319.35000000003856,0.05000000000001137,91.87548980712891,-290.0686340332031,334.3919372558594,0.0
8293,319.4500000000386,0.10000000000002274,90.96080932617188,-288.21148681640625,335.13311767578125,0.0
8294,319.5000000000386,0.05000000000001137,90.41360092163086,-286.41204833984375,336.00506591796875,0.0
8295,319.6000000000386,0.10000000000002274,89.77953872680665,-284.6795349121094,337.0033874511719,0.0
8296,319.65000000003863,0.05000000000001137,89.5425018310547,-283.0273742675781,338.1293029785156,0.0
8297,319.70000000003864,0.05000000000001137,89.44618606567383,-281.5013427734375,339.4205322265625,0.0
8298,319.80000000003866,0.10000000000002274,89.29665527343751,-280.12591552734375,340.87109375,0.0
8299,319.80000000003866,0.10000000000002274,89.29665527343751,-278.9176025390625,342.4635925292969,0.0
8300,319.8500000000387,0.05000000000001137,89.26710891723633,-277.8909912109375,344.1788330078125,0.0
8301,319.9500000000387,0.10000000000002274,89.32035827636719,-277.0583801269531,345.9961853027344,0.0
8302,320.0000000000387,0.05000000000001137,89.43423843383789,-276.4298400878906,347.8937683105469,0.0
8303,320.0500000000387,0.05000000000001137,89.57879791259766,-276.01287841796875,349.84881591796875,0.0
8304,320.10000000003873,0.05000000000001137,89.80763626098633,-275.8125305175781,351.8377380371094,0.0
8305,320.20000000003876,0.10000000000002274,90.28533554077148,-275.83123779296875,353.8366394042969,0.0
8306,320.25000000003877,0.05000000000001137,90.56234893798829,-276.0382080078125,355.8256530761719,0.0
8307,320.3500000000388,0.10000000000002274,91.24054183959962,-276.2694091796875,357.812255859375,0.0
8308,320.4500000000388,0.10000000000002274,92.01259231567383,-276.5009765625,359.7987976074219,0.0
8309,320.55000000003884,0.10000000000002274,92.90706481933594,-276.7503662109375,361.7831726074219,0.0
8310,320.60000000003885,0.05000000000001137,93.37857055664062,-277.02667236328125,363.76397705078125,0.0
8311,320.70000000003887,0.10000000000002274,94.36920776367188,-277.329833984375,365.7408447265625,0.0
8312,320.8000000000389,0.10000000000002274,95.37057037353516,-277.65985107421875,367.7134094238281,0.0
8313,320.8500000000389,0.05000000000001137,95.89710388183595,-278.0165710449219,369.68133544921875,0.0
8314,320.9500000000389,0.10000000000002274,96.92846603393555,-278.39996337890625,371.64422607421875,0.0
8315,321.00000000003894,0.05000000000001137,97.46239471435547,-278.80999755859375,373.6017150878906,0.0
8316,321.10000000003896,0.10000000000002274,98.47019119262696,-279.24658203125,375.553466796875,0.0
8317,321.150000000039,0.05000000000001137,99.01297073364258,-279.7095947265625,377.4991455078125,0.0
8318,321.250000000039,0.10000000000002274,100.08796920776368,-280.198974609375,379.4383239746094,0.0
8319,321.300000000039,0.05000000000001137,100.63129119873047,-280.71466064453125,381.37066650390625,0.0
8320,321.350000000039,0.05000000000001137,101.20273818969727,-281.25653076171875,383.2958679199219,0.0
